--[[
Encrypted by Hackers House
Tool : https://hackershouse.tech/online-lua-obfuscator-free-unlimited
Version: 1.1.0
]]
_G["pDSTXITL"]=function(src)
  local box={__src=src}
  return setmetatable({}, {
    __index=function(_,k) return box.__src[k] end,
    __newindex=function(_,k,v) box.__src[k]=v end
  })
end
_G["sFa4JmS1"]=function(a,b)
  if type(a)~="table" then return nil end
  local mt=getmetatable(a)
  if mt and mt.__index then return a[b] end
  local p=_G["pDSTXITL"](a)
  return p[b]
end
_G["xbh2Zvbm"]={{k=151,b={250,10,13,219,221,255,201,201,230}},{k=97,b={187,203,218,163,153,166,181,165,173,202,163}},{k=198,b={58,39,40,50,43}},{k=29,b={124,146,94,136,144,102,117,112,102,119,100,113,133}},{k=83,b={150,191,133,183,183,159,195,162,166,155,172}},{k=82,b={184,199,192,181,198,187,193,192}},{k=138,b={254,235,236,246,239}},{k=93,b={59,58,181,58,58,58,132,25,36,191,213,213,33,36,24,22,33,213,20,254,35,46,27,234,1,247,247,7,31,28,242,232,235,191,213,213,33,36,24,22,33,213,37,254,248,31,46,250,14,32,242,233,233,191,213,213,30,27,213,221,221,221,20,254,35,46,27,234,1,247,247,7,31,28,223,37,254,248,31,46,250,59,59,72,58,58,58,104,145,159,97,93,96,139,129,154,177,162,117,124,134,134,150,158,163,94,184,129,135,158,177,133,145,159,97,97,109,109,120,97,104,169,154,164,104,96,96,96,96,139,129,154,177,162,59,58,79,58,58,58,116,132,155,145,145,161,185,182,122,191,152,146,185,200,148,168,186,120,121,134,120,124,119,119,174,152,189,200,181,132,155,145,145,161,185,182,121,134,120,122,119,191,152,146,185,200,148,168,186,121,134,120,120,120,140,140,127,120,111,59,59,74,58,58,58,127,158,178,175,184,84,182,185,173,171,182,106,175,184,176,140,144,184,163,181,176,179,97,146,103,94,97,95,84,182,185,173,171,182,106,124,163,148,155,97,156,182,160,130,178,139,184,144,103,90,84,161,178,179,182,175,106,158,156,159,175,106,174,185,84,106,106,179,176,106,59,60,206,77,85,58,136,77,248,96,180,0,248,201,191,96,153,227,38,85,85,170,227,189,46,106,134,77,248,140,46,46,46,46,228,201,76,49,227,68,210,144,86,134,161,248,0,85,228,201,76,49,227,68,210,144,86,134,161,248,0,255,113,140,46,46,46,46,153,96,46,198,228,201,76,49,227,68,210,144,86,134,161,248,0,59,60,230,81,225,58,120,172,215,149,241,126,68,197,140,13,215,36,154,128,206,62,189,200,48,172,215,149,97,97,54,198,82,62,249,200,198,249,200,16,212,48,200,197,131,16,85,215,94,97,169,54,77,198,249,154,59,249,198,249,200,16,212,48,200,197,131,16,85,59,58,80,58,58,58,109,135,152,141,137,136,133,112,181,190,180,90,112,112,181,188,195,181,185,182,112,181,190,182,146,150,190,201,187,182,185,135,152,141,141,133,128,129,112,196,184,181,190,90,112,90,188,191,179,177,188,112,59,58,234,58,58,58,129,43,33,60,60,57,55,68,27,90,79,86,31,78,61,37,10,78,89,10,86,89,77,75,86,10,89,76,58,81,91,87,43,27,85,96,39,68,84,99,44,34,47,62,46,54,83,44,18,73,49,22,18,80,95,88,77,94,83,89,88,18,19,86,89,77,75,86,10,85,39,27,59,59,222,58,58,58,123,209,204,217,2,5,1,255,2,190,0,211,25,208,202,202,194,198,198,198,208,202,205,201,207,207,199,195,207,207,199,201,198,207,209,195,207,209,199,199,194,198,198,208,209,209,201,215,199,195,215,199,194,198,198,208,209,204,200,207,199,201,198,207,206,195,59,60,13,81,225,58,102,116,93,188,188,1,165,165,139,208,116,234,116,231,188,24,116,231,188,1,165,165,165,139,208,139,234,116,139,188,24,116,139,188,234,165,116,231,24,116,231,188,188,1,165,59,58,92,58,58,58,117,132,132,142,145,140,135,143,133,137,143,133,135,132,143,137,143,133,133,136,132,132,142,144,141,134,141,133,135,132,141,149,137,141,149,133,133,136,132,132,142,144,146,134,141,133,135,132,141,148,137,141,148,133,133,136,132,132,132,142,59,59,131,58,58,58,99,180,170,156,178,185,154,158,178,185,154,156,155,178,171,158,178,171,154,154,110,172,105,96,117,163,90,174,155,155,155,178,156,178,171,154,158,178,171,154,156,155,59,60,223,63,7,58,143,217,207,192,217,207,172,172,187,142,201,127,211,10,127,251,10,206,196,251,127,45,16,201,166,236,176,192,246,6,127,236,221,127,45,11,167,167,207,177,212,172,182,167,232,192,232,172,172,127,35,231,216,5,127,45,16,45,182,217,232,237,127,216,5,211,6,127,201,166,236,176,16,30,35,25,236,5,226,197,206,231,196,25,167,45,59,59,115,58,58,58,148,74,83,150,145,151,60,83,133,150,135,134,133,145,83,135,146,149,143,150,81,148,144,145,148,146,135,75,149,74,83,150,145,151,74,75,74,74,75,152,146,142,150,61,171,135,135,131,184,150,135,75,180,143,69,151,151,175,131,176,164,171,154,75,75,66,76,66,67,78,66,67,74,74,79,83,135,133,134,150,74,74,75,74,60,83,178,72,165,165,176,59,58,118,58,58,58,118,195,208,167,230,219,226,171,218,201,179,229,216,198,221,231,227,183,167,225,236,150,219,228,218,128,128,150,128,226,229,217,215,226,150,216,197,183,226,166,175,215,208,236,198,217,208,150,179,150,221,215,227,219,176,189,219,234,201,219,232,59,58,164,58,58,58,134,26,13,7,9,204,231,16,214,8,8,240,20,243,247,236,253,204,204,214,207,214,217,209,214,217,205,205,205,174,16,19,7,5,16,196,248,254,13,27,232,231,231,16,215,220,30,251,25,223,196,8,19,196,16,19,7,5,16,196,237,20,14,6,237,3,253,214,21,225,6,243,229,16,212,221,5,59,58,206,58,58,58,104,40,68,30,49,40,252,26,61,49,47,58,30,58,47,71,51,64,9,238,34,40,55,69,18,17,17,58,1,6,72,37,67,11,23,62,56,48,23,45,39,0,63,238,51,60,50,59,58,163,58,58,58,130,173,15,18,6,4,15,195,251,243,17,11,219,215,15,215,228,214,217,222,195,7,18,195,15,18,6,4,15,195,239,252,27,213,231,217,211,211,14,224,10,4,16,8,221,234,8,23,246,8,21,25,12,6,8,203,230,15,213,7,7,239,19,242,246,235,252,203,203,214,206,217,208,59,59,175,58,58,58,137,125,150,150,150,136,143,103,95,85,87,135,123,83,123,110,128,125,130,115,102,71,129,107,125,127,127,88,143,74,85,75,185,83,84,80,78,83,143,116,87,70,84,81,61,126,95,120,94,77,123,58,60,105,136,143,75,84,143,83,84,80,78,83,143,58,107,107,60,114,65,91,84,75,109,130,103,95,85,87,59,59,71,58,58,58,146,111,115,155,115,134,120,117,93,136,178,185,185,162,157,179,136,166,154,162,185,166,112,103,124,159,174,156,169,181,118,151,128,150,165,115,178,180,145,106,178,131,131,180,122,185,147,156,163,133,103,162,157,163,65,65,103,65,155,156,168,166,155,103,133,160,126,169,134,148,146,161,155,179,112,103,163,156,103,155,156,168,166,155,103,162,134,154,149,59,58,175,58,58,58,129,24,19,241,228,18,236,240,230,1,1,254,252,9,224,31,20,27,228,19,2,233,242,33,20,16,35,20,6,24,29,19,30,38,215,42,185,207,207,207,207,253,16,28,20,207,236,207,242,27,225,19,19,251,31,254,2,247,8,215,215,227,218,231,225,220,231,225,216,216,219,185,59,58,122,58,58,58,98,154,154,154,154,205,239,220,238,227,238,230,223,154,183,154,189,230,172,222,222,198,234,201,205,194,211,162,162,175,165,179,178,167,179,178,163,163,166,132,154,59,58,164,58,58,58,113,196,196,196,240,19,11,19,237,232,196,225,196,231,16,214,8,8,240,20,243,247,236,253,204,204,218,207,216,215,209,216,215,205,205,208,174,196,196,196,196,240,19,5,8,13,18,11,233,18,5,6,16,9,8,196,59,58,100,58,58,58,134,161,132,216,214,217,201,144,110,132,132,132,132,176,211,197,200,205,210,203,184,205,216,208,201,132,161,132,167,208,150,200,200,176,212,179,183,172,189,140,140,155,143,155,145,155,141,141,144,110,132,132,132,132,176,211,197,200,205,210,203,183,217,198,216,205,216,208,201,132,161,132,167,208,150,200,200,59,58,23,58,58,58,117,99,135,102,106,95,112,63,63,79,66,73,71,68,73,71,64,64,67,33,55,55,55,55,90,134,133,125,128,126,106,124,139,139,128,133,126,138,55,84,55,146,33,55,55,55,55,55,55,55,55,105,134,134,139,93,134,131,123,124,59,60,254,77,85,58,101,116,94,133,94,40,201,2,66,188,94,94,94,94,94,94,94,94,247,59,40,144,201,163,48,59,2,106,125,116,94,133,94,247,2,180,106,106,162,78,219,39,86,153,59,60,136,77,85,58,129,128,128,195,185,62,81,223,62,81,147,147,70,232,232,232,232,207,204,70,232,232,232,232,25,7,131,177,131,17,36,7,159,232,15,232,26,187,140,17,7,204,70,207,147,233,232,186,121,243,206,91,253,215,102,140,36,15,7,91,159,234,83,244,110,119,225,232,7,178,244,70,59,59,114,58,58,58,121,108,82,108,142,145,149,147,142,82,138,165,184,136,168,134,184,173,182,58,138,170,148,165,134,175,82,63,82,125,108,82,82,82,82,177,137,144,151,132,82,63,82,184,141,171,148,179,169,167,140,142,134,60,181,132,151,147,134,151,166,147,148,74,59,60,3,79,119,58,95,26,213,163,163,163,163,163,163,163,163,105,248,244,76,163,4,163,130,223,29,55,55,63,51,126,210,235,80,75,75,8,243,138,71,113,180,71,59,58,21,58,58,58,100,75,62,62,65,31,53,53,53,53,53,53,53,53,94,120,132,131,53,82,53,88,129,71,121,121,97,133,100,104,93,110,61,61,70,70,64,74,72,66,74,72,62,59,58,11,58,58,58,104,52,55,21,43,43,43,43,43,43,43,43,84,120,108,114,112,94,122,128,125,110,112,43,72,43,78,119,61,111,111,87,123,90,94,83,100,51,51,60,61,54,67,63,56,67,63,59,60,244,71,255,58,102,9,9,48,118,148,148,148,148,148,148,148,148,43,60,151,255,56,73,216,112,21,148,13,148,216,190,229,21,48,118,148,148,148,148,77,9,48,118,148,148,148,148,43,251,59,58,145,58,58,58,103,3,250,1,5,177,206,177,215,252,218,243,210,232,230,251,253,5,203,212,3,246,242,5,246,229,242,243,185,12,155,177,177,177,177,177,177,177,177,223,242,254,246,177,206,177,59,59,101,58,58,58,128,162,129,83,137,137,161,149,158,178,157,172,61,61,84,82,58,83,83,64,83,83,60,60,65,91,69,69,69,69,69,69,69,69,156,130,126,127,69,80,69,162,129,83,137,137,161,149,158,178,157,172,61,61,84,89,58,84,82,64,84,82,60,60,65,91,69,69,69,69,69,59,60,136,69,221,58,139,232,232,232,171,55,179,245,223,25,77,143,110,201,223,232,39,232,105,44,174,212,212,204,88,237,25,160,91,64,64,163,174,97,163,152,218,119,163,152,218,75,75,108,246,232,232,232,232,232,232,232,232,25,0,77,165,36,11,132,44,223,232,39,232,132,110,143,223,108,246,232,232,232,232,231,75,108,246,232,232,232,59,58,191,58,58,58,106,223,18,36,51,51,40,45,38,50,223,252,223,5,42,8,33,0,22,20,41,43,51,249,2,49,36,32,51,36,19,32,33,231,58,201,223,223,223,223,223,223,223,223,13,32,44,36,223,59,60,213,71,255,58,133,238,117,60,81,95,233,233,177,133,216,12,125,90,221,221,82,134,4,121,173,30,121,173,234,234,17,87,117,117,117,117,117,117,117,117,138,220,120,107,117,238,117,60,81,95,233,233,177,133,216,12,125,90,221,221,82,147,4,147,186,30,147,186,234,234,17,87,117,117,117,117,117,117,117,117,59,59,1,58,58,58,121,200,228,224,218,220,206,226,236,239,222,220,33,52,33,190,229,47,221,221,197,241,194,206,201,216,41,41,48,47,38,44,47,36,44,47,40,40,37,7,33,33,33,33,33,33,33,33,206,233,226,234,205,232,237,229,220,33,52,33,237,239,236,220,59,58,102,58,58,58,125,146,112,134,134,134,134,227,143,112,227,112,112,134,112,206,185,172,220,188,218,172,177,170,158,206,174,200,185,218,179,148,181,221,212,203,216,160,169,216,203,199,218,203,185,203,201,218,207,213,212,142,169,210,152,202,202,178,214,181,185,174,191,142,142,151,157,145,59,58,134,58,58,58,132,186,188,179,186,188,175,175,175,144,144,242,245,233,231,242,166,229,219,216,245,203,186,252,245,255,223,193,166,234,245,166,242,245,233,231,242,166,204,241,0,207,235,243,202,182,251,200,233,252,195,203,244,251,243,180,218,238,251,243,232,244,231,239,242,218,255,246,235,180,206,235,231,234,217,59,58,220,58,58,58,121,68,75,80,23,252,59,49,46,75,33,16,82,75,85,53,25,34,71,86,37,65,73,32,12,81,30,63,82,252,65,74,64,230,72,75,63,61,72,252,66,14,54,16,70,65,70,71,20,76,12,23,252,64,75,252,72,75,63,61,72,252,63,68,59,60,0,79,119,58,111,207,27,85,186,77,174,1,169,6,153,241,198,228,136,153,241,10,6,245,157,220,207,157,2,73,198,207,157,2,73,68,26,240,216,68,26,240,215,160,94,26,98,68,178,73,178,199,152,48,240,1,31,136,59,60,7,71,255,58,123,62,170,84,49,140,5,167,40,157,27,137,131,170,14,244,131,167,57,40,57,27,10,240,53,118,123,75,36,210,223,67,167,214,153,27,223,10,10,14,171,127,196,235,132,136,167,32,167,1,10,84,131,119,236,244,153,5,23,14,153,249,162,40,235,88,59,59,71,58,58,58,127,184,162,185,147,159,178,154,169,157,166,158,155,134,184,174,157,168,95,147,145,158,180,131,136,136,155,120,111,177,148,178,93,146,184,162,185,126,163,91,103,140,146,153,156,130,115,181,156,174,142,91,103,165,121,145,115,161,162,161,160,111,183,119,94,65,65,159,152,133,59,58,247,58,58,58,110,109,77,107,61,66,59,47,95,63,89,74,107,68,37,70,110,101,92,105,49,58,105,92,88,107,92,57,108,107,107,102,101,31,114,1,23,23,23,23,69,88,100,92,23,52,23,58,99,41,91,91,67,59,58,227,58,58,58,108,83,50,54,43,60,11,11,20,27,14,20,19,21,16,20,19,21,12,12,3,17,17,3,55,61,76,90,39,38,38,79,22,27,93,58,88,17,49,68,80,72,15,237,3,3,3,3,39,72,86,59,58,22,58,58,58,97,121,136,127,134,138,127,133,132,54,83,54,89,130,72,122,122,98,134,101,105,94,111,62,62,71,79,65,74,73,67,74,73,63,63,54,68,68,54,106,59,60,146,79,119,58,95,244,47,85,38,17,17,110,193,42,148,181,43,88,38,47,1,194,110,135,127,248,135,131,219,50,88,88,50,17,110,172,198,198,206,194,13,97,59,59,27,58,58,58,148,227,242,3,3,13,11,4,10,11,6,10,11,2,2,251,9,9,251,207,200,204,207,205,194,201,192,3,239,245,194,208,223,220,220,199,12,19,213,240,206,9,238,204,190,205,226,191,2,7,37,251,251,251,251,220,186,199,199,189,186,188,196,251,22,251,193,206,201,188,207,194,200,201,3,2,37,251,251,251,251,251,251,251,251,218,16,237,237,232,230,59,60,7,61,229,58,106,21,154,87,54,75,166,51,0,181,241,84,99,66,57,66,48,42,99,66,84,81,127,120,37,103,103,103,103,103,103,103,103,103,103,103,103,3,66,99,75,54,103,190,103,208,75,157,51,59,59,152,58,58,58,134,116,76,104,75,71,80,65,176,176,166,169,175,163,169,173,163,169,177,177,172,142,184,184,184,184,184,184,184,184,184,184,184,184,87,107,106,100,117,106,100,184,157,184,87,108,166,116,116,76,104,75,71,80,65,176,176,166,166,175,164,160,173,164,160,177,177,184,170,170,184,68,62,113,99,84,87,59,58,117,58,58,58,95,184,225,168,173,239,204,234,163,195,214,226,218,161,127,149,149,149,149,149,149,149,149,149,149,149,149,185,234,231,214,233,222,228,227,149,178,149,59,58,149,58,58,58,130,189,189,200,191,198,190,192,189,198,200,194,198,200,190,190,159,181,181,181,181,181,181,181,181,18,190,159,181,181,181,181,250,3,249,193,159,18,190,159,159,253,232,219,11,235,9,219,224,217,205,253,221,247,232,9,226,195,228,12,3,250,7,207,216,7,250,246,9,250,232,250,248,59,59,210,58,58,58,108,38,43,49,48,234,21,46,228,54,54,14,34,17,5,10,251,234,234,228,229,237,219,226,239,219,226,235,235,235,204,42,5,24,40,8,38,24,13,22,218,42,10,52,5,38,15,240,17,41,48,59,59,168,58,58,58,102,69,86,142,103,86,69,73,84,69,102,85,84,84,59,58,128,79,158,136,136,136,136,90,73,61,69,136,141,136,103,60,150,68,68,92,88,91,119,96,113,128,128,150,148,59,59,239,58,58,58,96,216,192,187,210,192,187,214,214,211,249,207,207,207,207,43,10,0,16,1,22,255,251,22,20,21,207,194,207,9,10,9,11,52,50,13,24,43,27,59,60,146,61,229,58,134,133,55,58,22,176,242,242,242,242,91,181,214,214,184,181,187,211,242,73,242,196,241,220,187,238,205,223,220,10,13,176,242,242,242,242,242,242,242,242,160,208,253,88,58,97,142,94,118,205,88,10,175,103,22,10,196,241,220,187,238,205,223,220,10,13,214,223,187,181,214,242,211,73,52,40,67,59,60,27,71,255,58,96,151,190,34,8,151,187,21,52,90,35,35,152,230,230,61,152,48,74,35,152,152,100,152,152,48,48,87,35,35,35,152,217,178,74,178,48,100,178,59,58,119,58,58,58,106,160,162,159,173,164,173,160,160,163,159,159,168,174,175,162,170,160,164,170,160,163,159,159,168,173,168,162,168,174,160,164,168,174,160,163,159,159,159,168,174,167,162,174,160,164,174,160,162,59,59,128,58,58,58,121,168,170,165,170,169,169,164,168,168,168,177,170,171,167,173,169,165,173,169,167,168,177,185,165,177,185,169,169,164,168,168,177,171,172,167,177,170,169,165,177,170,169,164,177,170,176,164,168,168,177,171,175,166,177,169,167,168,174,174,165,174,174,169,59,59,17,58,58,58,103,56,53,57,57,32,28,40,55,32,56,54,57,32,26,52,32,26,56,56,53,32,26,27,53,57,57,57,32,27,31,54,30,56,52,30,56,54,57,30,52,30,56,56,228,38,59,60,130,81,225,58,97,172,123,192,98,241,253,26,26,26,233,95,23,49,141,23,49,95,26,233,46,141,233,46,49,49,118,167,80,98,126,123,98,54,123,103,57,54,98,28,59,60,107,81,225,58,109,230,57,152,218,198,118,8,184,75,218,149,75,5,207,3,3,3,187,72,210,115,26,118,210,115,26,72,3,0,118,0,26,26,75,215,195,126,77,75,5,230,5,72,3,3,233,46,69,72,233,26,59,59,141,58,58,58,136,184,155,180,173,112,119,113,162,173,107,66,116,72,168,90,97,91,116,119,110,183,106,117,108,91,181,95,180,173,112,119,113,162,173,91,112,97,96,91,119,173,97,108,107,121,112,183,106,118,119,106,108,97,181,107,180,173,112,119,113,180,181,180,180,181,99,112,99,113,86,88,111,114,81,65,60,158,165,59,60,248,65,241,58,126,23,62,216,216,216,216,216,216,216,216,191,121,54,54,33,19,110,79,8,187,236,107,180,61,142,26,1,36,215,194,215,173,159,36,215,1,250,16,85,62,216,216,216,216,216,216,216,216,216,216,216,216,68,215,36,236,187,216,163,216,205,236,86,180,180,12,8,33,59,59,125,58,58,58,107,74,69,84,165,165,171,176,162,174,173,168,174,173,164,164,169,131,157,157,157,157,157,157,157,157,157,157,157,157,58,102,103,113,96,103,113,157,184,157,58,105,171,97,97,73,109,70,74,69,59,58,161,58,58,58,101,250,201,201,211,215,204,213,210,206,213,210,202,202,205,171,193,193,193,193,193,193,193,193,193,193,193,193,229,22,19,2,21,10,16,15,193,222,193,201,201,201,212,204,59,60,199,71,255,58,143,68,146,220,16,68,146,220,246,207,120,16,120,220,220,73,103,103,103,103,103,103,103,103,32,220,73,103,103,103,103,232,93,219,3,73,32,220,73,73,103,73,15,254,85,197,37,171,85,150,59,159,15,111,193,254,171,176,29,254,206,145,28,119,171,185,46,145,232,180,171,232,254,232,206,171,28,106,93,207,46,67,81,219,219,163,59,60,189,81,225,58,98,205,214,50,53,188,85,85,59,174,154,151,220,200,151,220,108,108,108,163,163,21,50,7,87,119,41,7,122,217,197,21,53,139,50,41,168,223,50,162,251,59,58,10,58,58,58,147,115,122,126,68,77,124,111,107,126,111,76,127,126,126,121,120,50,133,20,42,42,42,42,88,107,119,111,42,71,42,77,118,60,110,110,86,122,89,93,82,99,50,50,60,66,53,63,55,63,51,51,54,20,42,42,42,42,78,111,125,109,124,115,122,126,115,121,120,42,71,42,77,118,60,110,110,86,122,89,93,82,99,50,50,60,67,53,65,62,59,59,130,58,58,58,142,159,185,182,155,155,158,124,162,162,162,162,69,99,94,94,100,99,101,93,162,175,162,104,119,96,101,118,91,97,96,154,155,124,162,162,162,162,162,162,162,162,94,97,101,99,94,162,114,105,101,116,84,107,76,95,70,104,182,87,76,70,158,162,103,75,67,88,95,86,117,84,67,107,162,175,162,81,73,77,154,104,119,96,101,59,58,69,58,58,58,130,185,174,180,179,109,110,177,180,168,166,177,101,176,130,124,117,128,177,180,168,166,177,101,167,130,192,109,109,118,125,119,111,118,110,112,109,118,117,114,118,117,110,110,113,118,123,126,113,109,109,118,123,124,112,122,110,114,122,110,113,109,109,118,124,125,111,118,110,112,109,118,120,59,59,118,58,58,58,94,75,71,73,79,79,74,78,78,78,71,69,62,81,69,79,75,69,79,81,78,66,75,66,79,79,123,65,148,141,136,86,143,59,78,78,78,59,59,199,58,58,58,119,246,224,246,243,222,218,246,243,222,224,223,242,218,242,222,222,219,232,41,231,35,28,231,27,28,40,38,27,231,53,234,41,16,30,10,218,32,240,231,30,37,231,53,235,223,223,247,225,246,222,224,223,246,244,218,246,244,222,222,231,51,59,58,132,58,58,58,115,236,233,242,164,250,193,250,175,172,172,172,182,185,186,175,181,181,173,177,181,181,173,175,172,181,183,177,181,183,173,173,164,233,242,232,191,164,230,223,237,225,193,247,248,246,237,242,235,178,231,236,229,246,172,250,173,164,59,58,177,58,58,58,120,22,31,21,236,209,35,22,37,38,35,31,209,37,18,19,29,22,223,20,32,31,20,18,37,217,19,218,209,22,31,21,218,217,218,14,217,23,38,31,20,37,26,32,31,217,218,187,209,209,209,209,209,209,209,209,209,209,209,209,16,248,12,59,60,133,65,241,58,131,157,79,184,135,58,177,100,142,135,157,164,121,142,58,44,121,101,114,48,157,157,227,220,20,178,20,164,192,20,164,34,121,142,58,44,121,101,51,48,226,157,157,6,220,171,220,164,178,157,227,213,192,227,213,164,164,185,157,157,6,241,171,220,164,178,157,220,248,192,220,248,164,164,59,60,241,69,221,58,109,213,169,169,169,67,1,202,12,67,180,224,12,67,180,202,169,100,224,100,180,180,213,169,169,67,34,191,12,180,202,169,12,34,224,12,34,180,180,213,169,169,78,89,191,12,180,202,169,45,224,45,59,60,252,81,225,58,117,171,171,240,148,148,237,27,217,122,171,7,122,171,240,148,148,237,237,217,122,171,7,122,171,240,148,148,148,214,4,217,99,4,171,7,99,4,171,217,148,122,122,7,122,122,171,171,240,148,148,237,145,217,99,4,171,7,99,4,59,59,13,58,58,58,147,52,57,53,53,31,31,51,28,52,50,53,27,28,56,27,28,52,52,232,34,239,246,219,45,244,40,53,53,28,51,28,52,50,53,37,56,37,52,52,57,42,235,45,241,246,45,249,246,234,236,249,45,223,40,235,194,244,200,56,242,34,45,244,239,45,223,41,29,45,225,245,240,247,45,223,40,223,50,53,53,27,32,31,50,26,52,56,26,52,59,60,21,81,225,58,98,245,40,247,17,98,245,227,66,132,112,144,106,129,83,132,247,86,55,250,109,204,83,173,175,196,245,40,247,17,98,245,83,40,129,152,83,247,245,129,204,59,60,225,63,7,58,150,203,253,218,199,208,12,7,208,198,37,169,203,174,129,218,7,213,174,169,174,178,169,228,198,2,218,3,73,37,37,17,68,218,37,169,48,253,219,213,213,93,17,108,128,73,158,169,169,224,209,184,249,219,194,249,219,174,174,174,174,169,174,19,129,129,129,129,129,129,129,129,218,7,213,174,19,129,129,129,129,129,129,129,129,238,223,129,17,228,208,27,123,59,59,191,58,58,58,125,54,25,34,251,29,235,10,25,251,223,43,39,26,37,201,223,223,223,223,223,223,223,223,223,223,223,223,254,236,17,17,4,2,25,238,47,26,35,234,27,16,249,5,36,43,38,29,38,32,30,43,38,36,37,231,56,201,223,223,223,223,223,223,223,223,223,223,59,60,124,81,225,58,134,92,92,92,92,92,92,8,235,232,48,143,92,247,92,129,48,250,120,120,80,140,149,241,244,123,20,20,17,227,89,86,204,135,86,204,43,43,112,98,92,92,92,92,92,92,92,92,92,92,92,92,92,92,92,92,129,117,94,232,143,94,232,92,247,92,129,48,250,120,120,80,140,149,241,244,123,59,58,163,58,58,58,125,203,203,214,213,206,213,219,208,213,219,204,204,207,173,195,195,195,195,195,195,195,195,195,195,195,195,195,195,195,195,231,24,21,4,23,12,18,17,195,224,195,203,203,214,205,212,204,206,203,213,211,208,213,211,204,204,173,195,195,195,195,195,195,195,195,195,195,59,59,68,58,58,58,143,100,100,177,93,58,100,100,100,100,100,100,100,100,169,160,179,169,58,100,100,100,100,100,100,100,100,100,100,100,100,133,119,146,146,127,129,138,117,180,169,160,121,168,147,106,126,159,184,157,166,157,163,165,184,157,159,158,92,171,58,100,100,100,100,100,100,100,100,100,100,100,100,100,100,100,100,152,157,184,160,169,100,113,100,131,59,60,10,69,221,58,122,174,48,86,86,78,218,111,155,34,221,194,194,59,59,227,81,81,249,81,81,205,205,238,120,106,106,106,106,106,106,106,106,106,106,106,106,106,106,106,106,235,207,196,6,97,196,6,106,169,106,235,174,48,86,86,78,218,111,155,34,221,194,194,59,59,59,165,58,58,58,115,153,122,140,148,128,140,148,124,124,129,155,133,133,133,133,133,133,133,133,133,133,133,133,133,133,133,133,105,88,83,68,89,60,62,63,133,144,133,125,125,153,122,146,124,128,146,124,155,133,133,133,133,133,133,133,133,133,59,59,148,58,58,58,105,180,180,180,97,173,138,180,180,180,180,180,180,180,180,180,180,180,180,63,87,59,172,118,105,110,115,104,109,111,110,172,173,112,111,115,117,112,180,107,161,172,172,157,163,170,165,173,59,58,248,58,58,58,131,35,32,42,41,37,42,41,33,33,51,100,103,91,89,100,24,90,53,115,32,32,32,42,41,42,35,41,41,33,37,41,41,33,35,32,41,48,37,41,48,33,33,36,32,32,41,49,40,34,41,33,35,32,48,37,48,33,33,36,32,32,32,42,40,47,35,44,33,37,44,33,35,32,59,59,191,58,58,58,97,238,240,226,238,240,230,230,227,231,231,241,239,240,233,238,230,232,231,238,238,226,238,238,230,230,50,248,29,36,49,223,38,242,238,227,224,33,223,27,59,60,253,63,7,58,103,40,157,25,40,236,226,25,157,75,46,231,196,10,206,222,20,36,157,10,251,157,75,41,197,197,237,212,6,202,222,6,202,157,65,5,246,35,157,75,46,75,212,197,197,247,59,60,2,77,85,58,138,241,4,51,165,23,13,89,165,23,13,98,129,44,110,99,98,72,195,205,233,137,139,158,120,205,44,167,108,91,186,53,120,250,196,13,98,129,44,110,99,98,120,129,158,177,120,44,98,158,53,72,6,129,108,91,63,44,91,53,158,250,72,13,98,129,44,110,13,250,13,233,250,251,6,184,110,110,166,82,223,59,58,175,58,58,58,102,2,247,8,215,215,226,228,218,225,229,220,225,229,216,216,207,221,221,207,35,30,34,35,33,24,29,22,215,20,8,240,5,28,3,34,1,240,40,216,216,185,207,207,207,59,60,228,71,255,58,105,132,132,132,132,132,5,122,248,102,132,132,132,132,5,122,248,32,102,61,249,102,102,44,27,114,226,66,200,114,179,88,188,44,140,222,27,200,205,58,27,235,174,57,148,200,214,75,59,58,237,58,58,58,101,95,82,78,97,82,64,82,80,97,86,92,91,21,48,89,31,81,81,57,93,60,64,53,70,21,21,32,35,24,30,30,31,26,30,30,31,22,22,22,247,247,89,92,59,59,103,58,58,58,104,136,134,123,71,154,166,183,153,136,137,89,182,163,145,89,157,88,181,124,78,80,71,131,124,71,123,124,136,134,123,71,131,152,153,146,155,88,132,152,88,136,169,175,74,144,97,59,59,237,58,58,58,148,205,205,205,205,2,42,25,187,17,17,57,253,54,26,53,36,213,213,186,190,210,188,192,216,188,192,212,212,217,205,42,25,187,17,17,57,253,54,26,53,36,213,213,186,197,210,186,197,216,186,197,212,212,8,217,243,205,205,205,205,2,42,25,187,17,17,57,253,54,26,53,36,213,213,186,196,210,187,196,216,187,196,212,212,217,205,42,25,187,17,59,58,10,58,58,58,135,110,86,122,89,93,82,99,50,50,62,58,53,61,55,61,51,51,135,54,20,42,42,42,42,133,77,118,60,110,110,86,122,89,93,82,99,50,50,62,59,53,66,64,55,66,64,51,51,54,42,77,118,60,110,110,86,122,89,93,82,99,50,50,62,60,53,67,55,67,51,51,135,54,20,42,42,42,59,59,166,58,58,58,150,134,81,105,58,152,66,66,90,86,93,121,94,111,126,126,146,153,129,147,148,123,147,148,127,127,122,134,105,58,152,66,66,90,86,93,121,94,111,126,126,146,146,129,151,151,123,151,151,127,127,75,122,160,134,134,134,134,81,105,58,152,66,66,90,86,93,121,94,111,126,126,146,147,129,142,150,123,142,150,127,127,122,134,105,58,152,66,66,90,86,93,121,59,58,225,58,58,58,132,41,58,9,9,21,23,12,23,18,14,23,18,10,10,94,13,235,1,1,1,1,92,36,77,19,69,69,45,81,48,52,41,58,9,9,21,24,12,22,17,14,22,17,10,10,13,1,36,77,19,69,69,45,81,48,52,41,58,9,9,21,25,12,18,18,18,14,18,18,18,10,10,94,13,59,60,177,65,241,58,136,247,145,145,145,145,14,134,165,15,109,109,197,193,218,246,169,32,201,201,29,64,222,15,15,236,15,15,208,208,229,145,134,165,15,109,109,197,193,218,246,169,32,201,201,36,1,222,36,57,236,36,57,208,208,28,229,247,145,145,145,145,14,134,165,15,109,109,197,193,218,246,169,32,201,201,36,8,222,59,58,131,58,58,58,94,184,183,176,184,183,172,172,175,163,198,239,181,231,231,207,243,210,214,203,220,171,171,184,181,174,188,186,176,188,186,172,172,0,175,141,163,59,59,203,58,58,58,140,235,235,235,36,12,55,221,47,47,23,27,24,252,19,2,243,243,222,220,244,218,218,246,218,218,242,242,247,235,12,55,221,47,47,23,27,24,252,19,2,243,243,222,223,244,224,225,246,224,225,242,242,38,247,213,235,235,235,235,36,12,55,221,47,47,23,27,24,252,19,2,243,243,222,222,244,227,224,246,227,224,242,59,60,95,63,7,58,99,44,59,255,174,123,89,83,83,219,143,234,254,199,28,39,39,104,109,54,94,64,94,44,44,208,59,145,255,255,255,255,198,174,123,89,83,83,219,143,234,254,59,58,231,58,58,58,132,47,64,15,15,28,30,18,28,32,20,28,32,16,16,19,7,42,83,25,75,75,51,87,54,58,47,64,15,15,28,31,18,24,23,23,20,24,23,23,16,16,100,19,241,7,7,7,7,98,42,83,25,75,75,51,87,54,58,47,64,15,15,28,32,18,24,23,26,20,24,23,26,16,16,59,58,166,58,58,58,123,210,198,233,18,216,10,10,242,22,245,249,238,255,206,206,220,214,209,221,214,211,221,214,207,207,35,210,176,198,198,198,198,33,233,18,216,10,10,242,22,245,249,238,255,206,206,220,215,209,215,215,216,211,215,215,216,207,207,210,198,233,18,216,10,10,59,58,161,58,58,58,117,237,17,240,244,233,250,201,201,215,211,204,212,216,206,212,216,202,202,30,205,171,193,193,193,193,28,228,13,211,5,5,237,17,240,244,233,250,201,201,215,212,204,210,212,206,210,212,202,202,205,193,228,13,211,5,5,237,17,240,59,59,199,58,58,58,102,24,255,14,223,223,245,243,224,239,238,218,239,238,222,222,42,219,193,231,231,231,231,48,8,27,249,35,35,251,55,252,24,255,14,223,223,245,242,224,248,244,218,248,244,59,58,171,58,58,58,148,212,212,215,203,238,23,221,15,15,247,27,250,254,243,4,211,211,225,225,214,220,225,216,220,225,212,212,40,215,181,203,203,203,203,38,238,23,221,15,15,247,27,250,254,243,4,211,211,225,226,214,228,216,228,212,212,215,203,238,23,221,15,15,247,27,250,254,243,4,211,211,225,227,214,227,228,216,227,228,212,212,40,215,181,203,203,203,203,38,238,59,60,106,81,225,58,137,30,232,102,102,62,122,131,223,226,105,2,2,68,137,71,45,22,117,45,22,25,25,94,74,111,30,232,102,102,62,122,131,223,226,105,2,2,91,186,71,209,186,22,117,209,186,22,25,25,165,94,80,74,74,74,74,119,111,30,232,102,102,62,122,131,223,226,105,2,2,91,209,71,45,22,117,45,22,25,59,59,226,58,58,58,101,187,190,194,37,254,212,6,6,30,18,33,53,26,43,186,186,217,212,189,214,212,191,214,212,187,187,15,220,15,205,194,31,35,50,20,5,4,212,51,38,12,212,32,59,59,93,58,58,58,124,74,175,134,84,88,129,138,139,144,169,74,126,138,74,122,155,181,61,128,135,129,99,99,127,134,139,61,122,164,129,154,179,156,182,175,158,144,128,73,61,170,180,85,181,172,148,165,75,155,162,173,61,132,135,61,179,131,148,155,85,160,177,161,169,132,155,59,58,215,58,58,58,142,255,54,30,3,255,61,76,69,58,75,64,70,69,255,0,67,70,58,56,67,247,66,20,255,255,9,8,16,1,8,0,2,255,16,4,16,0,0,18,67,70,58,56,67,247,57,20,82,255,255,13,15,1,8,0,2,255,14,4,14,0,0,3,255,255,14,12,1,8,0,2,255,10,4,10,0,0,3,255,255,13,7,2,10,59,58,196,58,58,58,118,237,241,247,237,240,236,236,236,250,252,239,245,252,237,241,245,252,237,239,236,245,252,241,245,252,237,237,240,236,236,251,251,238,245,237,239,236,245,250,241,245,250,237,237,240,251,252,65,255,42,51,54,228,45,1,236,236,236,245,239,59,59,107,58,58,58,111,58,65,82,86,58,65,82,84,83,58,58,86,58,58,82,82,87,76,141,75,143,152,75,151,152,140,138,151,75,129,70,141,164,146,166,86,148,68,75,146,145,75,129,71,83,83,59,84,58,63,82,86,58,59,58,219,58,58,58,107,15,4,251,79,67,64,73,251,81,24,81,6,3,3,3,13,16,17,6,12,14,4,8,12,14,4,6,3,13,14,8,13,14,4,4,251,64,73,63,22,251,61,54,68,56,24,78,79,77,59,58,138,58,58,58,119,243,248,241,184,237,242,235,252,178,0,179,170,239,248,238,197,170,252,239,254,255,252,248,170,254,235,236,246,239,184,237,249,248,237,235,254,178,236,179,170,239,248,238,179,178,179,179,178,215,203,218,252,237,236,188,219,206,4,188,216,189,59,60,20,77,85,58,148,118,81,79,31,116,128,81,210,116,116,116,116,204,61,70,214,118,176,70,165,32,60,204,108,90,61,176,203,126,61,109,138,223,100,176,98,13,138,147,71,176,147,250,195,176,176,81,62,12,53,210,116,116,116,116,116,116,116,116,222,71,43,147,116,155,116,61,175,60,156,23,15,108,202,250,165,4,213,12,12,12,183,69,183,3,31,107,183,3,31,59,59,24,58,58,58,136,47,48,41,39,45,41,39,49,49,189,44,14,56,56,56,56,56,56,56,56,212,245,231,247,230,241,232,228,241,235,234,56,29,56,215,236,38,244,244,204,232,203,199,208,193,48,48,35,39,47,32,35,45,32,35,49,49,56,42,42,56,199,193,32,192,201,225,208,38,214,207,200,191,48,48,41,47,41,59,59,173,58,58,58,135,133,148,152,124,133,148,104,153,179,141,141,141,141,141,141,141,141,106,76,89,89,75,76,74,82,141,136,141,79,64,87,74,65,84,86,87,149,148,179,141,141,141,141,141,141,141,141,141,141,141,141,89,86,74,76,89,141,63,59,85,108,95,74,116,82,65,78,81,122,153,141,60,121,89,91,119,106,59,59,248,58,58,58,96,52,54,35,19,43,216,189,216,27,51,31,7,4,6,17,10,19,202,23,16,25,6,208,208,208,208,201,201,198,207,193,209,205,193,209,207,208,201,59,58,241,58,58,58,101,42,30,34,42,26,26,29,25,25,25,42,42,28,36,26,30,36,26,28,25,34,39,30,34,39,26,26,29,42,40,29,34,33,41,29,25,25,34,33,41,28,34,41,59,59,255,58,58,58,144,38,34,46,55,38,38,210,39,221,234,229,224,235,230,228,229,39,38,9,31,31,31,31,31,31,31,31,31,31,31,31,31,31,31,31,212,188,216,39,221,234,229,224,235,230,228,229,39,38,227,228,224,222,227,31,232,50,39,39,46,54,48,40,44,38,34,44,38,56,227,228,224,222,227,31,225,50,248,39,39,39,43,42,40,44,38,59,58,167,58,58,58,118,212,222,208,210,207,216,216,212,216,216,208,208,211,207,207,219,223,209,216,208,210,207,216,216,212,216,216,208,208,211,207,207,218,219,209,216,208,210,207,216,220,212,216,220,208,208,211,207,207,207,218,222,210,216,218,208,212,216,218,208,59,60,108,69,221,58,111,69,36,135,168,91,135,168,47,47,80,36,36,179,146,58,135,47,69,36,179,91,179,47,47,80,36,36,179,157,58,135,47,69,36,135,135,91,135,135,47,47,80,36,36,179,135,58,135,47,69,36,212,91,59,59,233,58,58,58,138,209,192,192,189,193,193,213,215,191,216,192,190,193,216,215,188,216,215,192,192,189,193,193,193,213,210,190,216,209,192,188,216,209,192,190,193,215,217,188,215,217,192,192,189,193,193,213,217,191,216,192,190,193,216,209,188,216,209,192,192,12,206,3,250,23,201,0,204,193,193,193,216,190,216,215,192,188,216,215,192,59,58,161,58,58,58,148,204,201,210,213,206,210,213,202,202,205,196,3,193,5,16,193,13,16,4,2,13,193,23,222,3,252,10,254,206,12,220,193,10,7,193,23,221,201,201,209,204,210,210,202,206,210,210,202,193,21,9,6,15,193,23,222,23,204,201,201,211,214,215,204,210,212,202,206,210,212,202,193,6,15,5,220,193,3,252,10,254,222,20,21,19,10,15,8,207,4,59,59,12,58,58,58,136,244,237,218,52,222,53,44,241,246,240,35,44,218,241,224,225,218,246,44,224,237,234,248,241,54,235,247,246,235,237,224,52,234,53,44,241,246,240,53,52,53,201,52,239,237,249,241,34,212,224,224,220,207,241,224,52,187,197,36,196,189,229,212,26,202,211,188,195,26,201,53,53,52,53,18,44,44,44,59,60,177,65,241,58,127,145,145,145,145,145,145,145,145,145,116,179,109,208,247,145,145,145,145,145,145,145,145,145,145,145,145,144,123,145,235,207,137,120,11,102,176,158,221,130,109,22,145,221,137,116,179,247,145,145,145,145,145,145,145,145,145,145,145,145,145,145,145,145,120,50,239,239,218,204,59,60,125,81,225,58,141,147,228,141,144,49,64,121,242,179,127,118,233,236,167,236,98,52,233,236,118,95,21,138,99,93,93,93,93,93,93,93,93,93,93,93,93,93,93,93,93,93,93,93,93,9,236,233,49,144,93,248,93,130,49,251,121,121,81,141,150,242,245,124,21,21,110,41,90,87,228,136,87,228,44,44,113,99,93,93,93,93,93,93,59,60,147,63,7,58,119,51,51,51,51,51,51,51,51,51,51,51,51,51,51,226,190,185,215,140,185,215,51,196,51,226,175,141,135,135,15,195,30,50,251,80,91,91,166,156,106,176,161,116,176,161,96,96,51,121,121,51,50,80,171,75,40,240,251,141,221,10,59,60,74,77,85,58,120,58,11,66,66,66,237,123,237,0,85,161,237,0,85,123,66,237,95,161,237,95,85,85,49,142,8,170,170,170,170,170,170,170,170,170,170,170,170,170,170,170,170,170,170,170,170,86,249,192,125,230,21,135,116,170,209,170,66,66,19,104,237,59,60,222,61,229,58,133,89,95,86,131,101,131,89,89,252,62,62,62,62,62,62,62,62,62,62,62,62,62,62,62,62,85,89,252,62,62,62,62,62,62,62,62,62,62,62,62,13,34,55,13,252,62,62,62,62,62,62,62,62,62,62,62,62,62,62,62,62,161,131,212,212,203,197,236,113,46,13,34,125,10,215,59,60,10,77,85,58,124,88,212,71,166,213,156,213,99,61,166,213,71,52,2,43,200,106,106,106,106,106,106,106,106,106,106,106,106,106,106,106,106,106,106,106,106,70,213,166,14,137,106,145,106,3,14,192,118,118,174,90,231,51,98,165,2,2,31,12,59,173,69,97,173,69,21,59,59,229,58,58,58,106,188,193,219,197,197,197,197,197,197,197,197,197,197,197,197,197,197,197,197,197,197,197,197,34,254,255,25,8,255,25,197,208,197,34,1,211,9,9,33,21,30,50,29,44,189,189,210,217,59,58,80,58,58,58,132,123,135,137,125,135,137,121,121,124,90,112,112,112,112,112,112,112,112,112,112,112,112,112,112,112,112,112,112,112,112,148,197,194,177,196,185,191,190,112,141,112,120,120,132,122,129,121,123,120,132,125,132,121,121,90,112,112,112,112,112,112,112,112,112,112,112,112,112,112,112,112,205,121,90,59,58,242,58,58,58,137,18,18,18,18,18,18,18,18,18,18,18,18,18,18,18,18,81,57,77,26,88,103,96,85,102,91,97,96,26,27,94,97,85,83,94,18,93,47,26,26,26,43,38,29,35,38,27,31,35,38,27,29,26,43,31,43,27,27,45,94,97,85,83,94,18,84,47,109,26,26,36,35,37,28,35,27,29,26,42,59,58,98,58,58,58,95,143,154,139,139,142,138,138,147,155,147,140,147,139,141,138,155,143,155,139,139,142,138,138,148,146,154,141,153,139,143,153,139,142,148,146,150,223,59,59,193,58,58,58,119,246,27,34,47,225,40,244,233,233,240,231,240,232,230,233,239,240,228,239,240,232,232,229,222,31,225,29,34,225,37,34,30,32,37,225,43,244,31,22,40,20,228,38,246,225,40,27,225,43,245,241,225,45,41,28,35,225,43,244,43,230,59,58,71,58,58,58,141,111,111,121,124,125,113,120,112,114,111,121,122,116,121,122,112,112,103,172,181,171,130,103,169,162,176,164,132,186,187,185,176,181,174,117,170,175,168,185,111,189,112,103,172,181,171,130,103,185,172,187,188,185,181,103,187,168,169,179,172,117,170,182,181,170,168,187,111,169,112,103,172,181,171,112,111,112,164,111,138,179,121,171,59,59,21,58,58,58,119,249,209,229,206,194,205,188,45,45,38,38,42,35,36,48,35,36,44,44,53,47,47,53,194,188,29,189,196,220,205,35,211,202,197,186,45,45,36,42,41,44,48,41,44,192,53,47,47,53,210,241,35,249,249,209,229,206,194,205,188,45,59,60,241,75,43,58,116,153,152,169,204,101,186,238,101,186,170,170,17,255,255,17,165,80,148,165,131,234,63,200,153,114,253,29,99,31,100,117,83,184,200,48,170,170,155,17,17,17,17,17,17,17,17,17,17,17,17,166,63,149,155,17,17,17,17,59,58,143,58,58,58,144,175,175,175,175,244,253,243,187,153,175,175,175,175,12,184,153,244,253,243,153,153,175,153,247,226,213,5,229,3,213,218,211,199,247,215,241,226,3,220,189,226,244,3,3,248,253,246,2,201,210,1,244,240,3,244,226,244,242,3,248,254,253,183,210,251,193,243,243,219,255,222,226,215,232,183,183,198,200,186,192,191,191,188,192,191,191,59,58,11,58,58,58,134,52,52,52,21,21,115,94,81,129,97,127,81,86,79,67,115,83,109,94,127,88,57,94,112,127,127,116,121,114,126,69,78,125,112,108,127,112,94,119,116,111,112,125,51,134,21,43,43,43,43,89,108,120,112,43,72,43,78,119,61,111,111,87,123,90,94,83,100,51,51,67,59,54,62,59,56,59,59,16,58,58,58,128,31,32,57,57,52,22,48,48,48,48,204,237,223,239,222,249,224,220,249,243,242,48,37,48,207,244,30,236,236,212,224,211,191,216,201,56,56,40,33,55,33,32,26,53,33,32,26,57,57,52,22,48,48,48,48,190,241,242,235,237,48,37,48,231,56,56,33,26,55,33,59,59,190,58,58,58,116,237,231,227,239,237,231,226,222,230,230,239,238,238,238,233,247,231,227,247,231,51,226,200,222,222,222,222,7,36,33,48,27,35,27,36,42,222,243,222,230,230,239,232,239,231,233,230,241,227,241,231,231,226,200,222,222,222,222,59,60,219,61,229,58,134,164,58,49,49,10,37,55,221,254,31,58,10,59,146,59,83,83,83,110,125,92,110,119,86,98,110,119,86,92,83,134,98,134,86,86,95,249,59,59,59,59,164,254,31,31,1,254,4,28,59,146,59,13,58,37,4,55,22,40,37,83,61,167,176,58,131,179,34,64,43,125,113,167,25,167,34,59,60,27,81,225,58,128,153,202,1,251,251,251,251,251,251,251,251,49,161,250,9,35,78,167,55,239,138,9,179,164,124,15,41,95,130,130,153,95,58,58,95,58,12,95,130,107,35,95,130,107,35,41,202,179,69,158,253,0,135,138,20,253,179,202,1,251,251,251,251,251,251,251,251,251,251,251,59,58,108,58,58,58,124,140,192,198,213,227,176,175,175,216,159,164,230,195,225,154,175,212,205,222,205,207,224,209,222,154,180,225,217,205,218,219,213,208,154,195,205,216,215,191,220,209,209,208,140,169,140,226,176,179,225,164,180,217,227,220,162,158,176,214,176,217,158,118,140,140,140,59,58,69,58,58,58,123,101,101,101,101,101,170,179,169,110,79,101,101,101,101,170,179,169,113,79,194,110,79,79,173,152,139,187,155,185,139,144,137,125,173,141,167,152,185,146,115,152,170,185,185,174,179,172,184,127,136,183,170,166,185,170,152,177,174,169,170,183,109,192,79,101,59,58,192,58,58,58,139,224,224,224,14,33,45,37,224,253,224,3,44,242,36,36,12,48,15,19,8,25,232,232,248,242,235,247,249,237,247,249,233,233,236,202,224,224,224,224,4,37,51,35,50,41,48,52,41,47,46,224,253,224,3,44,242,36,36,12,48,15,19,8,25,232,232,248,243,235,247,246,237,247,246,233,233,236,202,224,224,224,59,59,231,58,58,58,111,199,57,6,253,4,2,199,202,199,16,191,191,191,212,215,192,214,216,190,186,214,216,190,192,191,217,214,186,217,214,190,190,187,199,191,191,214,217,215,192,213,190,186,213,190,10,187,225,199,199,199,199,30,59,59,75,58,58,58,95,185,172,157,174,182,174,185,159,107,102,107,115,115,90,117,90,114,116,115,93,93,118,93,93,114,114,119,85,107,107,107,107,140,158,157,157,174,59,60,164,61,229,58,132,238,0,166,199,232,3,211,4,91,4,28,28,28,73,52,37,55,73,31,43,55,73,31,37,28,73,43,73,31,31,40,194,4,4,4,4,109,199,232,232,202,199,205,229,4,91,4,214,3,238,205,0,223,241,238,28,145,112,145,145,175,214,15,226,76,208,154,73,121,18,220,31,194,4,59,60,147,61,229,58,112,243,243,243,243,243,243,243,161,209,254,89,59,98,143,95,119,206,89,11,176,104,23,11,197,242,221,188,239,206,224,221,11,14,215,224,188,182,215,243,212,74,11,11,11,38,56,53,20,38,44,14,26,38,44,59,59,140,58,58,58,129,181,179,180,157,160,185,157,160,181,181,163,120,119,107,109,120,172,106,169,99,180,180,155,154,178,157,181,179,180,157,156,185,157,156,181,181,184,180,180,180,157,165,179,157,165,181,185,157,165,181,179,180,159,185,159,181,181,184,180,180,157,159,179,155,181,185,155,181,184,180,180,59,59,87,58,58,58,141,111,105,95,112,102,103,110,106,102,103,110,112,111,105,102,106,105,102,110,110,107,111,111,105,95,113,102,110,112,111,99,106,99,110,110,154,96,181,172,169,119,174,90,111,111,111,102,112,102,94,110,106,102,94,110,112,111,105,103,106,105,103,110,110,107,120,185,119,179,172,119,171,172,184,182,171,119,165,90,185,128,174,122,59,59,67,58,58,58,107,94,156,108,99,154,169,99,185,111,91,91,115,93,114,90,92,91,114,120,94,114,120,90,90,99,183,155,166,161,99,185,110,185,92,91,91,117,118,121,93,114,90,92,91,114,106,94,114,106,59,60,185,77,85,58,128,196,196,25,56,227,37,26,25,255,122,132,160,64,66,85,47,132,227,94,35,18,113,236,47,177,123,196,25,56,227,37,26,25,47,56,85,104,47,227,25,85,236,255,189,56,35,18,246,227,18,236,85,177,255,196,25,56,227,37,196,177,196,196,177,75,104,227,18,85,132,59,59,163,58,58,58,115,64,65,123,122,157,131,131,131,131,131,131,131,131,131,131,131,131,96,59,74,64,69,89,146,115,92,114,73,151,86,88,109,129,105,58,70,63,71,96,73,121,58,70,88,131,142,131,96,103,96,96,106,73,74,61,139,71,59,59,206,58,58,58,134,0,221,13,40,54,216,238,238,238,238,238,238,238,238,43,52,42,247,216,238,238,238,238,43,52,42,242,216,35,247,216,216,54,1,12,28,252,26,12,25,10,230,54,22,48,1,26,19,244,1,43,26,26,55,52,45,33,232,17,32,43,47,26,43,250,53,45,45,50,43,246,41,216,238,238,238,59,58,253,58,58,58,139,29,75,94,106,98,29,58,29,64,105,47,97,97,73,109,76,80,69,86,37,37,53,49,40,48,46,42,48,46,38,38,41,7,29,29,29,29,65,98,112,96,111,102,109,113,102,108,107,29,58,29,64,105,47,97,97,73,109,76,80,69,86,37,37,53,50,40,47,50,42,47,50,38,38,41,7,29,29,29,29,64,59,59,137,58,58,58,124,116,119,119,100,91,117,83,104,93,116,100,169,172,169,99,104,93,118,100,157,127,169,169,169,169,70,104,93,93,103,104,102,94,169,172,169,99,116,91,102,117,96,90,91,161,120,101,101,184,72,61,87,178,65,182,160,127,169,169,169,169,169,169,169,169,96,59,59,213,58,58,58,114,55,245,36,57,57,228,20,17,3,230,13,226,245,41,45,56,47,203,245,245,245,245,245,245,245,245,245,245,245,245,251,43,28,19,221,24,9,25,17,44,19,237,254,22,241,237,55,40,47,50,41,44,46,47,237,236,59,58,94,58,58,58,101,202,205,193,191,202,126,201,155,134,134,134,143,147,143,137,146,135,139,146,135,137,134,143,143,139,143,143,135,135,153,202,205,193,191,202,126,192,155,217,134,134,149,136,59,58,117,58,58,58,143,166,158,160,157,167,167,162,167,167,158,158,161,167,170,165,161,157,157,157,167,169,173,160,166,173,158,162,166,173,158,160,157,167,167,162,167,167,158,158,161,157,157,168,159,166,158,160,157,166,173,162,166,173,158,158,161,157,157,157,168,160,166,172,158,162,166,172,158,160,157,172,162,172,158,158,242,176,219,228,231,149,222,178,157,157,59,60,11,81,225,58,146,114,232,137,186,22,137,186,255,48,217,235,7,4,235,191,4,240,194,191,235,165,134,217,56,122,102,22,168,88,235,122,53,235,165,111,163,163,91,232,137,186,22,137,186,235,119,99,30,237,235,165,134,165,232,163,163,137,206,229,209,114,186,232,163,137,114,22,137,114,186,186,235,30,237,7,88,235,217,56,122,102,134,96,119,73,122,237,76,59,58,150,58,58,58,127,196,249,254,247,8,190,12,191,182,251,4,250,209,182,8,251,10,11,8,4,182,10,247,248,2,251,196,249,5,4,249,247,10,190,248,191,182,251,4,250,191,190,191,191,190,252,11,4,249,10,255,5,4,190,191,160,182,182,182,182,182,182,182,182,182,182,182,182,182,59,58,142,58,58,58,120,174,174,174,250,253,241,239,250,174,210,225,232,210,222,216,250,217,242,207,217,198,174,203,174,232,248,7,208,198,211,226,210,218,247,208,182,237,213,186,176,234,191,190,193,234,191,190,191,234,191,191,196,234,191,191,194,234,199,197,234,191,191,59,58,187,58,58,58,139,244,23,236,235,244,23,236,235,236,23,236,236,241,23,244,242,23,236,236,241,23,244,242,23,244,243,23,236,235,243,23,236,235,236,221,228,227,34,28,40,32,228,197,219,219,219,219,219,219,219,219,219,219,219,219,219,219,219,219,21,37,52,253,243,0,15,255,7,36,253,227,26,2,231,227,33,48,41,30,47,36,59,58,138,58,58,58,112,249,248,178,179,246,249,237,235,246,170,245,199,178,178,194,186,180,187,179,181,178,187,195,183,187,195,179,179,197,246,249,237,235,246,170,236,199,5,178,178,187,195,191,180,187,179,181,178,187,193,183,187,193,179,59,60,188,81,225,58,114,107,176,35,196,35,176,84,84,35,219,150,130,35,107,153,84,58,58,199,58,58,107,107,176,84,84,35,219,104,153,35,127,107,199,35,127,107,176,84,84,35,196,35,153,127,107,199,127,107,176,84,84,35,173,173,153,59,59,213,58,58,58,105,220,236,240,220,236,241,237,237,237,228,221,229,234,228,232,236,240,228,232,236,234,237,221,240,221,236,236,241,237,237,228,220,228,234,230,236,240,230,236,241,237,237,228,220,229,235,228,59,59,173,58,58,58,120,148,146,149,124,133,152,124,133,148,148,153,124,133,133,153,123,125,124,72,130,79,86,59,141,84,136,149,149,124,146,127,148,152,127,148,153,138,75,141,81,86,141,89,86,74,76,89,141,63,136,75,98,84,104,152,82,130,141,84,79,141,63,59,58,210,58,58,58,107,14,250,250,2,253,3,10,251,255,3,10,251,242,70,58,55,64,242,72,15,72,253,250,250,250,4,7,8,253,3,8,251,255,3,8,251,253,250,4,4,255,4,4,251,251,242,55,64,54,59,60,192,71,255,58,100,191,96,186,95,21,121,217,151,164,138,21,86,251,22,199,8,173,138,200,190,213,96,225,86,212,191,96,138,225,164,177,138,86,96,164,173,186,60,225,22,199,99,59,59,135,58,58,58,143,93,104,102,115,159,105,158,167,98,93,99,158,159,158,158,159,67,88,81,67,87,65,91,64,99,70,64,175,155,167,101,102,91,120,98,158,129,167,167,167,167,167,167,167,167,167,167,167,167,167,167,167,167,91,92,104,102,91,167,93,100,70,83,182,78,113,181,64,89,167,170,167,67,88,81,67,87,65,91,64,99,70,64,175,157,59,59,226,58,58,58,112,49,49,0,3,255,7,5,3,254,254,220,194,194,194,194,194,194,194,194,194,194,194,194,194,194,194,194,38,53,44,38,50,28,254,29,6,35,29,202,192,49,49,0,3,255,7,5,3,254,254,194,207,194,44,59,60,161,77,85,58,134,127,156,135,201,192,221,173,69,108,135,153,174,230,229,153,51,80,203,250,61,108,222,203,153,172,165,222,250,212,165,1,146,40,153,153,87,49,49,191,68,172,210,153,87,87,248,87,87,172,172,2,165,222,250,212,165,1,231,40,194,144,125,229,153,153,153,125,144,210,163,172,248,163,172,210,153,59,59,162,58,58,58,113,147,138,127,147,138,123,123,126,122,122,152,149,124,147,123,125,122,148,147,127,148,147,123,123,126,122,122,122,150,149,125,147,150,123,127,147,150,123,125,122,148,147,127,148,147,123,123,126,150,149,126,122,122,122,151,59,59,165,58,58,58,104,147,122,146,124,128,146,124,122,125,147,149,128,147,149,124,124,129,125,125,152,152,122,141,124,128,141,124,129,125,125,152,140,123,148,124,122,125,147,146,128,147,146,124,124,129,125,59,59,99,58,58,58,113,59,89,82,61,82,58,60,59,85,83,62,85,83,58,58,63,59,59,86,75,60,82,85,58,62,82,85,58,63,59,59,87,86,60,84,58,62,84,58,142,76,137,128,149,67,122,78,59,59,82,61,82,58,60,59,59,58,94,58,58,58,128,143,146,139,143,146,135,135,138,129,192,126,194,205,126,202,205,193,191,202,126,212,155,192,185,199,187,139,201,153,126,199,196,126,212,154,134,134,142,136,143,135,137,134,143,143,139,143,143,135,135,126,210,198,195,204,126,212,155,212,137,144,147,148,126,195,204,194,153,126,192,59,60,178,69,221,58,119,155,53,177,81,163,174,152,53,108,31,172,243,42,221,152,106,196,117,18,9,108,254,59,18,152,9,174,185,152,108,18,174,221,232,86,9,172,243,119,108,243,221,174,106,232,117,18,9,108,254,117,106,117,117,106,20,185,108,243,174,53,59,59,216,58,58,58,131,43,42,240,39,53,44,50,236,248,234,234,234,241,206,248,248,248,248,248,248,248,248,248,248,248,248,248,248,248,248,248,248,248,248,44,43,55,57,44,248,5,32,38,35,14,30,248,221,248,251,19,255,240,50,37,42,55,36,49,43,42,240,241,44,43,55,57,44,248,47,221,240,240,59,60,157,61,229,58,145,48,69,57,30,48,57,24,36,48,57,24,78,225,234,198,192,225,253,195,84,14,21,21,21,54,48,30,60,24,36,60,24,30,21,48,69,36,48,69,24,24,33,21,21,51,72,30,48,45,24,36,48,45,24,33,21,21,21,57,57,30,48,69,24,36,48,69,24,30,21,66,36,66,24,24,33,21,21,54,69,30,48,63,24,36,48,63,59,58,123,58,58,58,107,164,167,163,163,173,176,165,172,164,166,163,180,168,180,164,164,167,163,163,174,178,166,177,164,168,177,164,167,163,163,163,173,180,166,172,175,164,168,172,175,164,166,163,173,171,168,173,171,164,59,58,222,58,58,58,117,7,10,6,6,6,16,21,9,20,7,11,20,7,9,6,15,17,11,15,17,7,7,10,6,6,16,19,8,15,7,9,6,17,11,17,7,7,10,17,20,10,6,6,17,20,9,23,7,11,23,7,10,6,6,6,17,21,9,15,59,60,31,81,225,58,113,111,206,42,134,111,206,252,183,134,180,42,134,180,206,206,19,183,183,157,62,252,134,39,206,42,134,39,206,19,183,183,203,203,229,134,206,252,183,134,226,42,134,226,206,206,19,180,157,19,183,183,183,180,62,252,59,59,2,58,58,58,149,55,27,31,55,27,29,26,53,31,53,27,27,30,26,26,52,42,28,51,27,29,26,51,51,31,51,51,27,27,239,45,232,225,244,34,219,47,26,26,51,29,51,56,27,31,51,56,27,30,37,228,34,230,225,34,222,225,229,227,222,34,248,47,228,205,219,207,31,221,45,34,219,232,34,248,46,26,26,50,28,51,27,29,26,55,31,55,27,27,34,246,59,59,228,58,58,58,100,252,9,254,196,22,209,22,187,188,188,188,210,217,214,187,213,205,189,193,213,205,189,187,188,210,211,193,210,211,189,189,196,9,254,8,203,196,2,43,253,49,209,59,59,97,58,58,58,150,142,141,143,136,131,122,67,126,137,128,143,73,139,72,65,124,131,125,86,65,143,124,141,140,143,131,65,141,128,127,133,124,67,126,130,131,126,128,141,73,127,72,65,124,131,125,72,73,72,180,73,72,103,65,65,65,65,65,65,65,65,65,65,65,65,65,65,65,65,65,65,65,65,136,123,65,172,153,143,138,167,151,65,84,84,65,158,133,79,125,125,165,59,58,185,58,58,58,121,41,8,12,1,18,225,225,241,239,228,237,236,230,237,236,226,226,217,40,43,217,14,49,43,48,3,51,217,246,246,217,252,37,235,29,29,5,41,8,12,1,18,225,225,241,240,228,234,234,238,230,234,234,238,226,226,217,45,33,30,39,195,217,59,60,2,65,241,58,140,226,226,226,226,226,226,226,226,226,226,226,226,226,226,226,226,226,226,226,226,226,226,226,32,197,46,53,32,4,226,4,225,246,72,226,226,226,226,226,226,226,226,226,226,226,226,226,226,226,226,226,226,226,226,197,4,190,72,226,226,226,226,226,226,226,226,226,226,226,226,226,226,226,226,226,226,226,226,32,197,46,53,59,59,133,58,58,58,146,115,95,165,95,102,68,89,180,76,107,183,58,83,157,114,104,97,103,161,165,159,159,159,156,123,165,165,165,165,165,165,165,165,165,165,165,165,165,165,165,165,104,95,105,156,123,165,165,165,165,165,165,165,165,165,165,165,165,165,165,165,165,75,91,108,67,173,72,89,73,65,92,67,157,78,70,161,114,121,115,92,95,102,159,98,93,100,115,59,59,97,58,58,58,121,73,73,73,80,80,76,70,80,79,72,68,80,79,72,69,73,73,80,81,80,71,80,72,70,73,80,74,68,80,74,72,72,69,80,80,75,69,73,73,80,80,77,71,80,72,70,73,78,68,78,72,72,69,80,81,80,69,88,74,69,73,73,80,59,60,198,79,119,58,99,182,182,77,224,35,119,224,35,98,203,203,203,98,14,14,203,203,182,56,203,35,77,14,31,119,31,35,35,98,203,182,94,98,14,14,203,224,203,56,203,35,59,60,159,69,221,58,113,120,87,186,197,142,186,197,98,98,98,98,87,139,48,125,139,15,205,67,216,235,106,216,7,131,255,155,133,166,246,98,13,255,255,255,255,255,255,255,255,255,255,255,255,246,89,235,98,13,255,255,255,255,255,255,59,59,138,58,58,58,143,170,170,170,170,170,170,75,161,60,60,89,87,68,155,90,111,118,159,110,61,164,88,121,94,115,112,115,109,107,94,115,121,120,178,101,148,170,170,170,170,170,170,170,170,170,170,170,170,170,170,170,170,62,115,94,118,111,170,167,170,77,118,156,110,110,86,90,89,61,82,67,178,178,162,162,181,163,155,183,163,155,179,179,182,148,59,59,218,58,58,58,133,186,186,186,186,186,186,186,186,186,186,186,186,186,186,186,186,29,9,8,14,255,8,14,186,215,186,29,6,204,254,254,38,10,41,45,34,51,194,194,210,211,197,203,203,203,199,203,203,203,195,195,198,228,186,186,186,186,186,186,186,186,186,186,186,186,186,186,186,186,30,15,12,251,14,3,59,60,2,75,43,58,144,97,80,34,15,34,170,170,101,221,135,187,255,135,187,172,34,34,34,34,34,34,34,34,34,34,34,34,79,187,172,34,34,34,34,34,34,34,34,183,46,165,183,172,34,34,34,34,34,34,34,34,34,34,34,34,83,169,116,116,65,31,252,67,114,183,46,135,166,133,220,48,97,182,251,200,251,149,115,182,251,97,80,170,45,172,34,59,58,182,58,58,58,113,214,214,214,214,214,214,214,214,214,214,214,214,214,214,214,10,31,42,34,27,214,243,214,249,34,232,26,26,2,38,5,9,254,15,222,222,239,230,225,232,238,227,232,238,223,223,226,192,214,214,214,214,214,214,214,59,59,200,58,58,58,136,232,232,232,232,232,232,232,232,232,7,27,26,52,37,26,52,232,237,232,7,28,246,36,36,252,56,251,23,0,17,224,224,241,249,223,240,246,221,240,246,225,225,220,190,232,232,232,232,232,232,232,232,232,232,232,232,232,232,232,232,4,53,54,41,52,33,27,26,232,237,232,224,224,247,222,249,225,223,59,60,93,61,229,58,137,213,2,228,2,216,216,123,189,189,189,189,189,189,189,189,189,189,189,189,212,216,123,189,189,189,189,189,189,189,189,140,167,137,123,189,189,189,189,140,167,137,225,123,212,216,123,123,149,86,47,191,95,185,47,62,41,5,149,53,131,86,185,68,231,86,140,185,185,152,167,146,182,11,38,179,140,128,185,140,59,58,230,58,58,58,103,57,75,73,90,79,85,84,14,41,82,24,74,74,50,86,53,57,46,63,14,14,31,24,17,23,23,27,19,23,23,27,15,15,15,240,240,82,85,73,71,82,6,77,56,78,59,58,74,58,58,58,106,162,151,187,154,176,193,164,188,160,175,153,133,106,174,185,106,182,185,173,171,182,106,190,126,127,164,185,140,183,157,171,146,169,194,135,178,157,144,192,160,190,144,149,142,130,178,146,172,59,59,88,58,58,58,97,135,164,141,106,135,181,164,164,177,170,179,167,94,151,166,181,185,164,181,150,165,164,164,171,170,112,159,78,120,120,120,120,138,185,173,181,120,93,120,59,58,251,58,58,58,106,62,103,45,95,95,71,107,74,78,67,84,35,35,52,46,38,49,48,40,49,48,36,36,39,5,27,27,27,27,63,96,110,94,109,100,107,111,100,106,105,27,56,27,62,103,45,95,95,59,58,83,58,58,58,113,159,195,162,166,155,172,123,123,140,135,126,132,131,139,128,132,131,139,124,124,127,93,115,115,115,115,150,180,191,191,181,180,182,190,115,144,115,185,200,193,182,199,188,194,193,123,124,115,184,193,183,127,93,208,124,59,59,211,58,58,58,129,220,243,56,5,43,251,14,34,3,57,40,253,37,9,54,16,222,39,231,230,253,48,21,46,4,50,11,0,27,243,54,49,55,205,205,47,48,52,50,47,243,6,26,21,16,229,44,233,2,0,7,6,55,18,20,220,243,55,48,243,47,48,52,50,47,243,253,55,25,55,2,59,60,181,81,225,58,128,65,105,223,229,220,166,48,13,42,255,79,111,33,255,114,209,189,13,45,131,42,33,160,215,42,200,33,33,36,151,246,10,235,186,243,200,108,33,200,163,56,33,33,174,151,77,194,155,149,149,149,149,183,108,128,200,149,48,149,186,105,51,177,177,137,197,206,42,45,180,59,58,217,58,58,58,96,1,1,18,14,4,15,10,6,15,10,2,2,5,227,249,249,249,249,29,62,76,60,75,66,73,77,66,72,71,249,22,249,28,69,11,61,61,37,59,60,137,65,241,58,150,153,178,206,129,248,161,161,24,3,182,238,10,196,238,10,168,168,189,207,105,105,105,105,94,48,125,125,55,48,62,118,105,52,105,83,188,139,62,181,104,146,139,161,168,105,76,139,69,189,207,244,168,38,105,220,216,87,178,231,118,3,192,34,213,220,69,80,94,52,255,69,115,69,192,213,125,83,185,160,10,105,76,139,69,207,207,105,207,255,111,216,87,59,60,119,79,119,58,103,15,32,91,11,179,20,225,191,217,41,100,225,15,32,91,11,179,20,225,191,66,74,19,191,213,16,125,150,251,20,146,125,191,212,83,146,150,108,83,23,62,120,191,191,124,59,59,148,58,58,58,96,166,165,171,163,173,177,163,173,155,112,111,115,117,112,180,114,161,91,172,172,162,165,171,165,162,173,177,165,162,173,176,172,172,162,171,156,173,177,59,59,229,58,58,58,127,205,188,193,189,189,211,213,186,212,212,188,192,212,212,188,193,189,189,212,211,186,215,188,192,215,188,16,202,7,254,19,197,252,208,189,189,212,187,212,188,186,189,212,211,192,212,211,188,188,193,194,3,197,9,254,197,1,254,2,4,1,197,23,208,3,42,252,48,192,59,60,109,71,255,58,102,220,108,13,194,155,13,107,121,117,117,221,156,82,130,182,82,130,13,81,181,142,3,13,107,134,107,156,117,117,247,30,43,143,234,130,156,117,17,182,17,130,130,13,142,59,58,207,58,58,58,140,61,51,10,239,49,42,56,44,12,66,67,65,56,61,54,253,50,55,48,65,247,69,248,239,52,61,51,10,239,65,52,67,68,65,61,239,67,48,49,59,52,253,50,62,61,50,48,67,247,49,248,239,52,61,51,248,247,248,248,251,247,53,68,61,50,67,56,62,61,247,248,59,62,50,48,59,239,58,12,247,247,0,59,60,225,77,85,58,121,28,113,18,189,236,56,189,236,66,229,30,58,20,229,65,39,104,2,217,217,217,189,28,18,189,236,56,189,236,18,217,227,56,227,236,236,37,217,217,189,227,255,132,236,18,217,151,151,56,151,151,236,236,37,217,217,170,132,255,132,236,18,217,59,59,174,58,58,58,107,123,147,123,151,151,146,150,150,150,123,129,153,127,125,151,147,127,125,151,153,150,122,147,122,151,151,146,150,150,122,122,153,134,151,147,134,151,67,137,76,85,64,142,87,131,150,150,127,152,59,58,191,58,58,58,109,240,232,234,231,240,242,236,240,242,232,232,235,226,33,223,35,46,223,43,46,34,32,43,223,53,252,33,26,40,28,236,42,250,223,40,37,223,53,251,231,231,231,239,234,240,244,232,236,240,244,232,59,60,141,65,241,58,137,186,165,14,200,14,172,172,109,185,101,80,143,109,199,56,199,186,165,165,165,235,0,7,186,249,172,200,249,172,186,165,228,228,200,228,228,172,172,109,80,143,73,42,109,59,10,108,24,56,178,185,171,108,143,94,207,66,101,52,171,165,199,172,109,80,143,73,42,109,171,80,185,192,171,143,109,185,52,59,59,59,192,58,58,58,138,36,29,226,31,35,34,31,33,44,232,30,233,224,29,34,28,233,232,233,233,232,26,45,34,31,44,41,35,34,232,233,198,224,224,224,224,43,40,41,36,29,224,22,38,57,254,248,253,12,252,4,41,254,232,22,38,57,254,248,253,12,252,4,41,254,232,19,251,228,232,26,45,34,31,44,41,35,34,232,233,59,59,7,58,58,58,139,219,220,232,230,219,39,224,42,31,31,31,54,47,53,32,54,55,30,26,54,55,30,32,31,54,55,26,54,55,30,30,48,219,220,232,230,219,39,233,42,240,31,31,51,53,33,54,30,32,31,56,26,56,30,30,27,31,31,57,52,33,54,30,32,31,57,57,26,57,57,30,30,27,31,31,51,50,33,54,30,32,59,58,0,58,58,58,97,40,49,52,45,49,52,41,41,44,40,40,51,55,43,49,50,41,45,49,50,41,125,59,102,111,114,32,105,61,40,40,49,43,50,41,45,50,41,44,59,58,149,58,58,58,146,184,247,181,249,4,181,1,4,248,246,1,181,11,210,247,240,254,242,194,0,208,181,254,251,181,11,209,197,181,9,253,250,3,181,11,210,11,192,189,189,189,199,202,203,192,199,190,194,199,190,192,189,201,194,201,190,190,181,250,3,249,208,181,247,240,254,242,210,8,9,7,254,3,252,195,248,253,246,7,189,11,190,181,250,3,249,208,181,59,60,214,79,119,58,110,48,31,90,111,48,220,118,90,203,224,178,31,156,245,241,220,245,203,90,30,224,51,118,31,220,10,51,30,51,51,114,30,52,111,220,245,90,115,241,220,30,51,178,241,245,203,178,118,157,215,30,30,59,60,95,79,119,58,115,142,121,230,163,188,16,163,188,54,59,122,126,84,59,255,105,96,118,167,167,100,184,100,230,205,188,16,205,188,251,167,167,100,121,12,209,100,188,230,167,100,184,16,100,184,188,188,251,167,167,100,142,226,230,226,188,16,59,60,115,81,225,58,110,100,34,103,11,11,11,218,31,123,80,77,34,126,77,34,80,11,241,8,126,241,8,34,34,174,192,157,108,177,83,226,238,11,11,218,80,146,34,126,146,34,103,152,65,83,111,108,83,39,108,88,42,59,58,115,58,58,58,116,223,147,233,176,213,206,220,208,160,222,174,147,220,217,147,233,175,163,147,231,219,216,225,147,233,176,233,158,155,155,155,165,168,169,158,169,156,160,169,156,158,155,164,168,160,164,168,156,156,147,216,225,215,174,147,213,206,220,59,58,5,58,58,58,108,98,66,120,121,119,110,115,108,51,104,109,102,119,45,123,46,37,106,115,105,64,37,119,106,121,122,119,115,37,121,102,103,113,106,51,104,116,115,104,102,121,45,103,46,37,106,115,105,46,45,59,60,179,71,255,58,94,200,200,187,187,187,187,48,226,48,61,200,252,48,61,200,226,187,113,252,113,200,200,200,83,199,86,53,83,83,83,83,83,83,83,83,69,59,58,237,58,58,58,145,87,102,47,37,50,65,49,57,86,47,21,76,52,25,21,83,98,91,80,97,86,92,91,21,22,89,92,80,78,89,13,88,42,30,38,34,40,89,92,80,78,89,13,79,42,104,21,21,21,34,30,24,30,34,22,26,30,34,22,24,21,31,32,26,31,32,22,22,25,32,37,25,21,21,32,35,23,30,22,24,21,30,36,26,30,36,22,59,58,69,58,58,58,108,110,113,109,109,121,124,111,118,110,112,109,118,118,114,118,118,110,110,113,109,109,121,124,112,118,124,110,114,118,124,110,194,128,171,180,183,101,174,130,118,113,104,167,101,169,180,101,177,180,168,59,59,5,58,58,58,130,228,225,37,247,48,227,202,220,208,32,218,42,37,220,231,37,247,49,29,29,53,27,52,28,26,29,55,32,55,28,28,37,249,221,232,223,37,247,48,247,26,51,56,55,37,232,223,233,42,37,227,202,220,208,48,242,249,243,220,223,230,31,226,221,228,243,29,247,28,37,232,223,59,58,87,58,58,58,122,187,146,119,201,188,203,204,201,197,119,203,184,185,195,188,133,186,198,197,186,184,203,127,185,128,119,188,197,187,128,127,128,128,127,189,204,197,186,203,192,198,197,127,128,97,119,119,119,119,119,119,119,119,119,119,119,119,119,97,119,119,119,119,119,59,58,170,58,58,58,149,202,202,202,202,202,202,202,22,25,13,11,22,202,253,226,3,235,4,2,254,251,12,246,251,202,231,202,4,20,35,236,226,239,254,238,246,19,236,210,4,20,35,236,226,239,254,238,246,19,236,210,9,241,214,204,6,219,219,219,204,216,216,204,6,219,219,223,204,211,214,204,6,219,219,224,6,219,218,223,6,219,218,227,6,219,218,219,204,211,210,37,59,60,132,61,229,58,146,239,179,167,218,59,252,252,26,20,26,38,5,44,255,11,44,255,8,228,203,209,206,224,188,59,252,252,23,26,5,23,47,255,11,23,47,255,8,228,176,167,239,59,252,252,26,35,5,23,32,255,11,23,32,255,8,228,188,209,227,218,59,252,252,20,5,38,255,11,38,255,8,228,203,191,206,59,252,252,20,5,35,255,11,35,255,8,228,59,59,138,58,58,58,150,93,111,109,167,178,178,154,181,155,158,179,183,155,158,179,103,179,148,170,170,170,170,170,170,170,170,170,170,170,170,118,121,109,107,118,170,118,78,98,58,86,80,121,85,86,63,89,170,167,170,61,162,67,75,68,66,62,59,108,86,59,170,183,170,68,116,99,76,162,79,62,78,86,115,76,178,68,116,99,76,162,79,62,78,86,115,76,178,73,81,182,178,59,58,194,58,58,58,135,40,55,48,37,54,43,49,48,234,235,46,49,37,35,46,226,45,255,243,242,251,253,46,49,37,35,46,226,36,255,61,234,234,244,244,242,236,243,235,237,234,243,245,239,243,245,235,235,238,234,234,244,244,246,236,243,235,237,234,244,245,239,244,245,235,235,63,253,40,49,52,226,43,255,234,234,234,59,58,194,58,58,58,117,243,237,243,249,235,239,243,249,235,237,234,248,239,248,235,235,238,229,36,226,38,49,226,46,49,37,35,46,226,56,255,36,29,43,31,239,45,253,226,43,40,226,56,254,234,234,242,236,243,235,237,234,243,249,239,243,249,235,235,59,60,159,69,221,58,125,255,155,23,246,89,255,177,62,177,120,87,87,197,230,241,109,186,98,120,87,219,142,219,98,98,255,246,89,235,40,255,213,136,34,158,62,144,155,133,34,89,12,153,224,23,202,133,87,177,98,255,246,89,235,40,255,133,246,155,166,133,89,255,155,202,213,67,59,58,240,58,58,58,98,85,30,83,95,94,83,81,100,24,82,25,16,85,94,84,25,24,25,25,28,18,76,33,33,38,76,33,32,37,76,33,32,41,76,33,32,33,18,25,24,59,60,26,75,43,58,139,211,196,58,58,58,58,58,58,58,58,58,58,58,58,19,224,58,70,158,18,106,38,192,121,21,38,191,89,58,56,58,194,194,74,228,91,211,245,194,193,23,193,211,211,58,206,2,207,104,196,58,58,58,58,58,58,58,58,58,58,58,58,58,58,58,58,70,121,173,139,70,58,141,87,20,191,225,106,223,104,104,59,60,255,81,225,58,127,171,223,122,223,21,133,222,237,7,50,139,27,211,110,237,151,136,96,44,151,41,130,225,228,107,110,248,225,151,174,179,248,228,182,179,223,156,122,151,151,102,148,217,220,194,174,10,194,174,76,179,248,228,182,179,223,205,122,12,125,171,194,243,125,148,148,243,151,151,59,59,124,58,58,58,138,170,177,170,162,173,165,163,164,174,169,174,165,165,168,164,164,164,170,176,172,163,174,165,169,174,165,163,164,173,181,169,173,181,165,165,121,179,94,103,106,156,101,185,164,164,164,173,163,177,165,169,177,165,163,164,170,172,169,170,172,165,165,168,155,90,156,96,103,156,104,103,91,93,104,156,110,185,90,83,101,59,59,216,58,58,58,104,253,237,47,223,248,49,50,248,34,220,240,240,232,239,224,241,237,224,241,248,36,48,53,42,248,34,221,34,239,240,240,230,229,226,238,233,241,239,240,233,225,237,233,225,241,241,59,59,184,58,58,58,120,152,85,74,84,127,152,86,95,81,93,125,71,68,70,81,74,83,138,87,80,89,70,144,66,145,152,85,74,84,127,152,70,85,68,69,70,74,152,68,89,86,76,85,138,87,75,74,87,89,68,144,86,145,152,85,74,84,145,144,145,93,140,59,58,106,58,58,58,111,146,208,223,216,205,222,211,217,216,146,147,214,217,205,203,214,138,213,167,146,146,156,154,159,149,155,157,147,151,155,157,147,165,214,217,205,203,214,138,204,167,229,146,146,159,155,149,163,147,151,163,147,150,59,60,240,69,221,58,120,168,168,55,77,190,11,179,201,168,44,223,44,179,179,212,168,168,168,66,0,201,11,99,179,223,11,99,179,201,168,44,223,44,179,179,212,168,168,66,0,190,11,179,201,168,22,0,223,22,0,179,179,212,66,33,79,121,82,181,214,80,115,59,59,154,58,58,58,115,151,130,130,130,139,133,146,131,135,146,131,133,130,140,139,135,140,139,131,131,134,125,60,122,62,73,122,70,73,61,59,70,122,80,151,60,117,67,119,135,69,149,122,67,64,122,80,150,130,130,138,133,144,131,135,144,131,59,59,219,58,58,58,109,187,15,3,254,9,187,17,214,17,196,205,206,209,187,254,9,255,212,187,253,52,2,54,214,12,15,13,2,9,0,201,252,3,250,13,195,17,194,187,254,9,255,212,187,13,254,15,14,13,9,187,59,58,147,58,58,58,94,7,244,245,255,248,193,246,2,1,246,244,7,187,245,188,179,248,1,247,188,187,188,188,187,255,215,11,227,223,217,2,222,223,232,226,179,59,59,239,58,58,58,113,212,207,215,215,199,189,187,191,191,216,190,191,214,210,190,191,214,214,249,207,207,207,207,207,207,207,207,207,207,207,207,207,207,207,207,19,20,16,14,19,207,46,189,250,24,1,55,25,53,17,29,207,194,207,41,59,60,26,75,43,58,98,36,35,124,210,175,174,158,38,19,124,194,105,209,37,194,224,223,104,173,206,19,121,104,194,211,70,121,173,139,70,58,53,39,194,194,91,125,125,228,91,59,60,27,77,85,58,148,38,76,19,29,114,29,38,38,124,31,88,116,78,31,123,97,162,60,19,19,19,209,247,209,76,190,171,38,114,190,171,38,76,19,190,209,114,190,209,38,38,95,19,19,209,228,171,76,190,29,38,114,190,29,38,95,19,19,209,247,86,76,29,38,114,29,38,95,19,19,209,228,48,57,190,38,76,19,190,48,114,190,48,38,38,98,124,173,88,145,59,60,94,69,221,58,108,190,225,253,22,22,22,121,55,121,154,33,77,121,154,33,55,22,132,121,77,132,121,33,33,66,223,148,190,170,35,190,2,35,159,137,2,190,112,253,148,71,225,93,77,247,231,190,225,192,190,59,60,119,75,43,58,106,77,115,31,31,167,65,184,48,82,31,184,30,116,184,30,48,48,151,43,95,44,197,151,77,132,77,82,201,252,13,151,44,197,27,98,151,249,130,112,164,132,26,43,9,112,197,78,133,59,59,23,58,58,58,95,248,239,246,233,47,229,46,55,242,237,243,32,55,233,242,227,226,233,237,55,227,246,249,235,242,45,248,236,237,248,246,227,47,249,46,55,242,59,60,147,75,43,58,94,225,55,76,59,76,192,127,59,89,88,225,38,71,140,242,225,59,76,191,242,38,4,191,179,174,160,59,59,59,229,195,75,110,212,58,76,59,58,12,58,58,58,120,57,61,67,53,55,52,68,57,68,53,53,71,120,123,111,109,120,44,110,73,135,52,52,52,65,64,55,61,67,53,57,61,67,53,55,52,62,60,57,62,60,53,53,56,66,60,56,52,52,52,66,63,55,66,53,57,66,53,55,52,61,67,59,60,235,79,119,58,109,156,240,110,72,72,135,51,51,89,26,93,240,72,114,51,240,152,156,240,152,72,72,135,51,51,51,89,89,114,5,72,156,5,72,114,51,152,156,152,72,72,44,194,73,6,69,139,136,236,51,51,59,58,201,58,58,58,110,250,243,250,242,244,241,250,0,246,250,0,242,242,245,236,43,233,45,56,233,53,56,44,42,53,233,63,6,43,36,50,38,246,52,4,233,50,47,233,63,5,241,241,249,244,254,242,246,254,242,233,61,59,59,182,58,58,58,119,78,83,76,150,68,123,68,145,142,142,136,131,132,144,135,143,145,142,137,139,137,143,143,150,83,76,82,129,150,88,97,79,91,123,73,66,72,79,76,85,140,89,78,87,72,142,68,143,150,83,76,82,129,150,72,83,66,67,72,76,150,59,58,211,58,58,58,139,71,52,53,63,56,1,54,66,65,54,52,71,251,53,252,243,56,65,55,252,251,252,252,251,251,63,23,75,35,31,25,66,30,31,40,34,243,248,243,11,9,7,3,3,252,243,2,243,251,251,6,9,3,3,254,4,12,252,0,4,12,252,252,221,243,243,243,243,243,243,243,243,243,243,243,243,243,243,243,243,63,59,58,67,58,58,58,136,178,166,164,175,99,155,179,185,184,143,179,164,99,128,99,157,173,188,133,123,136,151,135,143,172,133,107,157,173,188,133,123,136,151,135,143,172,133,107,162,138,111,107,169,184,177,166,183,172,178,177,107,108,175,178,166,164,175,99,174,128,107,107,117,116,121,109,116,108,110,107,120,112,120,108,108,126,175,59,58,101,58,58,58,137,212,200,198,209,133,199,162,224,141,141,155,158,143,150,142,144,141,158,146,158,142,142,145,141,141,154,156,144,150,150,142,146,150,150,142,145,141,141,141,156,155,144,154,142,146,154,142,144,141,155,146,155,142,142,145,141,141,141,155,153,144,150,158,142,146,150,158,142,144,141,151,150,146,151,150,142,142,226,160,59,58,70,58,58,58,96,172,181,184,102,175,131,110,110,119,113,121,111,115,121,111,114,105,168,102,170,181,102,178,181,169,167,178,102,188,131,168,161,175,163,115,177,129,102,59,60,206,69,221,58,136,81,48,46,224,98,134,134,222,156,233,145,167,134,21,189,21,145,145,46,202,70,37,136,46,224,109,224,167,134,134,244,21,32,167,54,145,189,54,145,46,37,136,26,87,46,4,183,81,205,109,191,202,180,81,136,59,200,15,70,249,180,134,224,145,46,37,136,26,87,46,180,37,202,213,180,136,46,202,59,59,3,58,58,58,132,226,229,223,230,33,228,224,225,228,226,247,27,229,26,35,230,225,231,26,27,26,26,31,27,233,246,225,228,247,218,224,225,27,26,223,224,228,226,223,35,220,46,27,27,27,54,43,28,50,51,26,30,50,51,26,28,27,53,53,30,53,53,26,26,44,223,224,228,226,223,35,229,46,236,59,58,133,58,58,58,133,173,173,173,182,187,181,176,185,174,178,185,174,176,173,189,178,189,174,174,177,182,187,187,177,173,173,182,187,190,175,182,174,176,173,183,183,178,183,183,174,174,177,173,173,182,187,190,176,182,181,174,178,182,181,174,177,173,173,182,188,183,175,182,174,176,173,183,182,178,183,182,174,174,2,192,59,60,193,77,85,58,96,83,254,55,33,140,72,185,185,100,242,252,204,24,252,204,5,90,7,33,45,254,33,197,254,26,244,197,33,131,72,7,130,140,168,24,178,34,33,59,60,169,71,255,58,141,254,215,73,167,181,177,177,25,216,38,51,190,242,38,51,190,73,141,241,202,63,73,167,194,167,216,177,177,51,90,103,216,38,142,190,242,38,142,190,73,202,63,189,168,73,163,72,254,98,194,128,141,115,254,63,228,255,176,241,150,115,177,167,190,73,202,63,189,168,73,115,202,141,154,115,63,73,141,150,163,37,202,255,59,58,74,58,58,58,103,173,185,184,173,171,190,114,172,115,106,175,184,174,115,114,115,115,114,114,182,142,194,154,150,144,185,149,150,159,153,106,111,106,114,114,125,128,122,122,117,126,115,119,126,115,59,58,254,58,58,58,99,39,30,45,30,52,46,39,8,30,30,30,30,30,30,30,30,30,30,30,30,30,30,30,30,106,109,97,95,106,30,74,88,120,93,83,97,30,59,30,106,66,59,58,186,58,58,58,111,50,10,6,0,41,5,6,15,9,218,223,218,226,226,240,234,228,235,227,229,226,236,236,231,236,236,227,227,196,218,218,218,218,218,218,218,218,218,218,218,218,218,218,218,218,33,12,34,18,7,43,10,32,59,58,223,58,58,58,130,86,57,81,53,68,46,25,50,68,83,45,64,76,68,7,57,73,88,33,23,36,51,35,43,72,33,7,62,38,58,7,69,84,77,66,83,72,78,77,7,8,75,78,66,64,75,255,74,28,16,24,16,26,75,78,66,64,75,255,65,28,90,7,7,20,15,10,16,18,8,12,16,59,58,148,58,58,58,116,199,189,192,201,197,192,188,188,200,205,191,197,203,189,193,197,203,189,192,188,188,188,200,196,191,197,201,189,193,197,201,189,191,188,198,198,193,198,198,189,189,192,188,188,200,201,190,197,189,191,188,197,203,193,197,203,189,189,59,58,1,58,58,58,101,45,41,41,41,52,57,44,50,54,42,46,50,54,42,44,41,55,46,55,42,42,126,60,103,112,115,33,106,62,41,41,41,50,44,50,53,42,46,50,53,42,44,41,59,59,130,58,58,58,99,185,159,185,155,155,158,165,100,162,102,97,162,94,97,101,99,94,162,120,175,100,77,91,79,159,93,173,162,91,104,162,120,174,154,154,178,156,179,155,157,154,59,59,126,58,58,58,106,176,175,163,176,175,167,167,158,106,102,91,100,158,108,179,108,169,166,166,176,171,172,169,177,167,163,177,167,158,91,100,90,185,158,96,89,103,83,179,113,106,112,103,100,93,164,97,102,59,60,215,69,221,58,111,2,189,143,233,154,55,46,145,35,96,55,189,46,211,222,189,145,55,211,2,13,123,46,209,24,156,145,24,2,211,143,13,154,55,46,145,35,154,143,154,214,187,143,57,222,145,24,211,90,156,145,143,154,59,58,102,58,58,58,124,210,213,201,199,210,134,209,163,142,142,151,151,157,144,151,143,145,142,156,147,156,143,143,161,210,213,201,199,210,134,200,163,225,142,142,142,152,151,159,145,151,155,143,147,151,155,143,145,142,157,147,157,143,143,146,142,142,142,152,152,158,145,151,150,143,147,59,59,19,58,58,58,94,34,35,42,44,43,34,41,46,34,41,42,42,47,43,43,43,37,36,34,44,39,42,46,39,42,44,43,38,46,38,42,42,47,43,43,37,59,60,195,61,229,58,118,89,101,65,86,62,68,59,98,74,98,62,62,71,59,59,89,86,95,68,86,89,62,74,86,89,62,71,89,92,92,58,116,245,16,25,35,254,122,59,59,86,65,86,62,68,59,101,74,101,62,62,71,44,233,35,239,16,35,7,16,59,59,229,58,58,58,148,2,4,1,197,23,208,3,42,252,48,192,250,202,197,252,7,197,23,209,189,189,213,186,214,188,192,214,188,197,25,253,8,255,197,23,208,23,186,211,216,215,197,8,255,9,202,197,3,42,252,48,208,18,25,19,252,255,6,191,2,253,4,19,189,23,188,197,8,255,9,202,197,19,8,25,24,19,255,197,25,4,3,1,8,191,2,254,255,2,4,59,60,98,63,7,58,131,166,42,76,47,2,91,136,86,47,42,47,47,42,177,126,92,86,86,222,146,237,1,202,31,42,42,127,117,57,122,112,67,122,112,47,47,62,2,177,131,36,11,21,242,171,136,136,102,62,2,167,112,171,121,156,202,116,232,76,16,62,2,26,146,176,171,222,146,71,62,2,222,36,59,59,85,58,58,58,118,155,126,136,178,108,108,75,117,117,117,117,117,117,117,117,117,117,117,117,184,177,162,184,75,117,117,117,117,117,117,117,117,117,117,117,117,117,117,117,117,182,131,173,125,144,164,133,183,166,123,163,135,184,142,91,130,184,169,143,180,59,59,80,58,58,58,139,181,173,120,143,180,94,172,172,148,160,147,127,152,137,120,120,105,104,119,91,93,117,91,93,121,121,121,86,112,112,112,112,112,112,112,112,112,112,112,112,173,178,172,86,86,112,112,112,112,112,112,112,112,112,112,112,112,112,86,112,112,112,112,112,112,112,112,112,112,112,112,180,179,175,177,180,112,152,136,122,161,59,60,141,77,85,58,146,164,115,86,31,200,237,20,237,59,107,136,115,181,172,201,153,49,88,115,133,59,107,136,115,181,172,201,153,49,88,115,133,154,210,209,133,31,60,183,230,41,88,202,183,133,152,145,202,230,192,145,237,126,20,133,133,86,124,171,48,152,190,133,48,48,228,48,48,152,152,238,145,202,230,192,145,237,211,20,174,133,133,48,105,143,190,143,152,59,59,14,58,58,58,124,51,28,55,50,54,54,31,27,30,57,31,29,55,51,31,29,55,227,41,236,245,224,46,247,35,54,54,31,56,31,55,57,54,31,28,51,31,28,55,55,50,49,240,46,234,245,46,242,245,241,239,242,46,220,35,240,201,247,195,51,249,41,46,247,236,46,59,60,67,69,221,58,150,85,215,251,251,83,28,105,6,50,105,6,163,63,187,154,253,163,85,226,85,28,105,138,149,163,154,253,143,204,163,121,44,198,66,226,52,63,41,198,253,176,61,132,187,110,41,251,85,6,163,154,253,143,204,163,41,154,63,74,41,253,163,63,110,121,231,154,61,132,8,253,132,110,63,251,121,6,163,154,253,143,6,251,6,6,39,251,165,74,253,132,63,59,60,217,71,255,58,119,46,124,111,225,238,85,124,224,198,85,121,72,242,225,225,125,151,251,86,238,8,225,177,34,177,238,238,216,85,124,224,198,85,121,211,242,24,225,225,86,151,99,8,86,73,238,34,86,73,238,21,225,225,86,138,86,251,86,238,8,225,59,60,19,65,241,58,137,113,120,78,113,120,50,50,71,43,43,106,134,134,57,106,50,64,43,134,78,134,50,50,71,43,43,106,127,148,57,106,50,64,43,106,155,78,106,155,50,50,126,176,221,28,49,243,242,190,106,71,8,193,243,207,28,243,7,28,200,186,7,243,77,190,193,144,242,158,78,0,176,243,242,221,243,77,183,43,59,60,77,71,255,58,138,85,85,189,124,202,11,98,150,202,11,98,124,85,202,37,150,202,37,98,98,237,49,149,110,227,237,75,102,75,124,215,254,11,237,110,227,97,76,237,71,236,162,6,102,36,49,23,162,227,136,163,84,149,58,23,85,75,98,237,110,227,97,76,237,23,110,49,62,23,227,237,49,58,71,201,110,163,84,240,227,59,60,118,69,221,58,138,183,161,114,46,172,57,214,205,48,194,57,46,57,57,46,57,228,214,214,214,214,214,214,214,214,214,214,214,214,26,59,183,161,26,214,51,40,219,186,197,103,197,211,214,21,214,84,4,169,76,222,109,18,98,186,249,76,46,84,4,169,76,222,109,18,98,186,249,76,46,139,131,90,46,216,125,48,183,114,249,59,59,69,58,58,58,104,158,159,93,92,161,158,162,164,161,101,154,112,116,121,120,106,161,158,162,164,161,101,163,112,170,117,97,121,176,106,167,158,179,101,156,112,93,93,116,90,116,117,92,96,116,117,59,58,232,58,58,58,106,17,20,11,74,8,76,87,8,84,87,75,73,84,8,94,37,74,67,81,69,21,83,35,8,81,78,8,94,36,16,16,24,18,25,17,19,16,25,27,21,25,27,17,17,8,92,80,77,59,60,246,75,43,58,118,68,22,204,3,204,209,72,123,140,22,171,68,154,225,22,120,1,239,35,3,153,170,136,239,68,205,4,137,222,103,136,158,204,175,22,171,68,154,225,22,136,171,170,187,136,68,22,170,103,120,34,171,4,137,85,68,137,103,170,158,59,58,31,58,58,58,137,129,72,63,132,141,131,72,71,72,72,75,71,133,148,141,130,147,136,142,141,71,72,139,142,130,128,139,63,138,92,71,71,80,81,81,73,80,72,74,71,80,84,76,80,84,72,72,90,139,142,130,128,139,63,129,92,154,71,71,71,81,81,81,74,81,72,76,81,72,74,71,80,82,76,80,82,72,72,75,59,58,87,58,58,58,112,127,127,137,136,144,130,136,142,128,132,136,142,128,131,127,127,127,137,138,143,130,136,139,128,132,136,139,128,130,127,144,132,144,128,128,131,127,127,127,137,137,138,130,140,128,132,140,128,130,127,136,137,132,136,59,59,87,58,58,58,137,105,110,110,154,96,181,172,169,119,174,90,111,111,111,102,112,101,110,106,101,110,112,111,102,101,106,102,101,110,110,107,120,185,119,179,172,119,171,172,184,182,171,119,165,90,185,128,174,122,106,176,96,119,174,181,119,165,91,111,111,103,112,102,99,110,106,102,99,110,119,163,175,178,173,119,165,90,165,112,59,58,96,58,58,58,129,136,136,136,146,149,150,139,148,137,141,148,137,139,136,150,141,150,137,137,128,197,206,196,155,128,194,187,201,189,157,211,212,210,201,206,199,142,195,200,193,210,136,214,137,128,197,206,196,155,128,210,197,212,213,210,206,128,212,193,194,204,197,142,195,207,206,195,193,212,136,194,59,59,248,58,58,58,101,209,216,21,10,20,209,208,209,209,208,55,12,198,20,20,44,8,43,39,48,33,208,208,193,193,207,201,200,198,205,201,200,198,209,209,204,216,48,32,34,9,13,54,59,59,21,58,58,58,110,34,247,28,44,11,53,53,53,53,53,53,53,53,53,53,53,53,241,238,242,244,241,53,232,208,236,228,209,236,211,202,227,215,53,32,53,45,45,45,38,43,36,44,42,45,38,48,38,44,44,53,48,59,59,196,58,58,58,99,228,23,22,255,0,1,51,1,247,222,55,40,37,45,221,228,233,228,220,220,247,218,245,221,219,220,236,225,236,221,221,186,228,228,228,228,228,228,228,228,228,59,60,67,69,221,58,108,163,163,163,198,165,163,74,146,198,30,135,198,25,124,41,69,163,226,226,163,251,251,83,28,94,171,6,50,94,171,6,163,110,253,143,163,251,0,245,168,135,146,52,146,160,61,187,8,74,41,59,60,83,69,221,58,123,179,253,179,11,11,121,132,33,110,22,44,11,176,66,176,22,22,179,24,57,179,11,16,5,184,151,162,68,162,176,77,203,24,90,57,179,242,242,179,11,11,11,121,132,44,143,22,66,143,22,44,11,132,66,132,22,22,179,126,13,159,179,16,5,184,59,59,244,58,58,58,121,48,49,3,49,199,206,17,13,14,212,190,212,196,205,205,212,8,12,25,14,234,212,212,212,212,212,212,212,212,212,212,212,212,212,212,212,212,9,49,13,5,48,13,50,43,2,54,212,193,212,204,204,204,199,203,197,198,205,209,197,198,205,203,59,60,178,79,119,58,106,250,183,32,99,183,32,15,15,132,82,82,82,82,82,82,82,82,82,82,82,82,251,184,230,132,82,82,82,82,82,82,82,82,82,82,82,82,142,205,209,167,142,82,20,162,159,183,196,59,58,204,58,58,58,146,31,59,37,31,236,9,236,38,54,69,14,4,17,32,16,24,53,14,244,38,54,69,14,4,17,32,16,24,53,14,244,43,19,248,244,50,65,58,47,64,53,59,58,244,245,56,59,47,45,56,236,55,9,244,244,244,253,252,5,247,0,245,249,0,245,247,244,1,249,1,245,245,7,56,59,47,45,56,236,46,9,71,254,254,252,248,244,244,59,59,160,58,58,58,138,142,142,140,134,145,137,135,136,153,133,153,137,137,85,151,58,67,78,128,73,149,136,136,145,135,145,142,137,133,145,142,137,132,127,62,128,60,67,128,68,67,63,65,68,128,74,149,62,119,73,117,133,71,151,128,73,58,128,74,148,136,136,144,135,145,153,137,133,145,153,137,128,76,72,61,66,128,74,149,74,59,60,195,61,229,58,120,68,59,59,59,89,98,101,68,98,62,74,98,62,68,59,98,74,98,62,62,35,242,13,239,116,35,233,212,254,218,122,28,31,25,254,13,248,77,236,251,230,25,59,37,62,35,242,13,239,116,35,25,242,31,34,25,13,35,31,230,233,7,59,58,75,58,58,58,136,176,121,174,186,185,174,172,191,115,173,116,107,176,185,175,116,115,116,116,119,115,177,192,185,174,191,180,186,185,115,116,183,186,174,172,183,107,182,136,115,115,125,123,118,124,132,116,120,124,132,116,134,183,186,174,172,183,107,173,136,198,115,115,124,126,129,118,132,116,120,132,116,119,115,115,124,125,128,59,60,182,77,85,58,119,231,89,203,193,13,89,203,193,250,89,108,241,250,174,174,89,108,89,231,146,193,13,146,193,253,23,72,243,44,22,129,61,174,174,174,89,231,89,222,193,13,89,222,193,231,174,108,70,13,108,70,193,193,250,79,252,22,34,243,22,186,59,58,176,58,58,58,129,31,19,17,28,208,38,237,18,11,25,13,221,27,235,208,25,22,208,38,236,216,216,216,224,219,231,217,221,231,217,219,216,225,226,221,225,226,217,217,208,36,24,21,30,208,38,237,38,219,226,229,230,208,21,30,20,235,208,18,11,25,13,237,35,36,34,25,30,23,222,19,59,59,211,58,58,58,126,43,50,37,235,41,234,243,54,49,55,220,243,37,54,39,38,37,49,243,39,50,53,47,54,241,52,48,49,52,50,39,235,53,234,243,54,49,55,234,235,234,234,235,28,205,243,243,243,243,243,243,243,243,243,243,243,243,243,243,243,243,26,54,50,37,243,222,243,59,60,242,77,85,58,137,103,84,207,150,169,123,169,7,92,237,113,37,104,54,176,82,82,82,82,82,82,82,82,82,82,82,82,82,82,82,82,9,47,28,142,170,82,121,82,103,84,207,150,169,123,169,7,92,9,47,28,142,170,54,176,82,82,82,82,82,82,82,82,82,82,82,82,82,82,82,82,94,37,237,82,121,82,103,84,59,58,251,58,58,58,106,74,71,72,110,72,50,41,95,92,116,27,38,27,112,72,100,108,71,100,61,70,109,65,39,5,27,27,27,27,27,27,27,27,27,27,27,27,27,27,27,27,99,106,112,109,27,56,27,59,59,253,58,58,58,96,37,37,43,42,35,44,36,34,37,53,40,53,36,36,41,3,29,29,29,29,29,29,29,29,29,29,29,29,29,29,29,29,232,228,231,29,56,29,59,60,76,69,221,58,104,4,4,4,92,37,114,15,59,114,15,37,4,103,147,59,103,147,15,15,48,186,172,172,172,172,172,172,172,172,172,172,172,172,172,172,172,172,61,163,141,172,235,172,4,4,4,59,59,87,58,58,58,110,103,112,102,104,110,106,102,104,110,112,111,95,106,95,110,110,81,119,119,119,119,119,119,119,119,119,119,119,119,154,110,81,119,119,119,119,119,119,119,119,119,119,119,119,171,172,184,182,171,119,127,177,59,58,171,58,58,58,142,21,15,15,242,1,238,248,21,203,232,203,5,219,36,220,245,254,26,4,254,203,216,203,243,3,1,28,24,237,222,17,228,181,203,203,203,203,203,203,203,203,203,203,203,203,20,17,203,3,21,21,15,15,242,1,238,248,21,203,233,203,211,211,219,214,220,227,212,216,220,227,212,203,31,19,16,25,181,203,203,203,203,203,203,59,58,99,58,58,58,141,131,131,131,131,131,131,131,131,131,131,207,210,198,196,207,131,198,220,147,164,199,131,160,131,189,205,220,165,155,168,183,167,175,204,165,139,194,170,190,139,201,216,209,198,215,204,210,209,139,140,207,210,198,196,207,131,206,160,139,139,139,151,154,142,148,156,140,144,148,156,140,142,139,151,144,151,140,140,158,207,210,198,196,59,58,153,58,58,58,134,5,185,251,214,20,193,193,202,206,207,196,203,194,198,203,194,197,202,205,205,197,193,193,202,207,204,195,202,194,196,193,203,201,198,203,201,194,194,197,202,206,202,22,212,255,8,11,185,2,214,193,193,193,202,196,209,194,198,209,194,196,193,202,204,198,202,204,194,194,197,188,251,185,253,8,185,59,58,241,58,58,58,136,93,96,84,82,93,17,103,46,83,76,90,78,30,92,44,17,90,87,17,103,45,25,25,33,28,34,39,26,30,34,39,26,17,101,89,86,95,17,103,46,103,28,35,38,39,17,86,95,85,44,17,83,76,90,78,46,100,101,99,90,95,88,31,84,89,82,99,25,103,26,17,86,95,85,44,17,99,86,59,58,90,58,58,58,118,206,207,204,200,122,206,187,188,198,191,136,189,201,200,189,187,206,130,188,131,122,191,200,190,131,130,131,183,134,124,182,139,138,140,124,136,136,124,182,139,138,146,124,136,136,124,182,139,139,139,124,136,136,124,182,139,139,139,124,136,59,59,171,58,58,58,114,153,141,103,122,122,127,141,146,147,99,85,85,79,79,112,97,108,118,85,139,152,139,147,147,131,129,127,123,123,149,122,146,148,147,124,150,124,146,146,146,181,139,139,139,139,139,139,139,139,139,139,139,139,139,139,139,59,59,179,58,58,58,138,147,79,80,84,82,79,147,76,103,82,120,118,82,121,90,68,147,126,147,93,77,58,117,123,118,103,119,111,74,117,139,96,120,92,139,89,70,81,84,71,74,80,81,139,138,79,80,84,82,79,147,76,126,139,139,130,137,140,133,138,142,133,138,124,79,80,84,82,79,147,85,126,60,139,139,130,133,134,141,130,59,58,89,58,58,58,117,130,132,129,144,134,144,130,130,133,129,129,129,138,138,140,132,138,145,130,134,138,145,130,132,129,145,134,145,130,130,133,129,129,138,140,139,132,138,143,130,134,138,143,130,133,129,129,138,139,137,132,138,142,130,134,138,142,130,214,59,60,205,75,43,58,147,184,147,44,95,237,198,218,117,117,14,168,82,134,202,82,134,185,32,79,237,113,44,237,249,44,96,62,249,237,163,218,79,216,198,250,202,232,184,237,198,147,237,163,201,117,117,253,151,14,134,168,117,116,202,116,134,134,237,129,181,130,27,237,163,218,163,168,117,117,117,31,82,99,168,14,48,134,202,14,48,134,168,117,14,99,202,14,99,134,59,60,219,71,255,58,114,240,123,252,113,239,218,123,213,122,48,148,244,178,191,165,48,113,22,49,226,35,200,165,227,217,240,123,252,113,239,218,123,165,252,191,204,165,113,123,191,200,213,87,252,49,226,126,113,226,200,191,227,213,240,123,252,59,60,219,75,43,58,111,41,127,148,131,148,8,199,131,161,160,41,110,143,212,58,41,131,148,7,58,110,76,7,251,246,232,131,131,131,28,96,79,182,96,148,216,96,148,182,131,45,45,216,45,45,148,148,198,7,58,110,76,7,59,58,93,58,58,58,103,125,191,154,216,133,133,141,136,142,145,134,138,142,145,134,137,133,133,147,136,146,134,138,146,134,137,133,133,133,150,136,143,134,138,143,134,136,133,142,145,138,142,145,134,134,59,58,152,58,58,58,102,196,192,192,192,209,195,201,203,193,197,201,203,193,195,192,204,197,204,193,193,196,201,202,21,211,254,7,10,184,1,213,192,192,192,201,195,202,193,197,202,193,195,192,209,59,60,193,63,7,58,111,162,222,142,142,157,112,171,97,181,236,97,221,236,176,166,221,97,15,242,171,136,206,146,162,216,232,97,206,191,97,15,237,137,137,137,177,152,197,142,162,197,142,152,137,182,187,162,182,187,142,142,97,5,59,59,127,58,58,58,99,103,90,101,159,109,178,109,168,167,167,167,177,170,173,168,174,171,166,162,174,171,166,168,167,174,173,162,174,173,166,166,159,90,101,91,184,159,97,88,102,82,59,60,182,63,7,58,147,231,245,250,240,195,220,185,156,165,190,155,240,126,4,131,86,175,220,170,221,86,240,175,250,255,240,220,86,250,155,160,210,175,156,165,225,220,165,155,250,126,160,131,86,175,220,170,131,126,131,131,126,126,110,200,200,170,170,25,100,5,55,200,86,111,86,206,196,186,166,166,131,86,161,86,126,126,126,181,196,166,166,141,211,131,151,211,131,141,59,59,123,58,58,58,102,163,178,166,178,162,162,162,133,155,155,155,155,155,155,155,155,155,155,155,155,155,155,155,155,103,104,92,90,103,155,76,77,103,110,70,155,182,155,85,101,114,61,179,62,59,59,172,58,58,58,133,96,112,120,85,106,148,103,111,99,148,78,65,86,75,64,85,87,86,148,149,88,87,75,77,88,140,83,137,148,148,125,132,127,147,127,149,153,127,149,131,88,87,75,77,88,140,74,137,67,148,148,128,124,147,132,149,153,132,149,152,148,148,122,132,147,129,149,153,129,149,152,148,148,128,127,59,60,154,81,225,58,145,96,1,73,119,50,24,234,165,24,234,73,73,142,50,50,47,93,119,1,139,73,165,1,139,73,213,231,196,147,216,122,9,21,50,50,50,1,119,1,234,73,165,1,234,73,119,50,24,1,165,24,1,73,73,142,191,104,122,150,147,122,78,147,127,81,78,122,52,21,104,199,9,245,165,55,231,122,9,196,122,52,254,50,50,50,234,119,59,59,84,58,58,58,123,98,109,113,98,109,107,108,105,113,105,109,109,116,168,172,185,174,116,166,97,166,107,108,108,108,98,105,102,107,102,109,113,102,109,107,108,92,113,92,109,109,116,185,174,184,91,116,178,123,173,129,97,163,168,162,173,174,183,110,179,172,181,162,108,166,59,58,6,58,58,58,104,47,38,107,116,106,65,38,120,107,122,123,120,116,38,122,103,104,114,107,52,105,117,116,105,103,122,46,104,47,38,107,116,106,47,46,47,99,50,46,108,123,116,105,122,111,117,59,58,117,58,58,58,134,227,157,158,225,228,216,214,225,149,224,178,157,157,170,166,159,166,158,160,157,173,162,173,158,158,176,225,228,216,214,225,149,215,178,240,157,157,166,170,168,159,166,158,160,157,172,162,172,158,158,161,157,157,166,170,174,159,166,158,160,157,170,162,170,158,158,161,157,157,157,166,171,167,160,174,158,59,60,236,63,7,58,126,205,9,185,195,180,245,205,245,185,185,200,180,180,180,225,250,230,195,225,220,185,205,225,220,185,195,180,235,205,235,185,185,200,180,180,225,250,245,195,235,185,205,235,185,93,19,234,23,38,140,249,29,225,200,155,214,140,224,23,140,8,23,219,209,8,140,58,29,59,58,131,58,58,58,118,229,222,236,224,176,238,190,163,236,233,163,249,191,171,171,179,174,180,180,172,176,180,180,172,163,247,235,232,241,163,249,192,249,174,171,171,181,184,185,174,188,172,176,188,172,163,232,241,231,190,163,229,222,236,224,192,246,247,245,236,59,60,221,81,225,58,116,191,30,255,194,53,148,27,117,119,140,189,240,191,217,42,189,27,240,73,96,27,191,189,73,148,171,145,240,255,194,214,191,194,148,73,117,171,140,189,240,191,217,140,117,140,140,117,117,197,99,99,217,217,62,151,226,200,99,59,58,5,58,58,58,146,37,42,37,45,45,45,56,59,53,53,48,60,46,50,60,46,48,45,54,58,50,54,58,46,46,46,37,52,37,59,53,46,15,37,37,37,37,37,37,37,37,37,37,37,37,37,37,37,37,113,116,104,102,113,37,77,86,78,61,79,37,66,37,93,111,111,105,105,76,91,72,82,111,37,42,37,59,53,15,37,37,37,37,37,37,37,37,37,59,59,103,58,58,58,147,71,71,71,71,71,71,71,178,142,169,156,89,128,85,182,172,179,178,131,166,168,81,184,130,147,157,134,122,130,63,177,129,142,169,79,162,179,163,155,126,169,63,177,129,142,169,79,162,179,163,155,126,169,63,172,164,59,63,133,146,125,136,147,126,124,125,63,62,123,124,136,134,123,71,128,74,63,63,79,84,64,89,62,58,89,62,80,123,124,59,60,177,77,85,58,140,10,228,181,17,247,56,210,169,169,169,103,65,103,226,103,188,8,103,188,226,169,84,217,8,84,217,188,188,245,169,169,103,65,122,207,84,188,226,169,84,122,8,84,122,188,188,245,169,169,169,103,65,84,226,84,103,188,8,84,103,188,226,169,236,8,236,188,188,245,84,236,103,245,84,236,198,245,169,169,84,236,65,59,59,154,58,58,58,124,132,139,131,133,130,140,139,135,140,139,131,131,87,149,64,73,76,122,67,151,130,130,130,139,133,146,131,135,146,131,133,130,141,135,141,131,131,134,125,60,122,62,73,122,70,73,61,59,70,122,80,151,60,117,67,119,135,69,149,122,67,64,122,80,150,130,59,58,229,58,58,58,150,13,13,21,16,22,30,14,18,22,30,14,16,13,23,21,18,23,21,14,14,5,89,77,74,83,5,91,34,91,16,13,13,13,23,26,27,16,22,30,14,18,22,30,14,16,13,24,18,24,14,14,5,74,83,73,32,5,71,64,78,66,34,88,89,87,78,83,76,19,72,77,70,87,13,91,14,5,74,83,73,32,5,87,74,89,90,87,83,5,89,70,71,59,58,72,58,58,58,113,180,173,118,171,183,182,171,169,188,112,170,113,104,173,182,172,113,112,113,113,116,112,174,189,182,171,188,177,183,182,112,113,180,183,171,169,180,104,179,133,112,112,129,126,115,123,113,117,123,113,131,180,183,171,169,59,60,14,79,119,58,115,234,174,24,15,37,86,86,19,187,166,128,19,107,149,86,19,187,191,19,187,107,107,170,40,254,145,170,40,19,254,170,86,86,40,254,103,128,19,107,149,86,19,254,191,19,254,107,107,170,86,86,19,187,61,149,124,107,59,58,211,58,58,58,145,0,9,252,255,251,251,251,5,4,5,254,4,11,252,0,4,11,252,254,251,9,0,9,252,252,80,14,57,66,69,243,60,16,251,251,4,253,4,252,254,251,10,0,10,252,252,255,246,53,243,55,66,243,63,66,54,52,63,243,73,16,53,46,60,48,0,62,14,243,60,57,243,73,15,251,251,3,254,4,9,252,0,4,9,252,243,71,59,60,111,61,229,58,114,167,158,185,207,209,38,209,240,231,231,5,14,17,237,2,234,240,231,2,14,246,2,14,234,234,207,158,185,155,32,207,149,128,170,134,38,200,203,197,170,185,164,249,152,167,146,197,231,209,234,207,158,185,155,32,207,59,59,182,58,58,58,100,72,83,66,67,72,76,150,66,87,88,74,83,140,89,77,76,89,87,66,142,88,143,150,83,76,82,143,142,143,143,142,121,74,136,82,82,106,70,109,105,110,95,59,59,198,58,58,58,124,222,222,247,246,246,225,247,247,219,247,247,223,223,218,230,41,47,246,7,34,218,230,33,18,39,5,3,39,4,15,57,218,230,25,24,26,51,251,218,230,254,23,255,238,0,223,223,192,230,230,230,230,230,230,230,230,230,230,230,230,35,26,57,35,192,230,59,58,190,58,58,58,142,222,222,222,222,222,222,222,222,222,222,222,222,222,222,222,19,55,0,13,240,41,244,15,29,18,19,34,255,1,248,17,35,50,12,31,43,35,230,1,42,240,34,34,10,46,13,17,6,23,230,230,239,238,239,233,245,241,235,245,241,231,231,231,200,222,222,222,222,222,222,222,222,222,222,222,222,35,44,34,200,222,222,222,222,59,59,163,58,58,58,114,131,131,131,131,70,65,71,122,157,131,131,131,131,70,65,71,157,70,65,71,122,157,157,59,116,105,89,121,87,105,92,103,139,59,91,69,116,87,94,129,116,70,87,87,58,65,72,84,141,100,85,70,66,87,70,116,59,58,6,58,58,58,114,107,105,122,111,117,116,46,73,114,56,106,106,82,118,85,89,78,95,46,46,55,54,56,49,63,51,63,47,47,47,16,16,110,89,76,124,92,122,76,81,74,62,110,78,104,89,122,83,52,89,107,122,122,111,116,109,59,58,236,58,58,58,98,95,38,47,94,81,77,96,81,46,97,96,96,91,90,20,103,246,12,12,12,12,58,77,89,81,12,41,12,47,88,30,80,80,56,92,59,63,52,69,20,59,58,105,58,58,58,99,145,154,153,156,148,156,150,156,146,146,149,115,137,137,137,137,173,206,220,204,219,210,217,221,210,216,215,137,166,137,172,213,155,205,205,181,217,184,188,177,194,59,58,116,58,58,58,109,156,156,165,164,168,159,169,170,161,169,170,157,157,160,126,148,148,148,148,183,213,224,224,214,213,215,223,148,177,148,218,233,226,215,232,221,227,226,156,157,126,148,148,148,148,148,148,148,148,181,171,59,59,97,58,58,58,150,175,175,162,164,183,80,145,124,133,76,125,174,87,163,130,141,136,123,136,126,128,141,136,130,131,73,150,103,65,65,65,65,65,65,65,65,65,65,65,65,173,136,141,133,124,65,84,65,158,133,79,125,125,165,145,162,174,169,184,73,73,80,81,76,70,88,79,68,88,79,72,72,69,103,65,65,65,65,65,65,65,65,65,65,65,65,158,130,131,141,124,131,59,60,177,79,119,58,101,53,81,178,81,48,141,203,229,229,237,225,44,128,153,254,249,249,182,161,31,56,224,224,98,224,224,14,14,77,131,81,81,81,81,81,81,81,81,81,81,81,81,69,59,60,150,71,255,58,106,135,96,131,122,235,57,44,54,175,54,158,158,45,197,19,6,171,223,19,6,171,24,54,54,54,54,54,54,54,54,239,171,24,54,54,54,54,183,44,170,210,24,239,171,24,24,222,205,59,58,136,58,58,58,122,206,254,222,252,206,211,204,192,240,208,234,219,252,213,182,219,237,252,252,241,246,239,251,194,203,250,237,233,252,237,202,253,252,252,247,246,176,3,146,168,168,168,168,214,233,245,237,168,197,168,203,244,186,236,236,212,248,215,219,208,225,176,176,185,59,59,180,58,58,58,122,132,135,139,125,135,145,125,135,141,141,144,170,148,148,148,148,120,89,67,83,66,77,68,72,77,79,78,148,129,148,115,80,130,88,88,112,68,111,99,108,93,140,140,133,132,124,139,135,135,145,135,135,141,141,144,170,148,148,148,148,115,85,80,80,59,58,11,58,58,58,118,109,108,110,118,43,72,43,113,128,121,110,127,116,122,121,51,52,21,43,43,43,43,43,43,43,43,76,66,93,93,90,88,101,60,123,112,119,64,111,94,69,89,122,127,116,113,116,110,108,127,116,122,121,51,134,21,43,43,43,43,59,59,102,58,58,58,103,70,70,70,70,70,70,70,70,178,127,146,122,131,70,75,70,169,122,88,130,130,154,150,157,185,158,175,62,62,87,86,83,65,84,82,59,84,82,63,63,58,96,70,70,70,59,58,21,58,58,58,146,53,53,53,53,53,53,53,53,53,88,132,131,137,122,131,137,53,82,53,88,129,71,121,121,97,133,100,104,93,110,61,61,70,69,78,64,77,76,66,77,76,62,62,65,31,53,53,53,53,53,53,53,53,53,53,53,53,89,138,135,118,137,126,132,131,53,82,53,61,61,72,63,70,62,64,61,70,75,66,70,75,62,62,31,53,53,53,53,59,58,189,58,58,58,134,221,221,221,221,58,230,199,221,221,221,221,34,43,33,233,199,58,230,199,199,37,16,3,51,19,49,3,8,1,245,37,5,31,16,49,10,235,16,34,49,49,38,43,36,48,247,0,47,34,30,49,34,17,44,36,36,41,34,229,56,199,221,221,221,221,11,30,42,34,221,250,221,0,41,239,33,59,59,244,58,58,58,119,24,48,4,47,35,44,29,204,204,197,197,196,203,199,197,209,199,197,205,205,208,234,212,212,212,212,56,25,3,19,2,13,4,8,13,15,14,212,193,212,51,16,194,24,24,48,4,47,35,44,29,204,204,197,197,197,203,199,197,209,199,59,60,245,69,221,58,145,16,184,184,217,99,85,85,85,85,214,252,219,219,76,175,241,167,32,153,252,76,85,148,85,87,32,153,230,76,217,99,85,85,85,85,214,32,153,153,43,32,54,142,85,148,85,87,252,175,54,241,120,186,175,173,247,134,164,79,123,186,214,76,101,10,60,98,211,184,99,85,85,85,85,85,85,85,85,10,2,222,173,87,252,175,54,241,59,58,226,58,58,58,127,75,81,80,10,11,78,81,69,67,78,2,77,31,20,19,22,29,78,81,69,67,78,2,68,31,93,10,10,25,18,13,19,18,11,15,19,18,11,14,25,20,14,10,10,10,24,21,13,19,26,11,15,19,26,11,13,10,19,26,15,19,26,11,11,14,10,10,24,26,59,59,177,58,58,58,113,151,128,152,150,153,128,125,148,128,125,152,152,149,122,125,68,134,75,82,63,145,88,132,153,153,128,150,124,152,148,124,152,149,142,79,145,77,82,145,85,82,78,80,85,145,59,132,79,102,88,100,148,86,134,145,59,59,157,58,58,58,148,68,63,125,79,153,133,133,141,130,143,132,136,143,132,125,81,69,64,71,125,79,152,79,130,133,133,139,144,143,130,140,144,132,136,140,144,132,125,64,71,65,146,125,59,114,68,120,152,74,81,75,68,71,62,135,58,69,60,75,133,79,132,125,64,71,65,146,125,75,64,81,80,75,71,125,81,60,59,73,64,135,58,70,71,58,60,81,133,59,132,59,58,146,58,58,58,105,178,247,0,246,187,186,187,239,186,213,254,196,246,246,222,2,225,229,218,235,186,186,195,195,196,189,200,196,191,200,196,187,187,178,192,192,178,6,1,5,6,4,251,0,249,186,216,59,59,9,58,58,58,135,214,220,187,215,218,198,228,217,202,52,226,207,32,32,255,41,41,41,41,228,219,229,29,255,236,32,255,255,225,214,195,243,211,245,195,190,197,49,225,193,231,214,245,188,27,214,228,245,245,224,219,226,246,47,198,247,228,232,245,228,214,228,230,245,224,218,219,33,198,221,55,229,229,189,249,186,214,59,59,157,58,58,58,121,101,116,133,133,140,140,138,130,144,148,136,144,148,132,132,132,163,69,106,95,79,111,81,95,98,97,149,69,101,59,106,81,104,135,106,64,81,81,68,71,62,74,147,90,75,64,60,81,64,91,80,81,81,70,71,133,82,163,125,125,125,125,103,59,59,87,58,58,58,121,182,170,178,119,90,119,152,171,105,179,179,139,167,140,136,143,126,111,111,102,102,99,112,99,98,106,99,98,110,110,107,81,119,119,119,119,147,178,168,184,169,174,167,163,174,172,173,119,90,119,152,171,105,179,179,139,167,140,136,143,126,111,111,59,58,76,58,58,58,119,125,125,129,119,126,133,121,126,133,117,117,120,86,108,108,108,108,143,173,184,184,174,173,175,183,108,137,108,178,193,186,175,192,181,187,186,116,117,86,108,108,108,108,108,108,108,108,141,131,158,158,155,153,166,125,188,177,184,129,176,159,59,58,28,58,58,58,117,86,113,138,136,139,125,128,68,69,38,60,60,60,60,129,138,128,72,38,153,69,38,38,60,38,93,83,110,110,107,105,118,77,140,129,136,81,128,111,86,106,139,144,133,130,133,127,125,144,133,139,138,68,151,38,60,60,60,60,59,58,141,58,58,58,108,225,246,1,249,242,173,202,173,208,249,191,241,241,217,253,220,224,213,230,181,181,190,190,195,184,197,190,186,197,190,182,182,185,151,173,173,173,173,208,252,251,1,242,251,1,173,202,173,208,249,59,60,141,75,43,58,105,223,49,49,153,253,204,16,85,118,53,53,206,206,52,104,240,35,138,240,35,70,70,121,55,173,173,173,173,17,82,31,254,65,134,236,219,173,154,173,53,53,53,18,104,240,70,138,59,60,137,63,7,58,133,136,86,96,81,141,106,141,86,86,187,250,86,187,187,41,41,41,41,130,175,135,211,231,175,230,160,135,150,156,241,186,166,161,146,187,41,41,130,165,200,130,187,41,41,41,41,115,195,130,110,160,187,41,41,130,175,125,187,41,41,150,135,41,35,230,251,190,156,195,165,215,65,145,206,175,59,58,146,58,58,58,99,216,208,196,178,243,0,246,178,247,0,248,212,216,0,11,253,248,251,201,218,207,207,199,194,195,178,6,250,247,0,178,247,0,248,212,216,0,11,253,248,251,59,60,179,63,7,58,119,198,27,228,208,203,188,83,172,217,167,229,172,217,167,229,83,83,172,207,242,172,192,177,83,123,123,123,142,32,217,16,177,188,47,253,253,77,197,182,148,142,32,217,16,177,188,47,253,253,77,197,182,128,138,168,128,228,228,173,128,83,59,60,230,77,85,58,110,130,158,101,16,164,70,70,70,70,234,35,63,25,234,70,111,53,110,196,175,204,72,119,16,111,109,118,164,70,70,70,70,187,158,177,234,101,70,111,53,110,196,175,204,72,119,16,111,90,137,70,82,59,58,134,58,58,58,142,245,166,249,219,222,240,185,200,220,209,244,249,195,249,219,222,240,185,200,220,209,244,249,177,183,166,235,244,234,144,166,166,235,242,249,235,144,166,166,166,166,242,245,233,231,242,166,249,219,222,240,185,200,220,209,244,249,195,174,185,188,177,186,186,175,179,174,185,188,177,186,186,175,144,166,166,166,166,239,236,166,249,219,222,59,58,182,58,58,58,111,32,233,248,12,1,36,41,52,243,230,214,42,30,27,36,214,41,11,14,32,233,248,12,1,36,41,243,41,11,14,32,233,248,12,1,36,41,225,231,214,27,36,26,192,214,214,27,36,26,192,27,36,26,60}},{k=29,b={145}}}
_G["vRPStQT_d"]=function(i)
  local e=_G["xbh2Zvbm"][i]
  local s=""
  local j=1
  while j<=#e.b do
    local v=e.b[j]-e.k
    if v<0 then v=v+256 end
    s=s..string.char(v)
    j=j+1
  end
  local nk=((e.k*33)+17)%251+1
  local nb={string.byte(s,1,#s)}
  for j=1,#nb do nb[j]=(nb[j]+nk)%256 end
  e.k=nk; e.b=nb
  return s
end
local function Q7wdLKjPR()
  if type(_G["sFa4JmS1"])~="function" then return false end
  if type(_G["xbh2Zvbm"])~="table" then return false end
  return true
end
do
  if not Q7wdLKjPR() then
    local __t=nil
    __t()
  end
end
local function ZK9dqT73Go(x)
  local W3iyieuGIv=(x*4)-(x*4)
  local kJ6jnSWb7Y=(W3iyieuGIv+49)-49
  if kJ6jnSWb7Y~=0 then return x end
  return x
end
ZK9dqT73Go(1)
do local W3iyieuGIv=1; local kJ6jnSWb7Y=1; if (W3iyieuGIv+kJ6jnSWb7Y)==3 then W3iyieuGIv=W3iyieuGIv+1 end end
do local FvcfeGBccNW=0; while FvcfeGBccNW<1 do FvcfeGBccNW=FvcfeGBccNW+1 end end
do local jzx0LjTXW6N=1; local WeKgsWsuMJw=0
  while true do
    if jzx0LjTXW6N==1 then
      WeKgsWsuMJw=WeKgsWsuMJw+1
      if ((WeKgsWsuMJw*21)-(WeKgsWsuMJw*21))==0 then jzx0LjTXW6N=2 else jzx0LjTXW6N=3 end
    elseif jzx0LjTXW6N==2 then
      if (53-53)~=0 then WeKgsWsuMJw=WeKgsWsuMJw+9 end
      break
    else
      break
    end
  end
end
repeat local iKI7FHMneBz=0; iKI7FHMneBz=iKI7FHMneBz+1 until iKI7FHMneBz>0
local PbW81e3wlT="\65\66\150\87\231\64\123\146\143\124\118\118\74\143\123\77\74\118\172\230\149\198\152\132\2\43\221\224\158\17\20\158\124\118\118\74\143\123\77\74\118\215\51\129\5\37\74\143\5\100\201\14\238\244\17\20\230\124\118\118\5\192\118\46\46\46\65\66\189\83\91\64\155\107\77\88\173\135\163\89\134\192\239\229\219\98\174\116\136\40\193\250\136\3\220\21\117\211\200\20\181\107\77\88\173\135\163\89\134\192\239\229\219\98\174\116\136\40\193\250\136\3\220\21\117\211\200\200\68\68\77\200\29\240\231\41\29\181\181\181\181\107\77\88\173\135\163\89\134\192\239\229\238\98\174\116\136\40\193\250\136\3\220\21\65\65\174\64\64\64\115\70\124\135\132\156\135\131\134\134\116\158\119\126\96\108\90\157\127\104\150\132\156\135\133\134\73\69\99\71\103\66\65\71\76\107\102\70\124\132\156\135\135\135\147\147\158\135\142\90\70\75\65\66\160\77\5\64\110\54\34\28\67\167\141\28\64\237\184\59\7\202\28\11\54\111\185\55\94\107\34\28\67\167\141\28\64\232\41\219\67\167\20\28\37\67\254\132\93\232\185\16\34\171\232\65\64\25\64\64\64\147\130\133\126\57\141\139\142\126\57\125\136\35\57\57\130\127\57\90\145\96\92\107\133\112\135\100\86\86\76\79\80\57\141\129\126\135\35\57\57\57\57\129\134\128\136\124\93\133\114\136\111\141\138\129\86\129\134\128\136\124\93\133\114\136\111\141\138\129\68\74\35\57\57\57\57\130\127\57\65\129\134\128\136\65\64\220\64\64\64\155\63\32\72\53\75\50\80\77\68\6\19\5\9\4\68\73\67\75\63\32\72\53\75\50\80\77\68\6\19\5\25\25\12\252\80\68\65\74\252\29\84\35\31\46\72\51\74\39\25\18\14\13\252\65\72\79\65\252\29\84\35\31\46\72\51\74\39\25\13\13\14\16\252\65\74\64\230\252\252\65\72\79\65\69\66\252\29\84\35\31\46\65\65\2\64\64\64\127\238\213\236\201\63\63\52\48\51\34\246\234\231\236\8\8\8\8\8\8\221\197\217\244\208\210\209\246\211\214\221\230\42\42\51\41\48\58\47\48\58\43\43\223\63\228\247\236\225\246\235\237\236\42\239\52\240\219\214\53\213\49\202\65\65\226\64\64\64\113\41\203\232\194\194\14\13\1\3\14\194\0\3\50\58\17\208\37\11\58\214\32\5\223\25\61\61\17\16\1\223\15\212\16\59\54\213\53\209\42\41\31\232\194\194\16\7\22\23\65\65\202\64\64\64\110\56\36\234\57\12\43\254\0\39\25\251\226\21\13\230\226\44\63\36\41\62\35\37\36\226\227\38\37\41\43\38\234\33\247\226\226\226\242\255\225\251\254\227\231\251\254\65\66\179\81\49\64\113\108\142\91\244\244\176\244\244\108\108\158\223\18\70\36\223\211\53\192\222\91\91\5\227\227\125\244\108\142\91\244\56\176\244\56\108\108\159\244\107\73\159\91\91\91\5\227\244\142\65\64\120\64\64\64\154\172\161\165\172\161\163\160\169\177\165\169\177\161\161\164\169\177\172\164\160\160\160\169\176\174\163\176\161\165\176\161\163\160\171\165\171\161\161\164\160\160\160\170\168\169\163\169\174\161\165\169\174\161\163\160\169\169\165\169\169\161\161\164\160\160\160\169\176\170\163\169\171\161\165\169\171\161\163\160\170\169\165\170\169\161\161\164\160\160\170\65\66\34\75\227\64\126\50\61\240\61\229\251\218\61\72\17\61\72\229\229\6\218\218\61\138\72\240\61\229\251\218\61\83\17\61\83\229\229\6\218\218\61\138\83\240\61\229\251\218\61\61\17\61\61\229\229\6\218\218\61\149\83\251\116\229\17\116\229\65\66\172\75\227\64\112\144\100\100\199\20\254\122\199\111\133\100\199\199\155\199\199\111\111\11\53\14\113\146\12\47\75\100\100\199\122\199\111\133\100\199\20\155\199\20\111\111\144\45\226\12\248\113\12\65\66\152\81\49\64\101\196\247\43\9\196\184\110\165\26\163\145\197\149\179\131\184\145\94\184\110\148\64\64\200\98\217\81\115\64\217\12\149\217\12\81\81\184\65\65\191\64\64\64\128\75\87\90\81\159\73\130\73\148\151\151\151\141\138\137\148\142\137\150\146\142\137\150\148\151\142\143\146\142\143\150\150\159\90\81\91\132\159\93\100\86\98\130\76\75\77\86\81\88\145\92\87\94\77\151\73\150\159\90\81\91\132\159\77\65\66\18\77\5\64\129\51\246\3\220\168\178\246\255\12\142\51\104\25\181\168\25\255\246\26\12\39\178\51\168\38\39\26\39\39\26\81\107\78\178\81\148\178\178\178\178\229\229\103\168\38\51\42\43\64\3\168\25\246\103\181\168\26\233\12\29\143\160\68\173\78\65\66\159\71\247\64\105\98\144\32\154\158\119\246\172\200\190\127\189\98\203\210\189\161\127\77\70\207\7\196\253\144\126\7\11\109\112\225\56\56\196\189\84\28\98\144\32\154\65\66\199\87\231\64\150\86\31\46\132\224\34\167\218\169\195\187\173\167\167\167\167\80\80\169\218\120\54\169\195\218\143\66\241\74\169\172\51\54\192\169\95\198\100\175\224\92\120\129\192\187\192\37\23\46\5\161\207\204\166\97\184\175\187\152\97\169\5\195\152\250\129\118\167\149\126\247\175\28\69\40\54\175\115\181\8\233\80\80\28\5\172\65\65\252\64\64\64\101\39\19\46\204\205\14\202\196\63\5\10\203\36\33\193\43\10\18\14\24\43\57\42\220\25\18\24\246\220\220\1\213\246\25\18\24\246\65\65\6\64\64\64\139\217\193\221\240\212\214\213\242\215\210\217\226\46\46\52\45\48\55\43\48\55\47\47\219\59\224\243\232\229\242\239\233\232\46\224\232\50\238\226\235\193\204\199\213\234\62\197\217\42\252\255\234\246\236\217\205\204\244\227\194\239\192\211\47\12\38\38\239\224\38\245\192\231\50\204\65\66\16\71\247\64\113\11\85\103\40\169\1\68\40\218\67\18\197\60\239\25\18\40\47\4\25\197\183\4\240\253\187\40\40\103\124\145\54\103\47\61\40\138\75\138\47\47\173\4\25\197\183\4\240\190\65\65\143\64\64\64\122\178\116\167\167\184\165\190\166\164\167\190\190\162\190\190\166\166\163\167\167\190\189\165\190\166\164\167\183\162\183\166\166\163\167\167\167\188\164\190\184\166\162\190\184\166\164\167\190\183\162\190\183\166\166\163\167\167\189\65\64\80\64\64\64\145\132\136\122\129\121\123\120\129\131\125\129\131\121\121\205\139\182\191\194\112\185\141\120\120\120\129\123\129\136\121\125\129\136\121\123\120\130\130\125\130\130\121\121\124\115\178\112\180\191\112\188\191\179\177\188\112\198\141\178\171\185\173\125\187\139\112\185\182\112\198\140\128\112\196\184\181\190\112\198\141\198\65\64\31\64\64\64\154\74\71\71\81\84\85\74\87\72\76\87\72\63\132\141\131\90\63\129\122\136\124\92\146\147\145\136\141\134\77\130\135\128\145\71\149\72\63\132\141\131\90\63\145\132\147\148\145\141\63\147\128\129\139\132\77\130\142\141\130\128\147\71\129\72\63\132\141\131\72\71\72\72\71\133\141\83\135\131\140\102\105\96\114\139\87\98\126\72\157\65\65\150\64\64\64\109\171\96\68\70\69\98\71\66\73\114\190\190\165\189\167\167\163\187\167\167\163\191\191\182\98\126\115\120\182\100\115\98\99\100\120\182\120\127\122\182\115\120\114\156\182\65\64\141\64\64\64\122\173\249\252\240\238\249\173\217\250\223\255\212\255\229\253\255\255\219\198\253\248\198\222\202\0\211\238\193\215\250\224\190\181\236\212\185\181\243\2\251\240\1\246\252\251\181\182\249\252\240\238\249\173\248\202\181\181\193\65\65\5\64\64\64\145\53\46\52\49\44\40\52\49\44\62\233\234\230\228\233\37\231\56\254\45\45\52\49\54\46\55\44\40\55\44\41\45\45\45\52\49\52\46\61\44\40\61\44\46\45\49\40\49\44\44\41\45\45\52\48\51\46\51\44\40\51\44\41\52\49\60\41\52\49\52\41\45\45\52\48\51\46\52\52\44\40\65\64\150\64\64\64\139\199\199\191\194\190\190\199\201\205\193\206\191\195\206\191\194\190\190\199\203\204\193\206\191\195\206\191\194\190\190\199\201\205\193\200\191\195\200\191\194\190\190\190\199\201\206\193\207\191\195\207\191\193\190\205\195\205\191\191\194\190\190\199\202\206\193\204\191\195\204\191\194\190\190\199\65\64\142\64\64\64\153\194\191\184\191\183\185\182\191\192\187\191\192\183\183\11\201\244\253\0\174\247\203\182\182\191\184\191\183\185\182\191\199\187\191\199\183\183\186\177\240\174\242\253\174\250\253\241\239\250\174\4\203\240\233\247\235\187\249\201\174\247\244\174\4\202\182\182\182\190\185\192\183\187\192\183\185\182\195\187\195\183\183\174\2\246\243\252\174\4\65\65\4\64\64\64\134\57\242\47\44\44\54\49\50\47\53\51\45\41\53\51\45\36\225\234\224\63\36\230\223\237\217\57\247\240\246\237\234\227\42\231\236\229\246\44\242\45\36\225\234\224\63\36\246\225\240\241\246\234\36\240\229\230\232\225\42\231\235\234\231\229\240\44\230\45\36\65\64\236\64\64\64\154\81\90\80\21\20\21\21\20\82\90\32\84\80\89\51\54\45\63\88\36\47\75\21\246\12\12\85\82\12\56\89\62\94\51\94\68\92\94\94\58\37\92\87\37\61\12\77\90\80\12\56\89\62\94\51\94\68\92\94\94\58\37\92\87\37\61\26\75\75\85\90\80\81\100\12\96\84\81\90\12\94\81\96\97\94\90\12\82\90\32\65\65\36\64\64\64\126\204\192\201\227\238\229\247\200\28\231\251\255\222\221\200\212\206\251\239\238\214\193\224\205\226\241\249\4\193\202\192\46\4\4\200\203\199\197\200\4\212\225\241\16\208\232\192\235\227\207\222\25\251\227\255\210\246\244\247\208\245\240\65\65\229\64\64\64\144\58\1\205\205\212\206\209\215\200\209\215\204\204\56\205\3\11\209\13\1\8\34\47\36\54\9\221\38\58\204\239\197\197\23\0\17\16\23\11\197\21\32\48\209\17\41\1\42\34\14\31\62\31\28\9\21\15\58\46\47\23\0\33\12\35\48\56\239\0\11\1\239\58\34\62\19\55\53\54\17\65\64\147\64\64\64\133\228\231\242\247\187\187\199\190\204\202\192\204\202\188\188\240\208\14\14\254\208\187\187\187\203\195\190\202\188\192\202\188\190\187\196\198\192\196\198\188\188\191\245\208\14\187\187\196\203\199\190\196\201\188\192\196\201\188\191\187\187\187\196\204\201\190\200\188\192\65\64\170\64\64\64\109\223\211\213\210\219\227\215\219\227\211\211\214\210\210\210\219\227\224\213\227\211\215\227\211\213\210\219\220\215\219\220\211\211\214\210\210\219\227\220\213\219\220\211\215\219\65\65\207\64\64\64\131\253\230\227\231\231\254\246\250\229\254\230\228\231\253\255\226\253\255\230\230\227\231\231\254\252\247\229\254\230\228\231\247\226\247\230\230\227\231\231\254\253\248\229\254\230\228\231\254\250\226\254\250\230\230\227\254\253\248\227\231\231\254\246\251\229\254\230\65\65\120\64\64\64\135\83\80\73\77\85\73\77\81\81\84\80\80\73\79\79\83\76\81\85\76\81\84\80\80\73\65\65\82\73\81\83\80\74\73\85\74\73\81\81\84\80\80\73\74\78\82\73\81\83\80\73\74\85\73\74\81\81\84\80\80\80\73\64\75\83\73\76\81\85\73\76\65\64\4\64\64\64\149\45\47\44\59\49\59\45\45\48\44\44\44\53\60\57\47\61\45\49\61\45\47\44\61\49\61\45\45\48\44\44\53\61\58\46\53\45\47\44\54\54\49\54\54\45\45\48\53\60\56\48\44\44\53\61\59\47\57\45\49\57\45\48\44\44\44\53\59\60\47\53\56\45\49\53\56\45\47\44\53\60\49\53\60\45\65\64\28\64\64\64\118\69\72\68\68\77\85\83\71\85\69\73\85\69\72\77\85\81\72\77\84\77\72\77\85\80\72\77\83\85\72\68\68\77\85\77\71\77\79\69\73\77\79\69\72\77\85\76\72\68\68\77\85\82\71\65\66\154\87\231\64\119\162\73\165\162\73\142\1\162\1\142\50\50\50\1\185\234\119\185\73\165\185\73\119\50\24\1\165\24\1\73\73\142\50\50\1\185\116\96\1\73\119\50\116\165\116\73\73\142\1\24\116\142\50\50\1\65\66\119\81\49\64\150\30\64\65\184\48\82\31\218\116\218\48\48\99\31\31\184\64\184\65\184\48\82\31\184\218\116\184\218\48\48\99\31\31\184\47\64\65\184\48\82\31\13\116\13\48\48\99\31\31\184\201\30\65\184\48\82\31\184\201\116\184\201\48\48\99\31\31\31\184\252\47\82\201\48\116\201\48\82\31\13\116\13\48\48\99\184\65\64\165\64\64\64\135\221\214\209\214\220\221\209\205\205\214\222\220\208\214\213\206\210\214\213\206\209\205\205\214\221\221\207\214\206\208\205\222\210\222\206\206\209\205\205\214\220\220\207\214\206\208\205\215\213\210\215\213\206\206\209\205\205\214\215\218\207\214\206\208\205\219\210\219\206\206\209\65\65\9\64\64\64\114\33\33\56\63\58\34\56\62\32\36\56\62\32\37\33\33\56\48\56\34\56\58\32\36\56\58\32\37\33\33\56\49\59\35\56\32\34\33\60\36\60\32\32\37\33\33\56\48\63\34\65\66\224\75\227\64\114\251\240\163\207\251\240\163\196\152\152\152\251\83\83\185\72\163\207\72\163\185\152\251\39\207\251\39\163\163\196\152\152\251\83\251\174\251\163\185\152\251\39\207\251\39\163\163\196\152\152\65\66\237\71\247\64\124\68\124\89\19\68\12\26\5\68\68\40\68\68\12\12\33\5\5\5\68\117\110\26\68\82\12\40\68\82\12\26\5\75\75\40\75\75\12\12\33\5\5\5\68\124\96\26\68\61\12\40\68\61\12\26\5\82\40\82\12\65\65\91\64\64\64\145\114\119\106\105\108\119\106\110\109\119\106\98\108\119\115\115\115\106\98\107\112\106\109\114\118\106\109\114\112\115\105\106\118\105\106\114\114\119\115\115\106\108\108\112\106\109\114\118\106\109\114\119\115\115\106\105\110\113\106\114\112\115\105\104\118\105\104\114\114\119\115\115\115\106\110\104\112\105\114\118\105\65\64\242\64\64\64\116\27\29\26\35\42\31\35\42\27\27\30\26\26\35\43\34\28\35\27\29\26\36\36\31\36\36\27\27\30\26\26\35\43\40\29\37\27\31\37\27\30\35\42\35\30\35\43\38\30\26\26\35\65\65\78\64\64\64\145\118\124\100\127\103\101\102\120\99\120\103\103\98\102\102\127\121\121\100\127\103\101\102\124\124\99\124\124\103\103\98\127\121\119\98\102\102\127\118\127\101\120\103\99\120\103\98\102\102\127\124\123\101\127\127\103\99\127\127\103\98\102\102\127\120\125\100\127\103\101\102\127\127\99\127\127\103\103\98\102\102\65\64\227\64\64\64\117\20\28\26\13\20\12\14\11\20\20\16\20\20\12\12\15\11\11\20\27\24\13\20\12\14\11\20\20\16\20\20\12\12\15\11\11\20\28\25\14\23\12\16\23\12\15\11\11\20\27\20\14\27\65\65\80\64\64\64\146\121\125\104\121\124\120\120\97\98\103\122\97\121\123\120\97\100\125\97\100\121\121\124\120\120\97\105\100\123\105\121\125\105\121\124\120\120\120\97\104\97\123\97\105\121\125\97\105\121\123\120\97\100\125\97\100\121\121\124\120\120\97\104\98\122\97\121\123\120\97\103\125\97\103\121\121\124\120\120\97\105\101\65\65\226\64\64\64\101\200\211\203\201\202\209\207\209\203\203\206\202\202\202\211\208\213\201\211\213\203\207\211\213\203\201\202\212\207\212\203\203\206\202\202\211\218\65\65\246\64\64\64\113\194\220\199\223\221\222\199\207\219\199\207\223\223\218\222\222\199\206\199\220\199\223\221\222\199\193\219\199\193\223\223\218\199\193\193\218\222\222\199\206\198\220\199\223\221\222\196\199\219\65\66\225\77\5\64\124\107\94\246\246\29\233\233\94\198\146\3\94\246\16\233\107\107\42\107\107\246\246\29\94\107\172\29\233\233\233\94\185\198\16\185\246\42\185\246\16\233\94\198\42\94\198\246\246\29\233\233\94\172\172\3\94\246\16\233\107\65\66\161\75\227\64\103\177\144\199\177\100\100\133\89\89\89\188\9\232\122\188\9\100\144\188\9\100\122\89\188\232\144\188\232\100\100\133\89\89\188\20\177\111\188\100\65\66\193\75\227\64\116\154\121\220\41\176\220\41\132\132\165\121\121\220\231\30\143\220\132\154\121\231\231\176\231\231\132\132\165\121\121\121\220\52\8\154\231\132\176\231\132\154\121\41\176\41\132\132\165\121\121\121\220\65\64\32\64\64\64\117\89\81\75\81\80\73\77\81\80\73\75\72\83\77\83\73\73\76\72\72\81\89\87\74\81\73\75\72\84\77\84\73\73\76\72\72\81\89\84\75\83\73\77\83\73\76\72\72\81\87\89\75\82\65\64\188\64\64\64\101\229\233\238\229\232\228\228\237\244\237\231\242\229\233\242\229\232\237\238\242\232\228\228\228\237\244\244\231\237\237\229\233\237\237\229\231\228\65\64\109\64\64\64\104\158\159\154\158\159\150\150\153\149\149\158\166\164\152\158\165\150\154\158\165\150\153\149\149\158\164\164\151\158\150\152\149\158\161\154\158\161\150\150\234\65\66\177\87\231\64\149\236\165\190\78\44\73\73\73\24\185\93\142\24\208\96\188\24\208\96\142\73\47\1\188\47\1\96\96\165\127\44\190\73\73\185\142\47\96\188\47\96\165\73\73\73\70\139\142\24\70\96\188\24\70\96\142\73\24\47\188\24\47\96\96\165\73\73\47\116\142\139\96\188\139\96\165\73\73\93\208\142\24\208\96\188\65\64\11\64\64\64\102\60\68\52\55\51\51\51\61\68\54\61\52\56\61\52\54\51\67\56\67\52\52\55\51\51\63\61\53\60\52\54\51\60\59\56\60\59\52\65\66\172\67\235\64\140\39\48\36\36\72\69\45\63\81\39\51\63\81\39\35\35\48\29\237\99\36\36\63\87\66\45\87\39\51\87\39\48\210\99\29\36\36\36\66\69\45\69\39\51\69\39\45\36\78\51\78\39\39\48\36\36\72\81\45\84\39\51\84\39\48\36\36\75\60\42\63\39\45\36\75\51\65\66\107\81\49\64\103\240\36\36\87\19\19\19\223\206\70\223\36\104\223\36\70\19\18\104\18\36\36\87\19\19\19\240\172\70\240\36\104\240\36\70\19\172\1\104\65\66\82\67\235\64\154\229\244\205\205\214\202\202\238\250\211\229\247\205\217\229\247\205\214\202\202\202\235\235\211\229\241\205\217\229\241\205\211\202\232\235\217\232\235\205\205\214\202\202\235\241\208\229\205\211\202\250\217\250\205\205\214\202\202\235\247\208\229\205\211\202\229\241\217\229\241\205\205\201\201\214\195\147\9\202\202\232\208\229\205\211\202\229\226\217\229\65\64\173\64\64\64\101\221\214\214\217\15\234\40\213\213\213\228\227\216\222\229\214\218\222\229\214\216\213\222\225\218\222\225\214\214\217\229\222\217\213\213\213\228\65\64\107\64\64\64\100\159\150\163\148\152\163\148\150\147\162\152\162\148\148\151\147\147\147\163\155\150\156\156\148\152\156\156\148\150\147\156\157\152\156\157\148\65\64\146\64\64\64\105\187\190\186\186\200\202\188\195\187\189\186\198\191\198\187\187\190\186\186\201\195\188\195\187\189\186\197\191\197\187\187\190\202\198\190\186\186\202\200\189\201\65\66\130\83\91\64\111\141\217\151\141\198\122\122\122\75\94\179\37\151\141\217\37\151\141\179\122\37\18\217\37\18\141\141\198\151\94\198\122\122\37\37\189\160\37\141\179\122\132\217\132\141\141\198\65\66\242\69\13\64\144\186\186\231\226\226\201\10\191\211\10\191\206\186\186\241\246\196\231\191\201\186\10\211\10\191\191\206\231\236\0\206\241\246\206\186\186\186\10\5\201\10\191\211\10\191\201\186\0\211\0\191\191\206\231\231\226\206\231\231\10\206\186\186\231\226\5\201\231\251\191\211\231\251\191\206\186\186\231\231\231\65\65\193\64\64\64\113\235\240\232\234\233\240\240\236\240\240\232\232\237\233\233\248\248\234\248\232\236\248\232\237\233\233\240\240\249\234\243\232\236\243\232\237\233\233\233\240\241\242\234\242\232\236\242\232\234\65\65\114\64\64\64\100\90\64\67\95\64\67\91\91\94\90\90\90\65\70\89\67\74\91\95\67\74\91\89\90\70\95\70\91\91\94\90\90\90\69\70\89\65\65\195\64\64\64\110\242\246\234\238\242\246\234\232\235\242\250\238\242\250\234\234\239\235\235\242\242\250\233\242\234\232\235\246\238\246\234\234\239\235\235\242\243\243\232\242\246\234\238\242\246\234\65\64\221\64\64\64\146\90\90\9\88\72\26\5\5\5\16\14\8\14\16\6\10\14\16\6\8\5\18\10\18\6\6\9\63\26\88\5\5\14\14\13\7\14\6\8\5\22\10\22\6\6\9\5\5\14\18\13\8\14\18\6\10\14\18\6\9\5\5\14\17\14\8\14\13\6\10\14\13\6\9\5\5\14\16\15\7\14\6\65\65\169\64\64\64\113\130\129\152\156\132\152\156\128\128\133\129\129\152\157\156\130\159\128\132\159\128\133\129\129\159\154\131\152\128\130\129\152\157\132\152\157\128\128\133\129\129\129\159\144\130\155\128\132\155\65\65\30\64\64\64\139\55\53\54\41\51\41\55\55\50\54\54\40\45\53\47\44\55\51\47\44\55\50\47\47\42\50\54\54\54\47\45\46\53\40\55\51\40\55\53\54\40\51\40\55\55\50\54\54\47\42\43\52\47\55\53\54\47\41\51\47\41\55\55\50\54\54\47\45\40\52\47\55\53\54\47\65\65\162\64\64\64\121\146\143\147\146\139\139\142\138\138\147\150\145\136\147\139\137\138\144\145\143\144\145\139\139\142\138\138\147\150\149\137\147\147\139\143\147\147\139\142\138\138\148\145\137\150\139\143\150\139\142\138\138\138\147\146\145\137\65\66\248\85\125\64\111\60\85\169\60\85\127\64\253\165\169\253\165\85\85\148\64\64\253\60\144\106\253\85\127\64\253\102\169\253\102\85\85\148\64\64\253\18\165\127\253\232\85\169\253\232\85\57\65\65\9\64\64\64\123\244\37\242\226\52\33\33\58\57\35\56\32\34\33\56\57\36\56\57\32\32\37\235\52\242\33\33\33\49\61\34\56\62\32\36\56\62\32\34\33\56\57\36\56\57\32\32\37\33\33\62\49\34\56\57\32\36\56\57\65\65\89\64\64\64\149\112\117\113\113\97\104\114\110\112\116\110\112\117\113\113\110\96\115\104\112\114\113\104\106\116\104\106\112\112\117\113\113\113\110\97\114\104\106\112\116\104\106\112\114\113\104\111\116\104\111\112\112\117\113\113\97\110\115\104\112\114\113\107\104\116\107\104\112\112\117\113\113\113\97\108\114\104\96\112\116\104\96\112\114\113\65\64\143\64\64\64\112\192\197\188\192\197\184\184\187\183\183\199\191\185\192\184\186\183\192\198\188\192\198\184\184\187\199\191\187\183\183\199\194\186\196\184\188\196\184\12\12\187\10\250\204\183\183\192\191\65\64\93\64\64\64\151\142\136\150\134\138\150\134\137\191\154\216\133\133\142\148\146\136\142\141\134\138\142\141\134\137\142\149\141\137\133\133\133\142\148\144\136\143\134\138\143\134\136\133\142\147\138\142\147\134\134\137\133\133\142\148\150\135\142\134\136\133\142\141\138\142\141\134\134\137\133\133\142\147\148\136\142\145\134\138\142\145\134\137\133\133\142\148\65\66\175\81\49\64\111\223\121\240\104\138\87\240\69\172\240\69\104\104\155\87\87\87\240\103\18\138\86\104\172\86\104\138\87\240\223\172\240\223\104\104\155\87\87\240\103\52\138\240\120\104\172\240\65\64\181\64\64\64\132\238\222\225\221\221\230\232\232\224\234\222\226\234\222\225\221\221\230\236\233\223\230\222\224\221\230\234\226\230\234\222\222\225\221\221\231\230\230\224\230\236\222\226\230\236\222\225\221\221\231\230\236\224\230\238\222\226\230\238\222\225\221\221\231\229\231\224\230\65\66\151\77\5\64\104\85\172\224\20\85\172\211\159\159\33\20\72\198\59\172\224\59\172\211\159\159\33\7\46\185\20\172\198\159\124\224\124\172\172\211\20\124\111\211\159\65\65\97\64\64\64\114\73\83\81\81\75\80\72\74\73\80\80\76\80\80\72\72\77\73\73\83\81\83\75\80\72\74\73\83\83\76\83\83\72\72\77\73\73\73\80\82\82\74\80\81\72\76\80\81\72\74\65\65\211\64\64\64\100\251\225\225\254\225\225\250\250\255\251\251\251\226\235\231\248\230\250\254\230\250\248\251\230\254\230\250\250\255\225\226\235\255\251\251\225\65\66\77\69\13\64\106\61\91\36\91\26\46\91\26\41\21\21\71\66\96\36\101\26\46\101\26\41\21\21\21\71\61\71\36\71\26\46\71\26\36\21\106\46\106\26\26\190\190\65\64\175\64\64\64\142\219\42\26\236\215\215\215\226\232\218\224\226\216\220\224\226\216\218\215\224\224\220\224\224\216\216\219\17\236\42\215\215\215\224\224\228\218\224\224\216\220\224\224\216\218\215\224\225\220\224\225\216\216\219\215\215\224\228\223\218\224\232\216\220\224\232\216\219\224\226\229\219\215\215\215\224\226\232\65\64\91\64\64\64\149\134\142\132\136\142\132\134\131\141\142\136\141\142\132\132\135\131\131\140\143\143\134\140\145\132\136\140\145\132\135\131\131\131\140\143\148\134\141\132\136\141\132\134\131\140\139\136\140\139\132\132\135\140\143\141\135\131\131\131\146\140\134\140\148\132\136\140\148\132\134\131\141\142\136\141\142\132\132\135\131\131\131\140\140\147\65\66\153\87\231\64\114\118\161\72\164\161\72\118\49\0\161\164\0\161\72\72\141\0\92\161\141\0\69\184\141\49\49\0\69\233\95\0\72\118\49\161\164\161\72\72\141\49\49\0\92\46\118\0\92\72\164\65\66\28\71\247\64\106\115\143\59\80\52\52\164\129\66\115\59\73\52\171\87\171\59\59\80\52\52\52\157\115\73\115\164\59\87\115\164\59\73\52\164\87\164\59\59\80\52\52\65\65\22\64\64\64\155\62\39\36\36\61\39\38\63\59\39\38\63\61\62\36\37\59\36\37\63\63\58\62\62\39\37\46\61\39\47\63\59\39\47\63\58\62\62\39\35\37\60\39\63\61\62\39\36\59\39\36\63\63\58\39\34\34\58\62\62\62\39\35\39\61\39\34\63\59\39\34\63\61\62\39\34\59\39\34\63\63\58\62\62\39\35\35\61\39\36\63\65\64\103\64\64\64\136\148\152\153\144\147\152\156\155\147\143\143\143\158\152\146\157\144\148\157\144\146\143\153\154\148\153\154\144\144\147\143\143\158\158\145\152\144\146\143\153\153\148\153\153\144\144\147\143\143\158\152\145\152\144\146\143\152\154\148\152\154\144\144\147\143\143\152\151\155\145\152\144\65\64\180\64\64\64\127\223\220\234\225\234\221\221\224\220\220\229\231\237\222\229\221\223\220\229\233\225\229\233\221\221\224\220\220\220\229\233\235\223\235\221\225\235\221\223\220\229\236\225\229\236\221\221\224\220\220\229\231\234\222\229\221\223\220\230\230\225\230\230\65\66\20\71\247\64\148\51\51\72\44\44\107\128\163\58\107\51\65\44\114\100\79\114\100\51\51\72\107\121\156\72\44\44\107\128\100\58\107\51\65\44\107\142\79\107\142\51\51\72\44\44\44\107\121\163\65\149\51\79\149\51\65\44\107\156\79\107\156\51\51\72\149\107\72\107\114\114\72\44\44\107\128\100\65\163\51\79\163\51\72\65\66\142\87\231\64\139\38\38\245\81\81\107\245\150\61\153\245\150\61\130\245\81\81\130\38\38\245\58\58\107\245\127\61\153\245\127\61\130\38\38\245\58\173\84\245\61\107\38\81\153\81\61\61\130\38\38\38\245\58\12\107\245\35\61\153\245\35\61\107\38\12\35\153\12\35\61\61\130\38\38\245\65\64\119\64\64\64\107\172\171\162\168\170\160\164\168\170\160\163\175\172\163\159\159\175\172\162\169\160\164\169\160\163\159\159\159\175\172\162\168\171\160\164\168\171\160\162\159\176\164\176\65\66\178\67\235\64\133\45\45\41\41\54\35\243\105\42\42\69\75\90\48\69\45\51\42\69\90\57\69\90\45\45\54\216\105\35\72\69\72\54\42\42\72\69\87\48\69\45\51\42\69\72\57\69\72\45\45\54\42\42\72\69\66\51\93\45\57\93\45\54\42\42\42\72\69\84\65\66\87\83\91\64\154\136\70\98\174\70\98\136\79\127\174\127\98\98\155\79\79\13\231\51\117\250\98\136\79\13\250\174\13\250\98\98\155\79\79\13\231\108\117\250\98\136\79\250\231\174\250\231\98\98\155\79\79\13\13\231\136\250\146\98\174\250\146\98\155\13\13\13\155\79\79\13\250\231\136\250\13\98\174\250\13\98\155\79\79\79\13\70\70\136\146\65\66\127\75\227\64\148\66\110\242\66\88\55\231\110\231\66\66\99\55\55\165\176\209\88\209\66\110\209\66\99\55\55\165\143\198\77\154\66\88\55\154\198\110\154\198\66\66\99\55\55\165\187\242\88\154\231\66\110\154\231\66\99\55\55\165\187\231\88\231\66\110\231\66\99\55\55\55\165\187\143\88\154\231\66\110\154\231\66\88\55\65\64\86\64\64\64\148\142\131\142\127\127\130\136\138\137\130\126\126\136\138\135\128\135\127\129\126\135\141\131\135\141\127\127\211\211\130\209\193\147\135\138\138\130\184\147\209\126\126\136\136\137\128\135\127\129\126\135\141\131\135\141\127\127\130\126\126\141\129\135\134\127\131\135\134\127\130\126\126\136\139\138\129\135\141\127\131\135\141\127\130\65\66\112\81\49\64\131\24\24\194\228\245\58\177\41\75\24\194\211\109\194\211\41\41\92\24\24\24\194\75\177\228\41\109\177\228\41\75\24\177\228\109\177\228\41\41\189\189\92\155\139\125\24\24\24\177\211\6\75\40\41\109\40\41\75\24\228\109\228\41\41\92\242\125\65\64\237\64\64\64\155\104\21\21\31\33\37\23\30\22\24\21\30\29\26\30\29\22\22\25\21\21\21\31\32\36\24\30\37\22\26\30\37\22\24\21\30\36\26\30\36\22\22\25\21\21\31\34\29\24\30\32\22\26\30\32\22\25\31\34\30\25\21\21\31\33\36\24\30\33\22\26\30\33\22\25\21\21\21\31\33\35\24\30\37\22\26\30\37\22\24\21\65\64\154\64\64\64\123\205\199\205\195\195\23\23\198\21\5\215\194\194\203\207\203\197\203\205\195\199\203\205\195\198\252\215\21\194\194\194\204\204\210\197\203\207\195\199\203\207\195\197\194\203\207\199\203\207\195\195\198\194\194\194\204\206\210\197\65\65\76\64\64\64\134\123\101\97\123\101\103\100\125\122\97\125\122\101\101\96\100\100\125\125\102\125\101\103\100\127\97\127\101\101\96\100\100\126\121\126\103\125\120\101\97\125\120\101\96\100\100\117\102\125\101\103\100\117\97\117\101\101\96\100\100\100\124\103\116\101\97\116\101\103\100\65\64\3\64\64\64\123\59\48\59\44\44\47\53\55\59\47\43\43\54\46\54\44\48\54\44\128\128\47\126\110\64\43\43\57\56\45\52\44\46\43\53\52\48\53\52\44\44\47\101\64\126\43\43\52\55\59\45\52\44\46\43\52\52\48\52\65\65\234\64\64\64\135\219\195\195\198\219\220\222\198\194\194\219\221\211\192\219\195\193\194\216\217\199\216\217\195\195\198\219\221\218\198\194\194\219\221\221\193\219\221\195\199\219\221\195\198\194\194\219\210\219\193\223\195\199\223\195\23\23\198\17\1\215\220\210\198\8\215\17\194\194\194\219\65\64\14\64\64\64\149\68\69\57\63\69\55\59\63\69\55\57\54\67\59\67\55\55\58\54\54\63\69\71\56\63\55\57\54\63\62\59\63\62\55\55\58\54\54\54\63\68\70\57\65\55\59\65\55\57\54\63\68\59\63\68\55\55\58\54\54\63\68\71\56\63\55\57\54\63\69\59\63\69\55\55\139\139\58\137\121\75\54\54\63\71\65\66\11\75\227\64\150\71\228\126\206\250\126\206\239\65\170\84\195\195\195\49\38\228\104\206\250\104\206\228\195\49\60\250\49\60\206\206\239\195\195\60\126\217\38\206\228\195\126\250\126\206\206\239\195\195\82\71\217\38\206\228\195\49\49\250\49\49\206\206\239\195\195\195\82\71\228\38\82\206\250\38\82\206\228\195\49\49\250\49\49\206\206\65\65\135\64\64\64\104\171\175\175\179\180\172\182\176\174\170\182\176\174\171\175\175\179\191\172\182\191\174\170\182\191\174\171\175\175\179\182\172\182\180\174\170\182\180\174\171\65\64\98\64\64\64\138\138\138\138\151\149\141\147\146\139\143\147\146\139\141\138\147\154\143\147\154\139\139\223\223\142\221\205\159\138\138\152\150\141\149\139\143\149\139\142\196\159\221\138\138\138\147\153\155\141\147\153\139\143\147\153\139\141\138\155\143\155\139\139\142\147\152\151\142\138\138\138\147\154\146\65\65\203\64\64\64\101\224\242\226\230\242\226\224\227\250\254\230\250\254\226\226\231\227\227\250\243\251\224\250\250\226\230\250\250\226\231\227\227\250\253\242\224\252\65\65\107\64\64\64\111\66\70\92\66\71\67\67\90\92\95\64\90\88\66\70\90\88\66\71\90\93\92\71\67\67\90\92\82\65\90\66\64\67\95\70\95\66\66\150\150\71\144\128\86\67\67\90\65\66\206\85\125\64\154\39\81\64\211\43\85\22\211\60\127\211\60\43\43\106\216\207\229\232\253\81\106\211\39\106\22\22\211\232\64\211\43\85\22\211\253\127\211\253\43\43\106\253\106\60\106\22\22\123\64\211\43\85\22\211\253\127\211\253\43\43\106\22\22\232\85\211\253\43\127\211\253\43\106\22\22\211\102\123\64\211\43\85\22\102\127\102\43\43\106\65\66\214\83\91\64\103\206\206\140\159\102\244\121\225\7\206\178\45\178\225\225\26\206\206\121\121\7\121\197\225\45\121\197\225\26\206\206\159\244\121\225\7\206\178\45\65\65\136\64\64\64\144\188\161\161\164\160\160\185\186\163\185\187\161\165\185\187\161\164\160\160\185\189\162\185\161\163\160\185\188\165\185\188\161\161\164\160\160\185\184\162\185\161\163\160\185\187\165\185\187\161\161\164\160\160\160\186\189\188\163\191\161\165\191\161\163\160\191\165\191\161\161\164\160\160\185\191\162\185\161\163\160\65\66\168\87\231\64\151\15\107\179\15\107\87\87\156\64\64\130\133\15\84\87\179\15\84\87\156\64\64\15\38\110\15\87\133\64\15\176\179\15\176\87\87\156\64\64\15\15\133\199\87\179\199\87\227\227\156\181\69\35\199\199\156\118\35\181\64\64\15\176\84\110\15\87\133\64\15\199\179\15\199\87\87\156\38\15\84\156\64\64\38\248\248\110\65\64\80\64\64\64\147\129\121\123\120\129\135\125\129\135\121\121\124\130\129\131\124\120\120\120\130\128\137\123\134\121\125\134\121\123\120\130\131\125\130\131\121\121\124\120\120\129\137\134\122\129\121\123\120\129\128\125\129\128\121\121\124\120\120\130\128\136\123\129\131\121\125\129\131\121\124\120\120\130\128\128\123\133\121\125\133\121\124\120\65\66\91\81\49\64\129\3\156\224\2\54\156\156\20\88\156\156\20\71\3\3\156\190\156\37\156\20\54\3\173\139\88\173\139\20\20\168\168\71\134\118\104\3\3\3\156\224\241\54\156\36\20\88\156\36\20\54\3\36\88\36\20\20\71\221\104\134\3\3\173\173\65\64\242\64\64\64\139\38\29\35\34\27\31\35\34\27\30\26\26\39\28\35\27\29\26\43\31\43\27\27\30\26\26\35\39\28\35\27\29\26\42\31\42\27\27\30\26\26\35\36\29\35\43\27\31\35\43\27\30\26\26\42\29\35\42\27\31\35\42\27\30\26\26\36\39\37\28\35\27\29\26\42\65\65\34\64\64\64\147\15\26\11\11\14\10\10\16\19\9\19\22\11\15\19\22\11\14\10\10\10\19\26\26\9\19\21\11\15\19\21\11\9\10\23\15\23\11\11\14\10\10\10\16\17\22\9\19\21\11\15\19\21\11\9\10\16\19\15\16\19\11\11\14\10\10\10\16\23\17\9\27\11\15\27\11\9\10\19\18\15\19\18\65\65\124\64\64\64\152\85\85\80\84\84\69\87\77\75\85\81\77\75\85\80\84\84\77\87\77\75\85\81\77\75\85\80\78\77\72\80\84\84\77\68\68\87\69\85\81\69\85\129\129\80\135\151\65\84\84\68\72\86\77\85\87\84\78\78\81\78\78\85\85\80\158\65\135\84\84\77\77\74\87\75\85\81\75\85\80\84\84\84\78\76\68\87\77\65\65\197\64\64\64\133\245\236\232\244\245\236\238\237\246\232\246\236\236\233\237\237\244\244\243\238\247\236\232\247\236\233\237\237\244\240\242\238\244\253\236\232\244\253\236\233\237\237\237\244\240\247\238\253\236\232\253\236\238\237\252\232\252\236\236\233\237\237\244\241\247\238\244\243\236\65\66\106\83\91\64\110\193\13\108\117\174\98\98\98\13\13\108\155\51\117\193\51\117\155\98\70\193\70\117\117\177\177\174\139\91\241\98\98\13\165\13\155\13\51\117\193\13\51\117\174\176\241\65\65\137\64\64\64\150\114\161\161\161\184\189\162\184\184\160\164\184\184\160\162\161\184\184\164\184\184\160\160\165\188\189\165\161\161\189\188\162\184\184\160\164\184\184\160\165\161\161\186\191\163\184\160\162\161\186\164\186\160\160\165\161\161\189\176\163\184\160\162\161\184\185\164\184\185\160\160\165\161\161\187\187\186\162\184\188\160\164\184\188\160\165\65\66\37\77\5\64\104\45\45\45\175\162\84\162\201\58\110\162\201\58\84\45\162\149\110\162\149\58\58\97\45\45\45\188\227\84\240\58\110\240\58\84\45\227\110\227\58\65\65\172\64\64\64\131\133\128\132\132\152\149\135\154\133\129\154\133\128\132\132\152\156\135\158\133\129\158\133\128\132\132\159\155\134\157\133\135\132\157\158\129\157\158\133\133\128\132\132\152\156\134\157\133\135\132\157\158\129\157\158\133\133\128\132\132\159\154\134\157\133\135\132\65\64\83\64\64\64\151\132\132\128\132\132\124\124\127\123\123\134\136\126\137\124\128\137\124\208\208\127\206\190\144\123\123\123\132\135\136\126\139\124\128\139\124\126\123\133\133\128\133\133\124\124\127\181\144\206\123\123\123\133\133\132\126\139\124\128\139\124\126\123\139\128\139\124\124\127\123\123\131\126\136\124\128\136\124\127\123\123\133\135\139\125\132\124\65\64\146\64\64\64\102\189\186\196\196\191\196\196\187\187\190\186\186\196\198\202\188\195\187\189\186\199\191\199\187\187\190\186\186\196\198\200\189\201\187\191\201\187\190\65\65\200\64\64\64\113\224\224\224\250\252\253\227\249\250\225\229\249\250\225\227\224\250\249\229\250\249\225\225\228\224\224\224\249\255\255\227\249\249\225\229\249\249\225\227\224\252\229\252\225\225\228\224\224\250\65\66\113\75\227\64\141\184\129\74\206\52\96\206\52\85\41\41\151\184\184\63\140\52\74\41\206\96\206\52\52\85\41\41\41\140\206\206\74\173\52\96\173\52\74\41\151\129\96\151\129\52\52\85\41\41\151\173\151\74\140\162\52\96\140\162\52\85\41\41\173\63\140\52\74\41\140\206\96\140\206\52\52\85\65\66\106\67\235\64\123\226\226\253\15\15\232\253\229\235\226\253\6\241\253\6\229\229\225\225\238\219\171\33\226\226\226\0\12\235\253\250\229\241\253\250\229\235\226\9\241\9\229\229\238\144\33\219\226\226\21\253\235\253\6\229\241\253\6\229\65\66\237\67\235\64\120\113\101\101\128\137\137\110\128\140\104\116\128\140\104\113\101\101\101\128\131\134\110\128\125\104\116\128\125\104\110\101\128\128\116\128\128\104\104\113\101\101\128\137\131\110\146\104\116\146\104\113\128\131\134\113\101\65\65\166\64\64\64\117\142\142\151\146\150\141\145\143\139\145\143\141\142\145\139\145\143\143\138\142\142\142\147\158\141\148\143\139\148\143\141\142\158\139\158\143\143\138\142\142\142\151\150\144\141\151\151\143\139\151\151\143\141\65\64\221\64\64\64\107\5\14\13\10\14\13\6\6\9\5\5\5\14\17\13\8\17\6\10\17\6\8\5\14\20\10\14\20\6\6\9\5\5\14\15\20\7\14\6\8\5\14\17\65\66\152\75\227\64\127\135\179\212\91\91\124\179\212\212\124\80\80\179\201\179\102\179\91\113\80\223\135\223\91\91\124\179\190\245\124\80\80\80\179\212\223\113\179\179\91\135\179\179\91\113\80\0\135\0\91\91\124\80\80\80\223\0\113\190\91\135\190\91\65\65\147\64\64\64\118\184\187\166\190\166\186\186\191\187\187\170\170\185\162\186\184\187\165\190\165\186\186\191\170\167\110\110\191\104\120\174\187\187\187\162\170\164\184\162\165\186\190\162\165\186\184\187\162\166\190\162\166\186\186\65\65\225\64\64\64\148\205\3\220\26\201\201\215\202\217\200\204\217\200\205\201\201\201\212\216\202\208\210\200\204\208\210\200\202\201\214\204\214\200\200\205\201\201\210\217\202\208\216\200\204\208\216\200\205\201\201\212\214\203\208\200\202\201\208\214\204\208\214\200\200\205\210\217\205\201\201\212\212\202\214\200\204\214\200\205\201\201\211\211\216\65\64\105\64\64\64\151\147\154\146\148\145\162\150\162\146\146\149\145\145\159\148\160\146\150\160\146\149\145\145\158\159\147\154\146\148\145\154\154\150\154\154\146\146\149\158\159\149\145\145\145\157\155\148\154\156\146\150\154\156\146\148\145\157\150\157\146\146\149\145\145\158\160\148\154\156\146\150\154\156\146\149\155\155\162\149\145\145\154\157\147\154\146\148\65\64\161\64\64\64\110\201\211\212\206\211\212\202\202\205\218\205\201\201\211\211\218\203\210\202\204\201\215\206\215\202\202\205\201\201\211\213\213\204\210\214\202\206\210\214\202\205\201\201\201\211\211\65\65\85\64\64\64\148\108\126\100\109\124\120\100\109\124\126\125\98\120\98\124\124\121\125\125\100\98\127\100\124\126\125\98\120\98\124\124\121\125\125\97\99\126\100\100\124\120\100\100\124\121\96\100\121\125\125\97\109\126\100\100\124\120\100\100\124\168\168\121\174\190\104\125\125\99\102\127\100\124\126\125\100\103\120\100\103\124\124\121\183\65\65\139\64\64\64\127\182\112\163\163\186\184\187\161\186\162\160\163\190\166\190\162\162\167\163\163\186\188\191\160\186\187\162\166\186\187\162\167\163\163\163\186\188\190\160\186\178\162\166\186\178\162\160\163\185\187\166\185\187\162\162\167\163\163\186\189\179\161\186\65\64\172\64\64\64\100\213\215\212\221\223\217\221\223\213\213\216\212\212\221\226\224\214\221\213\215\212\221\225\217\221\225\213\213\216\212\212\221\226\223\214\221\65\65\76\64\64\64\107\101\103\100\125\116\97\125\116\101\101\177\177\96\183\167\113\100\100\100\125\123\125\103\125\126\101\97\125\126\101\103\100\125\127\97\125\127\101\101\96\174\113\183\65\65\4\64\64\64\146\44\44\44\54\55\50\47\53\54\45\41\53\54\45\47\44\48\41\48\45\45\40\44\44\55\55\46\53\45\47\44\48\41\48\45\45\40\44\44\44\53\54\47\53\55\45\41\53\55\45\47\44\54\53\41\54\53\45\45\40\44\44\44\55\53\47\53\52\45\41\53\52\45\47\44\60\41\60\45\45\40\44\65\65\121\64\64\64\150\81\72\75\83\72\80\82\81\77\84\77\80\80\85\81\81\75\64\83\72\80\82\81\75\73\84\75\73\80\80\85\81\81\75\73\74\83\72\80\82\81\74\84\74\80\80\85\81\81\75\73\82\79\80\84\79\80\85\81\81\75\77\82\72\72\80\84\72\72\80\85\81\81\72\75\82\75\80\84\75\80\85\81\81\72\65\65\65\213\64\64\64\143\254\228\229\252\248\228\229\252\249\228\227\249\253\253\231\229\230\254\228\229\252\248\228\229\252\249\229\249\253\253\231\224\230\254\236\252\248\236\252\249\253\253\253\231\225\226\254\228\231\252\248\228\231\252\254\253\237\248\237\252\252\249\253\253\231\229\230\255\228\252\254\253\237\248\237\252\252\249\253\65\65\216\64\64\64\124\240\233\236\243\233\239\241\245\233\239\241\244\240\240\234\238\242\233\241\243\240\233\236\245\233\236\241\241\244\240\240\234\239\242\233\241\243\240\233\232\245\233\232\241\241\244\240\240\240\234\232\243\237\241\245\237\241\243\240\233\65\65\216\64\64\64\105\238\245\233\238\241\241\244\240\240\240\233\238\243\234\241\245\234\241\243\240\234\233\245\234\233\241\241\244\240\240\233\237\243\233\233\241\245\233\233\241\244\65\66\253\83\91\64\116\245\245\179\141\198\46\160\217\8\84\160\217\8\65\245\245\245\198\160\46\160\141\8\84\160\141\8\46\245\198\84\198\8\8\65\245\245\245\179\255\46\160\217\8\84\160\217\8\46\245\217\84\65\65\243\64\64\64\139\199\218\218\223\219\219\193\195\192\217\194\218\216\219\194\197\222\194\197\218\218\223\194\199\223\219\219\193\192\216\196\218\222\196\218\223\219\219\219\193\195\216\202\218\222\202\218\216\219\198\222\198\218\218\223\219\219\193\196\216\194\194\218\222\194\194\218\223\194\192\223\219\219\193\197\65\65\113\64\64\64\123\90\64\71\88\92\64\71\88\93\89\89\89\64\67\90\64\73\88\92\64\73\88\90\89\66\92\66\88\88\93\89\89\67\72\91\64\88\90\89\64\72\92\64\72\88\88\93\89\89\64\68\91\64\88\90\89\69\92\69\65\66\18\71\247\64\142\49\49\70\42\42\112\98\126\56\105\49\63\42\105\98\77\105\98\49\49\125\125\70\111\255\189\42\42\140\161\56\105\49\63\42\105\147\77\105\147\49\49\70\192\189\111\105\119\161\70\42\42\105\147\98\63\140\49\77\140\49\70\42\42\105\140\140\56\105\49\63\42\147\77\147\49\49\70\65\65\24\64\64\64\156\48\48\48\41\32\45\51\32\49\53\32\49\51\48\41\45\53\41\45\49\49\52\48\48\41\32\46\51\43\49\53\43\49\52\48\48\41\32\43\51\41\43\49\53\41\43\49\52\48\48\41\47\40\50\41\49\51\48\47\53\47\49\49\52\48\48\48\41\46\33\51\47\49\53\47\49\51\48\41\45\53\41\45\49\49\52\48\48\41\40\41\51\65\66\150\69\13\64\148\144\99\119\144\99\114\139\159\144\114\94\94\94\139\164\174\109\169\99\119\169\99\109\94\139\154\119\139\154\99\99\114\94\94\94\139\174\149\109\139\149\99\119\139\149\99\109\94\139\159\119\139\159\99\99\114\94\94\139\169\154\104\139\99\109\94\139\159\119\139\159\99\99\114\139\174\139\114\94\94\94\139\174\159\65\66\182\75\227\64\111\143\19\121\165\19\121\143\110\209\231\165\209\231\121\121\21\21\154\255\79\85\110\110\209\198\242\132\209\121\143\110\209\231\165\209\231\121\121\154\236\85\255\110\110\110\209\30\65\65\124\64\64\64\137\76\87\77\74\85\81\77\74\85\87\84\72\81\72\85\85\80\84\84\84\78\77\73\87\77\76\85\81\77\76\85\87\84\78\76\81\78\76\85\85\80\84\84\78\78\79\86\77\85\87\84\77\72\81\77\72\85\85\80\84\84\77\79\74\87\77\78\85\81\77\78\85\80\65\65\189\64\64\64\118\149\149\140\133\138\150\138\148\144\138\148\145\143\141\136\145\149\149\143\140\133\150\140\138\148\144\140\138\148\145\149\149\143\143\143\150\137\148\144\137\148\145\143\141\136\145\149\149\143\140\133\151\140\148\65\66\91\69\13\64\136\50\35\110\60\110\40\40\55\35\35\35\80\90\105\50\80\90\40\60\80\90\40\50\35\95\60\95\40\40\55\35\35\35\80\110\95\50\85\40\60\85\40\50\35\85\85\60\85\85\40\40\55\85\75\120\55\35\35\35\85\80\95\50\80\110\40\60\80\110\40\50\35\65\65\22\64\64\64\106\35\59\35\63\63\58\62\62\36\38\34\61\36\63\59\36\63\58\62\62\36\38\35\61\39\46\63\59\39\46\63\58\62\62\36\39\46\60\39\63\61\62\65\64\230\64\64\64\154\31\19\31\15\15\18\23\25\28\18\14\14\14\23\30\25\17\28\15\19\28\15\17\14\23\23\19\23\23\15\15\18\14\14\14\23\30\26\17\23\23\15\19\23\23\15\17\14\23\22\19\23\22\15\15\99\99\18\97\81\35\14\14\23\29\24\17\24\15\19\24\15\18\72\35\97\24\25\31\18\14\14\24\26\17\28\15\19\28\15\65\64\76\64\64\64\105\120\116\116\126\125\119\131\117\121\131\117\120\116\116\125\129\119\125\124\117\121\125\124\117\120\116\116\126\127\118\125\117\119\116\126\126\121\126\126\117\117\65\66\253\75\227\64\103\225\181\181\35\13\57\203\24\192\214\181\46\236\46\192\192\225\181\181\46\35\203\24\192\214\181\24\57\236\24\57\192\192\225\35\90\225\181\181\65\65\149\64\64\64\123\167\165\161\191\164\188\190\189\164\165\184\164\165\188\188\185\164\162\185\189\189\189\166\163\190\161\188\184\161\188\190\189\167\166\184\167\166\188\188\185\189\189\164\162\190\164\165\188\184\164\165\188\185\189\189\164\160\191\164\65\65\182\64\64\64\137\159\157\158\129\155\129\159\159\154\158\158\158\133\133\157\135\129\159\155\135\129\159\157\158\131\155\131\159\159\154\158\158\133\132\156\135\159\157\158\142\155\142\159\159\154\158\158\135\129\156\135\159\157\158\132\135\155\132\135\159\159\154\158\158\132\134\130\157\135\133\159\155\135\65\64\164\64\64\64\116\215\205\208\204\204\214\216\220\206\213\205\207\204\213\214\209\213\214\205\205\208\204\204\214\219\206\213\205\207\204\213\214\209\213\214\205\205\208\215\217\208\204\204\214\212\216\207\217\205\209\217\205\65\65\178\64\64\64\128\158\154\154\128\135\135\153\131\134\155\159\131\134\155\158\154\154\131\133\152\131\155\153\154\128\129\159\128\129\155\155\158\154\154\154\129\130\153\131\128\155\159\131\128\155\153\154\128\131\159\128\131\155\155\158\129\134\158\154\154\131\133\153\139\65\65\202\64\64\64\110\227\231\243\227\230\226\226\249\250\225\254\227\231\254\227\230\226\226\248\250\254\224\251\227\225\226\251\250\231\251\250\227\227\230\226\226\248\254\248\225\251\242\227\231\251\242\65\64\162\64\64\64\135\203\206\202\202\202\212\211\205\211\219\203\207\211\219\203\205\202\211\215\207\211\215\203\203\206\212\216\206\211\216\206\202\202\211\217\204\211\203\205\202\218\207\218\203\203\206\202\202\213\210\204\211\203\205\202\212\213\207\212\213\203\203\206\202\202\212\210\214\204\211\203\65\64\236\64\64\64\119\23\20\30\28\25\30\28\21\21\24\20\20\20\30\33\29\23\30\21\25\30\21\23\20\29\29\25\29\29\21\21\24\20\20\30\33\30\22\29\21\23\20\37\25\37\21\21\105\105\24\103\87\41\20\20\65\66\246\67\235\64\126\137\152\158\119\158\113\125\158\113\122\28\173\103\137\152\122\110\110\110\140\158\119\161\113\125\161\113\119\110\161\125\161\113\113\122\110\110\140\158\116\137\113\119\110\161\125\161\113\113\122\140\146\122\110\110\110\140\155\119\137\143\113\65\66\215\77\5\64\114\32\84\110\236\6\223\84\162\32\84\162\236\236\19\223\223\223\97\97\149\6\84\97\236\32\84\97\236\6\223\84\188\32\84\188\236\236\19\223\223\97\84\136\6\84\136\236\32\84\136\65\65\36\64\64\64\140\13\8\12\12\22\21\17\14\21\13\15\12\23\9\23\13\13\8\12\12\22\18\15\21\22\13\9\21\22\13\8\12\12\12\29\15\22\13\9\22\13\15\12\17\9\17\13\13\8\23\21\8\12\12\22\21\16\15\29\13\9\29\13\8\12\12\12\21\17\15\28\13\9\28\13\15\65\65\144\64\64\64\122\184\161\161\189\161\161\185\185\188\161\167\188\184\184\184\162\168\187\161\163\185\189\161\163\185\187\184\161\168\189\161\168\185\185\188\184\184\161\166\187\161\164\185\189\161\164\185\188\184\184\162\169\186\161\185\187\184\168\65\65\163\64\64\64\101\142\155\138\138\143\139\139\146\147\137\146\138\136\139\145\147\142\145\147\138\138\143\139\139\145\154\136\146\145\138\142\146\145\138\143\139\139\65\65\120\64\64\64\104\74\79\83\79\81\85\79\81\84\80\80\73\75\83\73\72\81\85\73\72\81\84\74\78\84\80\80\73\73\83\78\81\85\78\81\84\80\80\74\75\65\65\154\64\64\64\139\176\171\179\177\178\168\168\183\168\168\179\179\182\178\178\178\168\168\177\171\168\179\183\171\168\179\177\178\163\183\163\179\179\182\168\162\182\178\178\171\169\177\163\179\183\163\179\182\178\178\178\168\168\177\168\179\183\168\179\177\178\172\183\172\179\179\182\178\178\168\162\177\175\179\183\65\66\211\69\13\64\118\220\160\175\155\155\205\200\215\170\200\240\160\180\200\240\160\175\200\200\175\205\210\175\155\155\205\200\170\200\200\160\180\200\200\160\175\155\155\205\200\220\170\235\160\180\235\160\175\155\155\200\195\165\200\65\65\138\64\64\64\125\163\161\162\189\167\189\163\163\166\187\189\166\162\162\184\186\161\187\179\163\167\187\179\163\166\184\186\166\162\162\187\189\160\187\163\161\162\187\184\167\187\184\163\163\166\162\162\184\185\160\187\163\161\162\185\167\185\163\163\166\162\65\66\248\81\49\64\104\160\74\74\194\57\177\211\160\57\159\245\57\159\177\177\228\57\91\228\160\160\74\142\194\57\177\211\160\57\159\245\57\159\177\177\228\160\160\57\125\65\64\191\64\64\64\111\234\243\232\236\243\232\235\231\231\248\234\243\232\236\243\232\235\231\231\241\241\233\240\232\234\231\240\239\236\240\239\232\232\235\231\231\240\244\234\240\247\232\236\240\247\232\235\65\64\140\64\64\64\153\180\180\180\189\188\183\189\189\181\185\189\189\181\183\180\190\190\185\190\190\181\181\184\180\180\190\189\191\183\189\196\181\185\189\196\181\184\180\180\197\182\189\181\183\180\190\189\185\190\189\181\181\184\180\180\190\194\183\189\195\181\185\189\195\181\184\180\180\190\196\182\189\181\183\180\189\189\185\189\189\181\181\184\180\180\190\189\193\183\65\65\237\64\64\64\109\217\196\192\217\196\193\197\197\223\217\217\198\220\217\196\192\220\217\196\193\197\197\223\222\198\222\196\192\222\196\193\197\197\197\222\220\198\220\217\196\192\220\217\196\198\65\65\195\64\64\64\141\235\240\238\240\234\234\239\235\235\235\241\242\240\232\250\234\238\250\234\232\235\242\245\238\242\245\234\234\239\235\235\241\246\242\233\242\234\232\235\245\238\245\234\234\239\235\235\235\242\240\232\242\251\234\238\242\251\234\232\235\242\240\238\242\240\234\234\239\241\245\239\235\235\240\243\233\242\65\66\229\77\5\64\152\250\20\237\98\124\46\98\124\250\250\33\237\237\237\98\124\20\163\250\46\163\250\20\237\111\85\46\111\85\250\250\33\237\237\111\163\7\98\250\20\237\124\46\124\250\250\33\237\237\111\98\124\20\98\137\250\46\98\137\250\33\111\124\189\33\237\237\98\176\20\98\189\250\46\98\189\250\33\237\237\111\111\20\98\98\250\46\98\65\64\1\64\64\64\136\50\42\45\41\41\50\51\43\50\42\44\41\50\58\46\50\58\42\42\45\41\41\41\50\52\44\50\50\42\46\50\50\42\44\41\52\46\52\42\42\45\41\41\51\55\43\50\42\44\41\50\50\46\50\50\42\42\45\41\41\51\50\52\44\54\42\46\54\42\45\51\50\65\64\200\64\64\64\100\253\244\240\240\240\250\254\243\255\241\245\255\241\243\240\250\248\245\250\248\241\241\244\240\240\249\251\242\249\241\243\240\249\253\245\249\65\65\207\64\64\64\145\250\230\230\227\254\251\227\231\231\253\248\229\254\230\228\231\247\226\247\230\230\227\253\254\250\227\231\231\254\249\228\249\230\226\249\230\227\254\252\227\231\231\231\246\228\248\230\226\248\230\228\231\254\252\226\254\252\230\230\227\231\231\254\253\229\254\230\228\231\254\247\226\254\247\230\230\227\231\231\231\253\65\66\11\71\247\64\116\140\56\98\105\42\70\98\105\42\56\35\98\154\70\98\154\42\42\63\35\35\105\98\126\56\119\42\70\119\42\63\105\98\63\35\35\154\56\147\42\70\147\42\63\35\35\98\140\56\98\140\42\65\64\230\64\64\64\110\19\23\29\15\18\14\14\14\24\24\17\23\22\15\19\23\22\15\17\14\23\25\19\23\25\15\15\18\14\14\24\23\27\17\23\29\15\19\23\29\15\18\14\14\14\24\65\66\112\81\49\64\125\228\228\75\177\160\41\109\177\160\41\75\24\57\109\57\41\41\92\24\24\194\211\58\177\41\75\24\177\57\109\177\57\41\41\92\211\177\92\24\24\194\160\245\75\177\194\41\109\177\194\41\92\24\24\194\177\40\75\177\160\41\65\66\118\69\13\64\101\87\107\102\67\82\62\62\112\107\132\77\107\137\67\87\107\137\67\82\62\62\112\127\107\77\142\67\87\142\67\82\62\62\107\117\77\107\65\66\74\81\49\64\110\173\3\71\139\173\3\54\242\242\156\224\20\139\3\37\242\156\173\71\156\173\3\3\54\173\122\54\242\242\139\173\37\19\3\71\19\3\54\242\242\156\224\20\139\3\37\65\65\21\64\64\64\126\61\39\39\56\39\39\60\60\57\39\37\32\57\61\61\39\36\45\63\36\60\62\61\36\36\56\36\36\60\60\57\61\61\39\36\35\63\36\60\62\61\39\38\56\39\38\60\60\57\61\61\39\38\45\63\36\60\62\61\34\56\34\65\65\22\64\64\64\125\63\63\58\62\62\39\33\60\39\63\61\62\39\33\59\39\33\63\63\58\62\62\36\36\61\39\46\63\59\39\46\63\58\62\62\39\36\61\34\63\59\34\63\58\62\62\62\39\37\61\36\63\59\36\63\61\62\36\37\59\36\65\66\207\85\125\64\106\254\44\44\107\233\61\107\23\23\23\233\191\40\86\212\82\44\128\212\82\44\86\23\212\82\128\212\82\44\44\107\23\23\23\233\212\103\86\82\44\128\82\65\64\218\64\64\64\155\3\5\2\11\18\7\11\18\3\3\6\2\2\12\11\16\4\11\3\5\2\11\17\7\11\17\3\3\6\2\2\12\14\17\4\11\3\5\2\12\13\7\12\13\3\3\6\2\2\2\12\14\18\5\17\3\7\17\3\5\2\13\7\13\3\3\87\87\6\85\69\23\2\2\11\16\10\4\11\3\5\2\11\10\7\11\10\3\3\6\60\65\64\206\64\64\64\153\11\73\246\246\0\2\1\249\255\7\247\251\255\7\247\250\0\255\250\246\246\246\1\249\0\247\251\0\247\249\246\0\255\251\0\255\247\247\250\246\246\246\1\249\255\5\247\251\255\5\247\249\246\255\6\251\255\6\247\247\250\246\246\3\248\255\247\249\246\7\251\7\247\247\250\255\7\250\255\7\75\75\250\73\57\11\2\6\250\65\66\162\85\125\64\108\172\163\185\234\234\167\167\37\41\167\230\255\83\167\230\255\62\234\234\234\167\16\58\41\167\146\255\83\167\146\255\41\234\167\209\83\167\209\255\255\62\167\230\79\65\65\241\64\64\64\153\221\217\217\192\197\198\218\192\194\216\220\192\194\216\221\217\217\217\192\199\196\218\192\197\216\220\192\197\216\218\217\194\220\194\216\216\221\217\217\217\192\199\197\218\192\195\216\220\192\195\216\218\217\192\201\220\192\201\216\216\221\217\217\192\197\200\219\192\216\218\217\196\220\196\216\216\221\217\217\192\197\201\218\194\216\220\194\216\221\65\64\164\64\64\64\118\204\204\204\213\212\218\207\213\213\205\209\213\213\205\207\204\213\216\209\213\216\205\205\208\204\204\220\212\207\213\214\205\209\213\214\205\208\204\204\204\213\214\216\207\219\205\209\219\205\207\204\213\215\209\65\66\80\77\5\64\140\205\231\101\101\140\88\88\205\1\53\114\205\101\127\88\244\153\244\101\101\140\88\88\205\14\27\127\205\1\101\153\205\1\101\140\88\88\88\40\192\127\205\218\101\153\205\218\101\127\88\205\53\153\205\53\101\101\140\88\88\205\231\205\114\205\101\127\88\218\192\153\218\192\101\101\140\65\66\30\71\247\64\121\54\54\54\117\138\173\75\152\61\89\152\61\75\54\131\89\131\61\61\82\54\54\117\152\124\75\145\61\89\145\61\82\54\54\117\152\152\75\117\110\61\89\117\110\61\82\54\54\117\138\173\75\117\166\61\89\117\65\66\107\71\247\64\137\243\138\159\131\131\131\194\229\201\152\194\215\138\166\194\215\138\152\131\201\194\166\201\194\138\138\159\131\131\243\187\152\243\138\166\243\138\159\131\131\194\194\243\152\194\236\138\166\194\236\138\159\131\131\194\222\208\145\194\138\152\131\208\166\208\138\138\159\194\222\243\159\131\65\64\32\64\64\64\150\72\72\81\84\88\75\86\73\77\86\73\75\72\81\82\77\81\82\73\73\76\72\72\81\84\89\75\81\80\73\77\81\80\73\76\72\72\81\86\82\74\81\73\75\72\87\77\87\73\73\76\72\72\88\80\74\81\73\75\72\81\80\77\81\80\73\73\76\72\72\81\82\87\74\81\73\75\72\81\83\77\81\83\73\73\76\65\65\97\64\64\64\134\73\73\73\80\83\89\74\87\72\76\87\72\74\73\88\76\88\72\72\156\156\77\154\138\92\73\73\73\80\88\74\80\85\72\76\80\85\72\74\73\87\76\87\72\72\77\131\92\154\73\73\89\89\75\80\72\74\73\80\86\76\80\86\72\72\77\80\82\82\77\65\66\20\87\231\64\144\172\172\172\123\169\169\241\123\146\195\31\123\146\195\241\172\238\31\238\195\195\8\172\172\172\123\169\100\241\28\195\31\28\195\241\172\123\5\31\123\5\195\195\8\172\172\123\169\169\241\123\169\195\31\123\169\195\79\79\8\33\177\143\172\172\169\169\241\238\195\31\238\195\8\226\143\33\172\172\123\65\64\166\64\64\64\128\214\217\209\220\207\211\220\207\210\206\206\206\215\217\214\209\220\207\211\220\207\209\206\215\217\211\215\217\207\207\210\206\206\215\217\222\208\215\207\209\206\215\221\211\215\221\207\207\210\206\206\215\218\215\209\218\207\211\218\207\210\206\206\215\65\65\152\64\64\64\115\171\172\179\172\177\181\172\177\180\169\171\171\180\174\173\180\176\176\176\169\172\161\179\169\160\177\181\169\160\177\179\176\172\181\172\177\177\180\176\176\169\172\172\178\169\177\179\176\169\168\181\65\66\214\81\49\64\134\23\6\143\143\194\108\91\194\126\126\23\57\74\177\23\125\143\211\23\125\143\194\126\126\23\91\57\160\23\143\177\126\91\211\91\143\143\194\126\126\23\57\74\177\23\125\143\211\23\125\143\194\23\57\40\194\23\91\6\194\126\126\126\23\74\159\177\23\74\143\65\66\13\75\227\64\146\252\40\73\208\230\197\51\40\252\51\40\208\208\241\197\197\40\62\73\219\40\208\230\197\128\252\128\208\208\241\197\197\106\128\219\40\208\230\197\117\252\117\208\208\241\197\197\95\84\230\73\208\252\73\208\241\197\197\40\29\29\219\40\208\230\197\51\62\252\51\62\208\208\241\197\197\40\62\106\230\95\208\65\64\167\64\64\64\125\212\221\208\211\207\207\216\218\219\209\216\208\210\207\220\212\220\208\208\211\207\207\216\218\217\209\216\208\210\207\219\212\219\208\208\211\216\219\215\211\207\207\221\220\209\216\208\210\207\217\218\212\217\218\208\208\211\216\215\218\211\65\65\19\64\64\64\140\59\59\59\42\35\56\33\58\62\33\58\56\59\34\38\62\34\38\58\58\63\59\59\37\38\57\34\58\56\59\34\36\62\34\36\58\58\63\59\59\34\32\33\56\34\34\58\62\34\34\58\63\59\59\59\34\39\39\56\33\58\62\33\58\56\59\33\34\62\33\34\58\58\63\59\59\65\65\105\64\64\64\142\88\93\90\66\88\89\64\68\88\89\64\69\65\65\88\93\81\67\88\64\66\65\88\80\68\88\80\64\64\69\65\65\88\93\93\66\88\94\64\68\88\94\64\69\65\65\88\93\88\67\88\64\66\65\93\68\93\64\64\69\65\65\88\90\93\66\88\93\64\68\88\93\64\69\65\65\94\80\65\66\118\69\13\64\128\77\107\102\67\87\107\102\67\231\231\82\221\141\167\107\132\82\96\167\221\62\62\62\142\127\77\107\137\67\87\107\137\67\77\62\112\107\87\112\107\67\67\82\62\62\107\117\102\77\107\112\67\87\107\112\67\82\107\117\102\82\62\62\62\65\66\106\69\13\64\130\95\100\125\65\95\125\55\75\95\125\55\65\50\100\90\75\100\90\55\55\70\50\50\50\95\105\90\65\95\115\55\75\95\115\55\65\50\95\105\75\95\105\55\55\70\50\50\110\130\65\95\120\55\75\95\120\55\70\50\50\95\95\125\65\115\55\65\65\224\64\64\64\103\205\213\201\204\200\200\209\211\214\202\209\201\203\200\209\208\205\209\208\201\201\204\209\209\215\204\200\200\209\209\213\202\209\201\203\200\209\217\205\65\65\110\64\64\64\111\95\87\71\71\66\95\93\93\66\70\70\95\93\92\69\92\71\67\92\71\66\70\70\95\92\95\69\95\94\71\67\95\94\71\66\70\70\70\95\92\88\69\95\87\71\67\95\65\65\204\64\64\64\119\245\229\231\228\249\225\249\229\229\224\228\228\253\253\245\230\253\229\231\228\254\253\225\254\253\229\229\224\228\228\248\244\231\253\248\229\225\253\248\229\224\228\228\228\245\254\231\253\244\229\225\253\244\229\231\65\64\139\64\64\64\147\179\196\184\196\180\180\183\179\179\188\189\194\182\195\180\184\195\180\183\188\190\192\183\179\179\179\191\195\182\193\180\184\193\180\182\179\188\192\184\188\192\180\180\183\179\179\179\196\196\182\192\180\184\192\180\182\179\191\184\191\180\180\183\179\179\179\188\188\194\182\188\193\180\184\188\193\180\182\179\188\193\184\188\65\66\103\75\227\64\112\185\42\42\75\31\31\31\130\152\119\64\185\42\86\185\42\64\31\130\119\86\130\119\42\42\75\31\31\130\152\163\53\130\42\64\31\130\130\86\130\130\42\42\75\31\31\130\130\65\65\253\64\64\64\105\202\214\204\206\212\208\204\206\212\209\213\213\204\206\205\215\204\212\214\213\204\200\208\204\200\212\212\209\213\213\213\201\197\214\207\212\208\207\212\214\213\65\66\209\75\227\64\156\46\192\46\148\148\181\137\137\137\57\35\170\68\148\192\68\148\170\137\236\57\192\236\57\148\148\181\137\137\236\247\236\159\236\148\170\137\236\247\192\236\247\148\148\181\137\137\236\247\35\170\247\148\192\247\148\181\137\137\236\236\35\170\2\148\192\2\148\181\137\137\236\236\46\170\236\236\148\192\236\236\148\181\236\2\225\181\137\137\13\57\159\65\66\194\85\125\64\110\199\31\73\10\27\115\27\31\31\94\10\10\111\27\73\69\31\115\69\31\94\10\10\111\48\73\27\31\115\27\31\94\10\10\10\69\6\73\27\31\115\27\31\73\10\220\65\64\184\64\64\64\137\235\229\234\235\225\225\228\224\224\236\240\226\233\225\227\224\234\234\229\234\234\225\225\53\53\228\51\35\245\224\224\224\233\241\232\227\233\235\225\229\233\235\225\227\224\233\236\229\233\236\225\225\228\26\245\51\224\224\224\233\232\227\239\225\229\239\225\227\224\239\229\239\225\65\66\126\67\235\64\116\249\2\26\29\2\246\246\23\17\252\17\249\255\246\17\14\5\17\14\249\249\2\246\246\246\23\26\255\23\249\5\23\249\255\246\17\17\5\17\17\249\249\2\246\246\23\29\252\17\249\255\246\65\65\142\64\64\64\119\188\190\163\188\190\167\167\162\166\166\189\186\165\191\183\167\163\191\183\167\162\166\166\166\188\188\188\165\189\167\163\189\167\165\166\191\184\163\191\184\167\167\162\189\162\187\186\162\166\166\187\190\165\191\190\65\64\219\64\64\64\125\4\8\12\11\4\7\3\3\14\16\6\19\4\8\19\4\7\3\3\3\15\19\6\18\4\8\18\4\6\3\19\8\19\4\4\7\3\3\15\15\5\12\4\6\3\12\20\8\12\20\4\4\7\3\3\14\12\5\12\4\6\65\65\22\64\64\64\124\62\36\36\59\36\36\63\63\58\34\36\58\62\62\62\36\36\36\61\39\46\63\59\39\46\63\61\62\39\46\59\39\46\63\63\58\62\62\39\33\60\39\63\61\62\35\59\35\63\63\58\62\62\62\37\37\61\39\35\63\65\66\106\81\49\64\112\103\171\239\35\69\18\171\239\103\171\239\35\35\86\18\18\222\34\52\171\35\69\18\51\103\51\35\35\86\18\18\18\205\51\69\171\154\35\103\171\154\35\69\18\51\103\51\35\65\66\6\77\5\64\100\27\66\14\14\170\196\53\131\235\27\79\131\235\27\66\14\14\183\118\53\209\27\79\209\27\66\14\14\170\235\53\196\27\79\196\27\65\66\112\77\5\64\150\201\201\172\175\223\137\120\120\237\20\72\159\85\133\185\85\133\172\106\137\175\120\120\120\250\7\237\159\7\133\185\7\133\159\120\46\185\46\133\133\172\120\120\7\159\250\133\185\250\133\172\120\120\224\159\33\133\185\33\133\172\120\120\250\33\7\146\237\133\159\120\250\7\185\250\7\133\133\172\237\250\172\120\120\120\237\65\65\174\64\64\64\135\150\158\133\159\158\135\131\159\158\135\133\134\152\131\152\135\135\130\156\156\158\130\151\130\134\134\156\154\152\133\159\153\135\131\159\153\135\83\83\130\85\69\147\134\134\152\151\132\159\135\133\134\156\157\131\156\157\135\135\130\76\147\85\134\134\159\153\157\133\159\158\65\66\217\83\91\64\111\228\48\124\105\228\29\209\209\124\1\200\247\124\228\10\209\20\48\20\228\228\29\209\209\209\124\1\200\10\238\228\48\238\228\10\209\181\48\181\228\228\29\124\1\124\29\209\65\64\242\64\64\64\121\26\35\42\38\29\35\42\27\31\35\42\27\30\26\26\35\36\41\28\35\27\29\26\35\39\31\35\39\27\27\30\26\26\26\35\35\40\29\42\27\31\42\27\29\26\36\36\31\36\36\27\27\30\26\26\26\35\65\64\148\64\64\64\135\197\202\191\197\199\189\193\197\199\189\191\188\198\197\193\198\197\189\189\192\188\188\197\204\200\190\197\189\191\188\197\205\193\197\205\189\189\192\188\188\197\204\196\191\197\200\189\193\197\200\189\192\188\188\197\203\203\190\197\189\191\188\197\197\193\197\197\189\189\192\188\65\65\253\64\64\64\115\213\204\202\201\214\204\207\212\208\204\207\212\209\213\213\204\197\196\215\204\212\214\213\201\208\201\212\212\209\213\213\204\202\206\214\204\201\212\208\204\201\212\209\213\213\213\204\197\203\214\197\65\65\19\64\64\64\154\58\62\43\58\56\59\42\62\42\58\58\63\34\37\36\63\34\34\38\63\59\59\34\37\43\56\34\33\58\62\34\33\58\63\59\59\34\43\35\56\34\35\58\62\34\35\58\63\59\59\34\36\43\56\34\37\58\62\34\37\58\63\59\59\34\34\37\56\38\58\62\38\58\63\59\59\59\34\36\36\56\34\39\58\62\34\39\58\56\59\65\65\75\64\64\64\108\122\121\102\122\121\98\98\103\99\99\122\115\123\96\122\114\98\102\122\114\98\103\99\99\122\125\125\96\120\98\102\120\98\103\99\99\122\125\114\96\121\98\102\121\65\64\215\64\64\64\100\0\3\8\14\7\3\255\255\8\15\10\1\8\0\2\255\10\4\10\0\0\84\84\3\82\66\20\255\255\11\10\1\8\0\2\255\65\66\231\83\91\64\102\138\176\62\138\176\242\242\43\45\110\8\223\223\138\138\119\5\138\242\24\223\195\62\195\242\242\43\223\223\138\214\138\24\214\242\62\214\242\65\64\105\64\64\64\136\149\154\158\157\149\145\145\154\159\154\147\154\146\148\145\155\153\150\155\153\146\146\149\145\145\154\157\157\147\154\146\148\145\154\157\150\154\157\146\146\149\145\145\154\158\160\148\154\162\146\150\154\162\146\149\145\145\160\158\148\154\157\146\150\154\157\146\149\145\145\154\154\65\66\223\71\247\64\108\82\5\54\254\12\247\110\26\110\254\254\19\247\247\54\89\47\12\96\254\26\96\254\19\247\247\247\54\75\54\12\54\68\254\26\54\68\254\12\247\54\103\26\54\65\65\198\64\64\64\117\254\239\239\59\59\234\61\45\251\238\238\238\244\247\237\255\239\235\255\239\237\238\247\255\235\247\255\239\239\234\36\251\61\238\238\247\244\243\236\247\239\237\238\254\235\254\239\239\234\238\238\247\245\65\66\148\69\13\64\136\167\102\137\97\107\92\137\177\117\137\177\97\97\112\92\92\137\147\167\102\137\97\107\92\172\117\172\97\97\112\137\147\147\112\92\92\137\147\162\102\137\97\107\92\137\152\117\137\152\97\97\112\92\92\92\167\177\107\137\152\97\117\137\152\97\107\92\147\117\147\97\97\65\64\149\64\64\64\149\193\189\189\203\205\192\205\190\194\205\190\193\189\189\203\205\192\198\206\190\194\198\206\190\193\189\189\198\199\197\191\198\190\192\189\200\194\200\190\190\193\189\189\189\198\199\206\192\198\202\190\194\198\202\190\192\189\198\201\194\198\201\190\190\193\189\189\198\200\199\191\198\190\192\189\202\194\202\190\190\193\198\200\206\193\65\66\249\83\91\64\118\241\241\241\156\175\175\42\156\137\4\80\156\137\4\42\241\156\33\80\156\33\4\4\61\241\241\241\156\194\232\42\213\4\80\213\4\42\241\194\80\194\4\4\61\241\241\241\156\175\232\42\33\4\80\65\64\194\64\64\64\108\250\235\237\234\250\239\250\235\235\238\234\234\234\243\245\250\237\243\246\235\239\243\246\235\237\234\244\245\239\244\245\235\235\238\234\234\243\243\251\237\249\235\239\249\65\64\144\64\64\64\105\185\188\184\184\184\198\199\187\201\185\189\201\185\187\184\195\189\195\185\185\188\184\184\193\193\200\186\193\185\187\184\195\189\195\185\185\188\193\195\195\188\65\65\164\64\64\64\128\140\140\149\151\151\142\149\141\143\140\157\137\157\141\141\136\140\140\146\156\142\149\141\143\140\150\148\137\150\148\141\141\136\140\140\149\150\148\143\145\141\137\145\141\136\140\140\149\150\157\142\149\141\143\140\150\150\137\150\150\141\141\136\140\65\64\217\64\64\64\104\1\10\12\11\3\10\2\4\1\10\9\6\10\9\2\2\5\1\1\10\12\18\4\13\2\6\13\2\5\1\1\10\11\11\4\10\15\2\6\10\65\65\134\64\64\64\112\176\175\170\183\181\179\170\174\174\176\177\172\183\175\173\174\183\176\171\183\176\175\175\170\174\174\183\180\191\172\183\175\173\174\180\182\171\180\182\175\175\170\174\174\183\181\190\172\65\65\111\64\64\64\152\94\70\68\71\93\92\66\93\92\70\70\67\71\71\94\94\87\68\90\70\66\90\70\146\146\67\148\132\82\71\71\94\92\95\68\86\70\66\86\70\67\141\82\148\71\71\93\95\95\69\94\70\68\71\94\94\66\94\94\70\70\67\71\71\93\91\95\69\94\70\68\71\89\66\89\70\70\67\71\71\94\89\93\68\88\70\66\88\65\64\169\64\64\64\108\210\213\209\209\209\219\218\220\212\219\210\214\219\210\212\209\219\220\214\219\220\210\210\213\209\209\209\219\221\223\212\218\222\210\214\218\222\210\212\209\218\224\214\218\65\64\92\64\64\64\101\147\133\133\136\142\143\141\136\132\132\132\142\142\147\135\141\149\133\137\141\149\133\135\132\142\141\137\142\141\133\133\136\132\132\142\143\148\65\64\254\64\64\64\109\41\49\39\43\49\39\42\38\38\38\47\52\48\41\50\39\43\50\39\41\38\50\43\50\39\39\42\38\38\38\47\55\51\41\47\52\39\43\47\52\39\41\38\47\48\65\64\253\64\64\64\103\42\46\47\38\38\41\37\37\47\49\45\40\46\54\38\42\46\54\38\41\37\37\37\46\51\47\40\46\47\38\42\46\47\38\40\37\47\48\42\65\64\142\64\64\64\128\192\193\183\183\186\182\182\191\199\199\184\191\183\185\182\197\187\197\183\183\186\182\182\192\193\193\185\192\183\187\192\183\186\192\193\193\11\11\186\9\249\203\182\182\191\193\192\185\192\183\187\192\183\186\240\203\9\182\182\192\193\196\184\191\65\65\33\64\64\64\129\8\10\9\16\17\12\16\17\8\8\13\9\9\9\19\21\25\10\22\8\12\22\8\10\9\16\22\12\16\22\8\8\13\9\9\19\21\25\10\16\25\8\12\16\25\8\13\19\21\21\13\9\9\19\21\22\10\22\8\12\22\8\13\9\9\65\64\36\64\64\64\133\76\85\93\84\79\91\77\81\91\77\79\76\86\87\81\86\87\77\77\80\76\76\85\91\93\79\85\92\77\81\85\92\77\80\76\76\85\91\93\78\85\77\79\76\85\90\81\85\90\77\77\80\76\76\86\88\90\79\89\77\81\89\77\80\86\86\93\80\76\65\66\164\85\125\64\120\236\190\253\169\22\169\1\43\236\169\253\85\169\253\1\1\64\236\236\169\39\60\43\169\232\1\85\169\232\1\64\236\236\190\211\253\22\169\1\43\236\169\18\85\169\18\1\1\64\236\236\236\190\211\39\43\65\64\207\64\64\64\120\3\248\252\3\248\250\247\0\8\252\0\8\248\248\251\247\247\1\3\7\249\0\248\250\247\7\252\7\248\248\251\1\2\5\251\247\247\1\3\8\250\0\5\248\252\0\5\248\251\247\247\1\2\255\250\0\65\65\114\64\64\64\118\70\91\95\67\70\91\94\90\90\90\64\70\75\89\67\66\91\95\67\66\91\89\90\67\66\95\67\66\91\91\94\90\90\64\70\69\88\67\91\89\90\67\70\95\67\70\91\91\94\90\90\90\64\65\65\64\242\64\64\64\110\37\29\36\27\31\36\27\29\26\36\34\31\36\34\27\27\30\26\26\36\38\40\29\37\27\31\37\27\30\36\37\35\30\36\38\37\30\26\26\36\38\36\29\35\38\27\65\65\189\64\64\64\153\144\140\137\148\145\149\149\143\137\133\150\140\139\148\144\140\139\148\145\149\149\143\142\142\151\140\148\150\149\140\136\144\140\136\148\148\145\149\149\149\143\137\143\150\142\148\144\142\148\150\149\142\144\142\148\148\145\149\149\149\143\137\133\150\140\132\148\144\140\132\148\150\149\137\144\137\148\148\145\140\138\133\145\149\149\143\142\140\150\65\65\5\64\64\64\145\52\55\44\40\52\55\44\41\45\45\55\49\54\46\52\53\44\40\52\53\44\41\45\45\55\49\52\47\52\44\46\45\51\40\51\44\44\41\45\45\52\50\60\47\52\44\46\45\52\51\40\52\51\44\44\41\45\45\55\54\52\47\52\44\46\45\50\40\50\44\44\41\45\45\45\55\55\60\46\52\54\65\66\185\71\247\64\134\216\244\16\30\216\230\209\16\65\244\16\65\216\216\237\209\209\23\37\30\230\16\16\216\244\16\16\216\237\209\209\23\37\16\223\16\216\230\209\30\244\30\216\216\237\209\209\23\37\30\230\16\9\216\244\16\9\216\237\209\209\209\23\30\23\230\16\65\216\244\65\64\225\64\64\64\108\18\25\10\12\9\18\24\14\18\24\10\10\13\9\9\18\25\19\12\18\26\10\14\18\26\10\13\18\25\17\13\9\9\18\25\24\12\18\17\10\14\18\17\10\65\64\199\64\64\64\105\243\239\239\248\255\254\241\248\240\242\239\248\249\244\248\249\240\240\243\239\239\248\254\0\242\255\240\244\255\240\243\239\239\249\248\252\241\248\240\242\239\65\65\105\64\64\64\106\88\95\68\88\95\64\64\69\65\65\91\90\88\67\88\64\66\65\88\94\68\88\94\64\64\69\65\65\91\93\95\66\88\95\64\68\88\95\64\69\65\65\65\66\83\83\91\64\148\75\9\28\104\132\9\94\170\9\94\132\75\9\28\170\9\28\94\94\151\75\75\75\9\47\47\132\246\246\94\170\246\246\94\132\75\123\170\123\94\94\151\9\47\123\151\246\104\142\151\75\75\9\47\85\132\142\94\170\142\94\151\75\75\9\28\28\113\246\94\132\75\246\123\170\246\123\94\94\151\75\75\9\28\65\66\12\69\13\64\107\16\222\1\217\227\212\21\237\21\217\217\232\212\212\6\16\31\227\6\217\237\6\217\232\212\212\1\31\41\227\11\217\237\11\217\232\6\11\26\232\212\212\6\65\66\251\77\5\64\134\146\146\42\120\146\16\68\120\146\16\55\3\3\133\133\224\29\120\16\42\3\224\68\224\16\16\55\3\3\3\133\146\133\42\120\159\16\68\120\159\16\42\3\120\185\68\120\185\16\16\55\3\3\3\133\159\198\42\120\146\16\68\120\146\16\42\3\224\68\224\65\64\12\64\64\64\154\53\53\56\52\52\61\67\69\55\63\53\57\63\53\56\52\52\62\64\61\55\61\62\53\57\61\62\53\56\52\52\52\62\62\69\55\61\69\53\57\61\69\53\55\52\65\57\65\53\53\56\52\52\62\63\67\54\61\53\55\52\62\63\57\62\63\53\53\56\52\52\62\64\62\55\61\65\53\57\61\65\53\56\52\52\52\61\67\69\55\65\66\104\85\125\64\127\151\197\25\151\197\239\176\130\151\25\130\151\197\197\4\176\176\130\88\130\218\109\197\239\176\214\25\214\197\197\4\130\172\130\4\176\176\176\109\235\235\239\109\0\197\25\109\0\197\239\176\0\25\0\197\197\4\176\176\176\130\172\235\65\66\248\71\247\64\116\37\79\128\23\51\79\128\23\37\16\79\107\51\79\107\23\23\44\16\16\86\100\128\37\100\23\51\100\23\44\16\16\86\93\93\37\79\135\23\51\79\135\23\44\16\16\16\86\86\135\37\79\65\64\94\64\64\64\129\149\135\139\143\149\135\137\134\143\142\139\143\142\135\135\138\134\134\134\144\146\142\137\149\135\139\149\135\137\134\146\139\146\135\135\138\144\144\151\138\134\134\134\144\146\144\137\143\150\135\139\143\150\135\137\134\143\149\139\143\149\135\135\138\134\65\64\242\64\64\64\151\26\36\37\37\28\35\27\29\26\35\41\31\35\41\27\27\30\26\26\36\37\39\28\35\27\29\26\36\37\31\36\37\27\27\30\26\26\26\36\37\39\29\35\38\27\31\35\38\27\29\26\39\31\39\27\27\30\26\26\35\41\42\29\38\27\31\38\27\30\26\26\26\36\38\34\29\43\27\31\43\27\29\26\35\40\31\35\65\64\93\64\64\64\107\147\134\134\137\133\133\143\145\150\135\142\134\136\133\143\142\138\143\142\134\134\137\133\133\143\143\150\136\142\149\134\138\142\149\134\218\218\137\216\200\154\142\142\65\66\136\77\5\64\133\18\196\130\161\199\144\144\5\96\96\183\5\109\157\209\5\109\157\196\144\144\18\5\31\183\96\157\209\96\157\196\144\144\18\18\18\183\5\57\157\209\5\57\157\196\144\144\18\18\18\183\5\96\157\209\5\96\157\196\144\144\18\18\31\170\5\157\183\144\65\65\141\64\64\64\129\188\185\160\188\185\164\164\161\165\165\165\191\191\191\166\188\186\164\160\188\186\164\166\165\188\184\160\188\184\164\164\161\165\165\188\185\185\167\188\164\166\165\191\191\160\191\191\164\164\161\165\165\165\188\181\185\166\191\164\160\191\164\166\165\181\65\64\86\64\64\64\127\131\142\127\127\130\126\126\126\136\136\143\129\135\135\127\131\135\135\127\129\126\135\142\131\135\142\127\127\130\126\126\126\136\135\134\129\135\134\127\131\135\134\127\129\126\140\131\140\127\127\130\126\126\126\135\138\138\129\135\138\127\131\135\65\64\136\64\64\64\121\188\177\179\176\185\187\181\185\187\177\177\180\176\176\185\189\186\178\185\177\179\176\193\181\193\177\177\180\176\176\176\185\193\189\179\193\177\181\193\177\179\176\185\190\181\185\190\177\177\180\176\176\186\186\192\179\193\65\65\152\64\64\64\148\177\181\161\177\180\176\176\170\169\171\178\169\177\179\176\169\171\181\169\171\177\177\180\176\176\176\170\168\161\179\161\177\181\161\177\179\176\170\168\181\170\168\177\177\180\170\170\168\180\176\176\176\169\172\172\179\172\177\181\172\177\179\176\169\174\181\169\174\177\177\180\176\176\176\170\168\161\179\170\177\181\170\177\179\65\66\228\85\125\64\100\44\145\149\145\65\65\128\44\44\254\254\254\86\233\65\107\44\233\145\149\233\145\65\65\128\44\44\233\40\40\107\82\65\149\82\65\65\65\118\64\64\64\114\90\94\94\71\78\71\92\71\95\93\94\68\68\91\68\68\95\95\90\94\94\94\68\71\67\93\71\66\95\91\71\66\95\93\94\79\91\79\95\95\90\94\94\68\71\67\93\71\67\95\65\65\219\64\64\64\107\246\234\238\242\247\243\243\234\238\232\240\234\238\242\246\234\238\242\38\38\247\32\48\230\243\243\237\233\241\234\242\240\243\236\246\236\242\242\247\57\230\32\243\65\66\170\81\49\64\134\82\235\64\64\133\235\47\99\167\235\47\99\150\82\82\235\81\98\133\81\99\167\81\99\150\82\82\235\81\98\133\252\99\167\252\99\150\82\82\82\235\81\30\133\47\99\167\47\99\133\82\235\47\167\235\47\99\99\150\82\82\235\81\81\133\252\99\167\252\99\65\65\241\64\64\64\144\221\217\217\192\195\193\218\192\192\216\220\192\192\216\221\217\217\192\193\200\218\197\216\220\197\216\221\192\193\200\221\192\198\199\221\192\196\200\221\217\217\192\201\192\218\192\194\216\220\192\194\216\221\217\217\217\192\193\201\218\199\216\220\199\216\218\217\198\220\198\216\216\221\217\217\192\199\196\219\192\65\65\23\64\64\64\153\62\60\63\35\58\35\62\62\59\38\33\32\59\38\32\47\59\63\63\38\33\33\60\46\62\58\46\62\59\63\63\63\38\32\46\60\38\46\62\58\38\46\62\60\63\38\32\58\38\32\62\62\59\38\33\39\59\63\63\38\32\46\61\38\62\60\63\38\35\58\38\35\62\62\59\63\63\63\38\32\32\60\32\62\58\32\62\60\63\65\64\134\64\64\64\137\189\179\189\175\175\178\174\174\174\183\188\185\177\183\183\175\179\183\183\175\177\174\185\179\185\175\175\178\174\174\183\189\188\177\187\175\179\187\175\178\174\174\174\183\188\183\177\183\189\175\179\183\189\175\177\174\183\189\179\183\189\175\175\178\174\174\183\189\185\176\183\175\177\65\65\151\64\64\64\135\191\166\175\186\166\175\190\190\187\191\191\166\160\165\188\174\190\186\174\190\187\191\191\166\160\175\189\166\190\188\191\164\186\164\190\190\187\191\191\166\161\164\188\166\161\190\186\166\161\190\187\191\191\166\160\165\188\174\190\186\174\190\187\191\191\191\166\160\175\188\166\65\64\98\64\64\64\116\153\139\143\147\153\139\141\138\147\155\143\147\155\139\139\142\138\138\147\146\154\140\147\139\141\138\147\148\143\147\148\139\139\142\138\138\147\152\147\140\147\139\141\138\147\151\143\147\151\139\139\142\65\64\229\64\64\64\115\13\13\13\22\28\24\16\24\14\18\24\14\16\13\23\21\18\23\21\14\14\17\13\13\13\22\28\22\16\25\14\18\25\14\16\13\25\18\25\14\14\17\13\13\22\21\30\16\22\26\14\65\66\0\69\13\64\149\225\245\9\205\220\245\19\240\220\200\200\245\14\255\215\245\4\205\225\245\4\205\220\200\200\200\245\19\250\215\250\205\225\250\205\215\200\29\225\29\205\205\220\200\200\245\19\250\210\245\205\215\200\250\240\225\250\240\205\205\220\245\19\255\220\200\200\200\245\19\250\215\245\240\205\225\245\240\205\215\200\245\29\225\245\65\64\129\64\64\64\114\186\170\170\173\169\169\178\185\179\172\178\177\170\174\178\177\170\173\169\169\178\184\184\171\178\170\172\169\181\174\181\170\170\173\169\169\178\183\178\172\184\170\174\184\170\173\169\169\178\184\65\64\162\64\64\64\133\216\204\211\203\205\202\212\212\207\212\212\203\203\206\202\202\211\216\217\205\218\203\207\218\203\206\202\202\211\217\214\204\211\203\205\202\211\214\207\211\214\203\203\206\202\202\202\211\217\218\205\216\203\207\216\203\205\202\212\212\207\212\212\203\203\206\202\202\211\65\65\118\64\64\64\106\65\65\93\71\64\95\91\71\64\95\90\94\94\71\70\79\92\71\95\93\94\67\91\67\95\95\90\94\94\71\65\70\93\71\78\95\91\71\78\95\90\94\65\64\84\64\64\64\146\124\133\138\135\126\133\125\127\124\140\129\140\125\125\128\124\124\133\139\134\126\133\125\127\124\133\132\129\133\132\125\125\128\124\124\133\139\134\127\136\125\129\136\125\128\124\124\124\133\139\135\127\133\134\125\129\133\134\125\127\124\133\133\129\133\133\125\125\128\124\124\133\139\134\127\133\134\125\129\133\134\125\65\66\105\75\227\64\111\77\33\33\132\187\187\66\209\44\88\209\44\77\33\33\33\132\198\220\66\198\44\88\198\44\66\33\132\209\88\132\209\44\44\77\33\33\132\187\121\55\132\44\66\33\132\220\65\64\19\64\64\64\139\64\68\76\60\60\63\59\59\59\68\67\76\62\68\73\60\64\68\73\60\62\59\68\71\64\68\71\60\60\63\59\59\68\74\68\61\68\60\62\59\68\68\64\68\68\60\60\63\59\59\68\72\76\62\76\60\64\76\60\63\59\59\59\68\73\74\62\74\60\64\74\60\62\59\68\65\66\245\87\231\64\138\92\0\92\92\164\164\233\141\141\92\230\115\210\253\164\0\253\164\233\141\141\92\69\20\187\92\164\210\141\115\69\0\115\69\164\164\233\92\230\230\233\141\141\92\230\253\210\20\164\0\20\164\233\141\141\92\207\138\210\92\115\164\0\92\115\164\233\141\141\92\184\20\210\92\65\66\116\77\5\64\126\254\137\189\241\254\137\176\124\124\241\63\228\150\241\137\163\124\11\189\11\137\137\176\124\124\241\37\89\163\241\241\137\189\241\241\137\176\241\50\11\176\241\50\37\176\124\124\124\241\50\37\163\241\241\137\189\241\241\137\163\124\24\65\66\20\85\125\64\113\197\88\113\113\176\25\4\172\176\92\92\92\25\151\4\155\25\67\113\197\25\67\113\155\92\67\197\67\113\113\176\92\92\25\151\193\155\25\172\113\197\25\172\113\176\25\109\193\85\65\66\94\83\91\64\132\165\162\127\79\229\86\86\1\153\96\143\1\58\105\181\1\58\105\162\164\229\127\86\86\134\143\20\105\181\20\105\162\86\86\58\1\143\1\115\105\181\1\115\105\162\39\153\162\86\86\77\1\124\1\105\143\86\1\77\181\1\77\105\105\162\86\86\58\65\64\239\64\64\64\142\31\26\40\24\28\40\24\27\35\32\27\23\23\33\33\39\26\32\34\24\28\32\34\24\27\23\23\33\34\26\34\24\28\34\24\27\34\40\27\23\23\36\35\26\32\32\24\28\32\32\24\27\23\23\35\36\25\32\24\26\23\38\28\38\24\24\27\23\23\36\33\26\32\32\24\28\32\32\65\65\244\64\64\64\127\221\216\220\220\220\193\194\223\197\204\221\217\197\204\221\223\220\197\193\217\197\193\221\221\9\9\216\15\31\201\220\220\220\199\204\223\194\221\217\194\221\223\220\197\199\217\197\199\221\221\216\22\201\15\220\220\220\197\192\198\223\197\195\65\65\197\64\64\64\102\236\232\244\242\236\238\237\244\252\232\244\252\236\236\233\237\237\244\240\241\239\244\236\238\237\247\247\232\247\247\236\236\233\237\237\244\240\241\65\64\202\64\64\64\144\244\251\243\245\242\251\251\247\251\251\243\243\246\242\242\242\251\255\250\245\251\252\243\247\251\252\243\245\242\252\250\247\252\250\243\243\246\242\242\251\255\253\244\251\243\245\242\251\0\247\251\0\243\243\246\242\242\242\3\0\245\251\254\243\247\251\254\243\245\242\251\3\247\251\3\243\243\246\242\242\65\65\168\64\64\64\114\144\157\130\153\129\131\128\153\145\133\153\145\129\129\132\128\128\128\144\157\131\155\129\133\155\129\131\128\153\152\133\153\152\129\129\132\128\128\128\153\157\154\131\153\156\129\133\153\156\129\65\65\125\64\64\64\151\86\85\79\78\80\79\78\84\84\81\76\78\72\81\85\85\76\72\74\86\76\76\84\80\76\76\84\81\85\85\85\69\73\86\72\84\80\72\84\86\85\76\76\80\76\76\84\84\81\76\73\76\81\85\85\76\73\78\86\79\84\80\79\84\81\85\85\76\72\73\87\76\84\86\85\78\80\78\84\84\81\85\85\85\76\73\79\65\64\173\64\64\64\112\216\222\225\214\218\222\225\214\216\213\222\221\218\222\221\214\214\217\222\226\226\217\222\224\227\217\213\213\213\222\226\226\216\222\225\214\218\222\225\214\216\213\222\227\218\222\227\214\65\65\148\64\64\64\124\189\184\188\188\165\161\167\190\165\189\191\188\166\165\185\166\165\189\189\184\188\188\188\165\167\173\191\165\160\189\185\165\160\189\191\188\165\160\185\165\160\189\189\184\165\161\166\184\188\188\188\165\167\163\191\166\189\185\166\189\65\64\151\64\64\64\125\194\191\207\196\207\192\192\195\200\203\208\195\191\191\200\203\207\194\207\192\196\207\192\195\191\191\200\204\203\193\200\192\194\191\201\201\196\201\201\192\192\195\191\191\191\200\202\208\194\207\192\196\207\192\194\191\200\203\196\200\203\65\64\98\64\64\64\144\139\139\142\138\138\147\150\154\140\147\139\141\138\150\143\150\139\139\142\138\138\138\147\151\150\141\147\151\139\143\147\151\139\141\138\147\147\143\147\147\139\139\142\138\138\138\154\150\141\155\139\143\155\139\141\138\147\148\143\147\148\139\139\142\138\138\138\147\149\153\141\149\139\143\149\139\141\138\148\146\65\64\153\64\64\64\124\198\203\201\194\194\197\202\205\210\197\193\193\202\205\208\196\202\210\194\198\202\210\194\197\193\193\209\206\196\202\202\194\198\202\202\194\197\193\193\202\202\202\195\202\194\196\193\206\198\206\194\194\197\193\193\193\202\206\205\196\65\66\119\85\125\64\143\15\212\40\15\212\254\191\166\40\166\212\212\19\191\191\124\229\103\233\124\212\254\191\208\40\208\212\212\19\191\191\124\145\250\233\124\212\254\191\124\229\40\124\229\212\212\19\124\208\208\19\191\191\124\187\250\233\124\212\254\191\229\40\229\212\212\19\191\191\124\187\166\233\124\212\254\191\124\36\65\65\232\64\64\64\155\197\217\209\193\193\196\192\192\192\208\221\195\217\208\193\197\217\208\193\195\192\220\197\220\193\193\196\192\192\217\216\222\194\217\193\195\192\217\217\197\217\217\193\193\196\192\192\217\219\209\194\217\193\195\192\223\197\223\193\193\196\192\192\192\217\219\223\195\221\193\197\221\193\195\192\208\197\208\193\193\196\192\192\217\220\209\195\220\193\197\220\65\66\143\87\231\64\103\62\131\246\36\151\131\39\39\246\36\174\85\246\62\108\39\59\154\59\62\62\131\39\39\39\151\82\108\13\62\154\13\62\108\39\246\36\154\246\65\64\213\64\64\64\102\8\254\254\1\253\253\6\10\7\255\6\254\0\253\7\5\2\7\5\254\254\1\6\8\14\1\253\253\6\9\5\255\6\254\0\253\11\2\65\65\112\64\64\64\101\70\89\89\92\88\88\65\69\67\91\65\66\89\93\65\66\89\92\88\88\72\69\90\65\89\91\88\65\72\93\65\72\89\89\92\88\88\65\66\219\75\227\64\142\246\23\1\180\45\158\202\45\158\191\147\147\246\12\78\169\246\158\180\147\56\202\56\158\158\191\147\147\246\12\34\169\246\158\180\147\23\202\23\158\158\191\147\147\147\246\12\67\180\56\158\202\56\158\180\147\246\78\202\246\78\158\158\191\147\147\246\34\12\169\246\158\180\147\67\202\67\158\65\66\245\87\231\64\127\164\233\141\141\253\184\210\184\164\0\184\164\233\141\141\92\161\230\210\92\115\164\0\92\115\164\233\141\141\141\92\138\184\210\253\164\0\253\164\210\141\92\207\0\92\207\164\164\233\141\141\141\92\161\138\210\20\164\0\20\164\210\141\65\66\169\83\91\64\146\228\0\228\180\180\237\161\161\76\133\209\218\209\180\0\209\180\237\161\161\161\209\152\218\171\180\0\171\180\218\161\76\114\0\76\114\180\180\237\161\161\76\57\171\199\76\180\218\161\133\0\133\180\180\237\161\161\76\57\190\199\76\180\218\161\114\0\114\180\180\237\161\161\190\152\199\76\180\218\161\95\76\65\64\204\64\64\64\145\249\254\253\245\245\248\244\244\4\5\246\253\245\247\244\4\249\4\245\245\248\244\244\253\252\255\247\253\254\245\249\253\254\245\248\244\244\253\252\1\246\253\245\247\244\253\3\249\253\3\245\245\248\244\244\253\253\3\246\253\245\247\244\2\249\2\245\245\248\244\244\253\252\2\246\253\245\247\244\1\249\65\66\151\85\125\64\145\240\244\244\51\223\223\156\135\26\9\156\244\30\223\156\177\72\156\177\244\244\51\223\223\47\219\30\68\244\72\68\244\51\223\223\156\219\5\9\156\244\30\223\68\72\68\244\244\51\156\240\240\51\223\223\156\198\240\9\156\244\30\223\177\156\72\177\156\244\244\216\216\51\174\94\152\223\223\156\198\240\65\65\13\64\64\64\115\38\56\36\32\56\36\33\239\48\246\37\37\37\63\63\63\38\59\36\32\59\36\38\37\63\63\32\63\63\36\36\33\37\37\63\56\57\39\60\36\38\37\60\53\32\60\53\36\36\33\60\65\66\222\75\227\64\149\48\59\194\150\150\4\249\26\172\249\161\183\150\15\205\15\161\161\194\150\150\4\15\15\172\249\161\183\150\4\249\205\4\249\161\161\194\150\150\4\15\59\172\249\161\183\150\249\70\205\249\70\161\161\194\150\150\4\37\4\172\249\161\183\150\249\249\205\249\249\161\161\194\150\150\4\37\238\183\249\37\161\205\249\37\65\64\117\64\64\64\122\158\161\157\157\157\167\168\169\160\166\172\158\162\166\172\158\160\157\167\166\162\167\166\158\158\161\157\157\167\168\167\160\167\158\162\167\158\161\167\170\166\161\157\157\157\167\168\171\160\174\158\162\174\158\160\157\167\167\65\66\103\81\49\64\132\100\185\185\32\32\83\15\15\185\202\236\49\168\32\66\15\219\100\219\32\32\83\15\15\15\168\253\14\66\185\32\100\185\32\66\15\168\31\100\168\31\32\32\83\15\15\185\168\31\66\168\168\32\100\168\168\32\83\15\15\185\202\219\66\168\236\32\100\65\66\148\87\231\64\101\251\87\67\136\44\44\18\64\179\113\251\87\67\159\251\87\67\136\44\44\44\18\64\228\113\41\67\159\41\67\113\44\251\251\159\251\251\65\64\137\64\64\64\145\178\178\181\177\177\187\189\192\179\186\178\180\177\186\194\182\186\194\178\178\181\177\177\187\190\186\179\186\178\180\177\186\186\182\186\186\178\178\181\177\177\186\191\192\179\186\178\180\177\186\191\182\186\191\178\178\181\186\193\189\6\6\181\4\244\198\190\187\181\235\198\4\177\177\186\190\191\180\186\189\178\65\65\90\64\64\64\124\119\107\110\115\118\114\114\114\107\108\98\113\104\115\119\104\115\113\114\107\108\119\107\108\115\115\118\114\114\107\108\98\112\107\115\113\114\99\119\99\115\115\118\114\114\107\108\110\112\107\115\113\114\107\99\119\107\99\115\115\65\64\181\64\64\64\110\225\221\221\230\235\236\223\230\222\224\221\230\237\226\230\237\222\222\225\221\221\230\230\229\223\230\222\224\221\237\226\237\222\222\225\221\221\221\238\238\224\230\231\222\226\230\65\66\157\85\125\64\136\183\250\36\229\32\78\32\250\250\57\229\229\229\74\74\36\162\204\250\78\162\204\250\36\229\204\78\204\250\250\57\229\229\162\11\11\36\11\250\78\11\250\57\162\225\74\57\229\229\162\32\162\15\162\250\36\229\162\11\78\162\11\250\250\57\229\229\229\74\53\36\162\65\65\115\64\64\64\112\71\90\94\66\71\90\88\91\66\74\94\66\74\90\90\95\91\91\91\66\70\70\88\69\90\94\69\90\88\91\74\94\74\90\90\95\66\70\68\95\91\91\66\69\75\88\70\90\65\64\200\64\64\64\103\245\253\241\244\240\240\249\253\254\243\255\241\245\255\241\244\240\240\249\254\1\243\249\1\241\245\249\1\241\244\240\240\240\249\253\248\243\251\241\65\66\168\85\125\64\136\89\215\5\47\240\194\152\89\194\152\5\5\68\173\22\85\68\240\240\173\22\43\26\173\5\47\240\1\89\1\5\5\68\240\240\240\173\1\215\47\173\43\5\89\173\43\5\47\240\64\89\64\5\5\68\240\240\240\173\22\22\47\1\5\89\1\5\47\240\173\173\89\65\65\10\64\64\64\130\59\59\35\35\38\34\34\34\59\63\59\33\57\35\39\57\35\33\34\59\51\39\59\51\35\35\38\59\60\57\38\59\60\56\38\34\34\59\60\50\33\59\51\35\39\59\51\35\38\34\34\59\63\57\32\59\35\33\34\63\39\63\35\35\38\34\65\64\177\64\64\64\130\217\226\231\227\219\226\218\220\217\226\226\222\226\226\218\218\221\217\217\226\231\233\220\227\218\222\227\218\221\217\217\234\233\220\231\218\222\231\218\221\217\217\217\226\230\226\220\234\218\222\234\218\220\217\234\222\234\218\218\221\217\217\217\226\231\228\65\65\196\64\64\64\155\239\252\237\233\252\237\239\236\253\233\253\237\237\232\236\236\245\242\245\238\245\237\239\236\245\241\233\245\241\237\237\232\236\236\253\253\239\245\253\237\233\245\253\237\232\236\236\245\243\244\239\245\252\237\233\245\252\237\232\236\236\245\241\243\239\240\237\233\240\237\232\245\242\242\232\236\236\245\242\252\239\245\245\237\233\245\245\237\232\245\242\65\64\86\64\64\64\118\143\130\126\126\135\140\137\129\139\127\131\139\127\130\126\126\135\140\141\128\135\127\129\126\136\136\131\136\136\127\127\130\135\140\137\130\126\126\126\135\140\141\129\135\137\127\131\135\137\127\129\126\135\138\65\66\178\81\49\64\144\175\243\38\107\107\158\90\90\90\243\89\226\141\243\89\107\175\243\89\107\141\90\123\175\123\107\107\158\90\90\243\55\89\124\243\107\141\90\243\38\175\243\38\107\107\158\90\90\243\72\89\124\243\107\141\90\4\4\175\4\4\107\107\158\90\90\90\243\72\123\141\55\107\175\55\107\141\90\243\123\65\65\12\64\64\64\101\33\61\53\37\37\32\36\36\36\61\56\53\39\57\37\33\57\37\39\36\56\33\56\37\37\32\36\36\61\58\60\39\63\37\33\63\37\65\64\188\64\64\64\115\232\237\241\239\232\228\228\237\241\238\230\237\229\231\228\238\237\233\238\237\229\229\232\228\228\237\241\243\231\241\229\233\241\229\232\237\242\244\232\228\228\228\237\242\243\231\240\229\233\240\229\65\64\232\64\64\64\131\19\16\25\26\21\25\26\17\17\20\16\16\16\33\31\19\25\32\17\21\25\32\17\19\16\25\30\21\25\30\17\17\20\16\16\25\30\28\18\25\17\19\16\25\30\21\25\30\17\17\20\25\30\30\20\16\16\16\25\30\27\19\25\25\17\21\25\65\64\186\64\64\64\150\235\227\229\226\237\231\237\227\227\230\226\226\235\239\239\228\235\227\229\226\235\240\231\235\240\227\227\230\226\226\226\243\243\229\235\236\227\231\235\236\227\229\226\236\237\231\236\237\227\227\230\235\237\243\230\235\241\235\230\226\226\226\243\243\229\235\243\227\231\235\243\227\229\226\235\240\231\235\240\227\227\230\235\240\240\230\65\66\216\85\125\64\120\32\32\32\221\49\7\95\70\53\137\70\53\95\32\221\28\137\221\28\53\53\116\32\32\221\49\28\95\221\133\53\137\221\133\53\116\32\32\221\70\91\95\221\7\53\137\221\7\53\116\32\32\32\133\133\95\65\66\181\71\247\64\142\12\12\212\240\12\12\212\226\205\19\12\240\19\12\212\212\233\205\205\12\40\47\226\12\19\212\240\12\19\212\233\12\40\26\233\12\33\68\233\12\40\19\233\205\205\205\12\47\54\226\12\68\212\240\12\68\212\226\205\12\47\240\12\47\212\212\233\68\68\233\205\205\12\47\12\219\12\212\65\65\109\64\64\64\125\70\69\89\64\89\68\68\65\69\69\69\92\89\84\70\92\90\68\64\92\90\68\70\69\92\93\64\92\93\68\68\65\69\69\69\92\88\90\70\92\95\68\64\92\95\68\70\69\95\93\64\95\93\68\68\65\69\69\92\91\95\65\64\216\64\64\64\143\3\11\1\5\11\1\4\0\0\17\17\3\9\10\1\5\9\10\1\4\0\0\0\9\13\12\3\14\1\5\14\1\3\0\9\15\5\9\15\1\1\4\9\13\15\4\0\0\0\9\14\10\3\10\1\5\10\1\3\0\10\9\5\10\9\1\1\4\0\0\9\12\17\3\9\13\1\5\9\65\66\229\67\235\64\124\132\96\105\93\93\93\120\135\117\102\144\96\108\144\96\102\93\135\108\135\96\96\105\93\93\144\138\99\120\96\102\93\120\120\108\120\120\96\96\105\93\93\93\120\135\126\102\120\120\96\108\120\120\96\102\93\141\108\141\96\65\65\119\64\64\64\116\94\91\95\95\70\66\71\93\70\94\92\95\70\65\90\70\65\94\94\91\95\95\70\66\67\92\70\78\94\90\70\78\94\91\95\95\95\70\65\78\92\70\65\94\90\70\65\94\92\95\70\79\65\64\243\64\64\64\107\32\36\43\28\28\31\27\27\36\41\42\30\44\28\32\44\28\31\27\27\36\40\36\30\41\28\32\41\28\31\27\27\36\39\44\29\36\28\30\27\36\42\32\65\65\159\64\64\64\130\174\168\182\182\179\174\169\167\179\183\183\183\174\170\172\180\169\182\178\169\182\180\183\172\178\172\182\182\179\183\183\174\170\173\181\174\182\180\183\174\170\178\174\170\182\182\179\183\183\166\167\181\174\182\180\183\168\178\168\182\182\179\183\183\183\174\65\64\224\64\64\64\111\22\16\11\19\9\13\19\9\11\8\19\13\19\9\9\12\17\22\25\12\8\8\8\17\20\25\11\17\16\9\13\17\16\9\11\8\23\13\23\9\9\93\93\12\91\75\29\65\64\112\64\64\64\139\152\152\164\167\154\161\153\155\152\161\163\157\161\163\153\153\156\210\173\235\152\152\152\161\161\163\155\161\164\153\157\161\164\153\155\152\161\165\157\161\165\153\153\156\161\161\167\156\167\169\156\152\152\161\162\163\155\164\153\157\164\153\156\152\152\161\165\168\154\161\153\155\152\161\160\65\66\0\77\5\64\111\73\125\112\21\21\60\8\8\125\164\164\47\151\21\73\151\21\60\8\8\125\164\203\47\151\21\73\151\21\60\8\8\125\164\216\34\125\21\47\8\125\203\73\125\203\21\21\65\64\216\64\64\64\148\4\0\0\0\9\14\9\3\9\15\1\5\9\15\1\3\0\9\16\5\9\16\1\1\85\85\4\83\67\21\13\12\4\58\21\83\0\0\9\13\16\3\9\12\1\5\9\12\1\4\0\0\9\15\8\3\10\1\5\10\1\4\0\0\0\9\15\8\3\9\16\1\5\9\16\1\3\0\9\15\5\9\15\1\65\66\158\67\235\64\139\25\34\22\22\49\64\64\28\49\25\31\22\49\52\37\49\52\25\25\34\22\22\49\64\73\28\49\25\31\22\49\46\37\49\46\25\25\34\22\22\49\49\52\31\52\25\37\52\25\34\22\22\22\49\46\49\31\49\70\25\37\49\70\25\31\22\49\64\37\49\64\25\25\34\22\65\64\216\64\64\64\120\0\9\8\9\3\10\1\5\10\1\4\0\0\9\14\16\2\9\1\3\0\10\11\5\10\11\1\1\4\0\0\0\9\13\9\3\9\12\1\5\9\12\1\3\0\9\12\5\9\12\1\1\4\0\0\0\65\65\131\64\64\64\148\178\180\176\168\178\181\170\174\178\181\170\168\171\178\178\174\178\178\170\170\175\171\171\178\179\179\168\181\170\174\181\170\175\171\171\171\178\182\180\168\178\180\170\174\178\180\170\168\171\181\174\181\170\170\175\178\182\186\175\178\180\179\175\171\171\171\178\182\187\168\182\170\174\182\170\168\171\177\176\174\177\176\170\170\65\64\87\64\64\64\123\131\127\127\136\142\136\129\136\128\130\127\140\132\140\128\128\131\127\127\127\136\140\137\130\136\141\128\132\136\141\128\130\127\136\142\132\136\142\128\128\131\136\142\136\131\127\127\136\141\144\130\136\144\128\132\136\144\128\131\65\66\97\81\49\64\147\9\9\9\162\230\230\60\162\230\26\94\162\230\26\60\9\179\179\94\179\179\26\26\77\9\9\162\247\25\43\162\26\60\9\162\25\94\162\25\26\26\77\9\9\9\162\230\196\60\247\26\94\247\26\60\9\162\196\94\162\196\26\26\77\9\9\162\247\230\60\42\26\94\42\26\77\9\9\9\162\247\213\60\65\66\24\71\247\64\136\153\55\83\153\55\69\48\118\125\83\118\125\55\55\76\48\48\48\111\153\104\69\139\55\83\139\55\69\48\111\146\83\111\146\55\55\76\48\48\111\139\139\69\153\55\83\153\55\76\48\48\48\111\146\132\69\153\55\83\153\55\69\48\111\139\83\111\139\55\55\76\48\65\64\168\64\64\64\145\208\217\223\216\210\217\209\211\208\217\221\213\217\221\209\209\212\208\208\208\217\216\216\211\222\209\213\222\209\211\208\218\217\213\218\217\209\209\212\208\208\217\221\219\210\217\209\211\208\217\220\213\217\220\209\209\212\217\222\221\212\208\208\217\222\219\211\221\209\213\221\209\212\208\208\217\216\217\210\217\209\65\65\142\64\64\64\107\165\166\184\163\184\167\167\162\166\166\191\187\182\164\191\167\165\166\183\163\183\167\167\162\166\166\166\191\187\191\165\191\188\167\163\191\188\167\165\166\191\191\163\65\64\194\64\64\64\156\243\243\235\235\238\234\234\243\248\246\237\250\235\239\250\235\238\234\234\243\248\246\237\249\235\239\249\235\238\234\234\243\247\251\236\243\235\237\234\243\246\239\243\246\235\235\238\234\234\243\247\251\237\243\247\235\239\243\247\235\238\234\234\243\247\251\237\246\235\239\246\235\238\243\242\245\238\234\234\243\242\243\237\243\250\235\239\243\250\235\238\234\65\65\207\64\64\64\151\231\254\252\255\229\254\230\228\231\250\226\250\230\230\227\231\231\254\249\250\228\254\254\230\226\254\254\230\227\231\231\254\250\254\228\248\230\226\248\230\227\231\231\254\250\251\228\254\254\230\226\254\254\230\227\254\250\250\227\231\231\231\254\249\247\228\254\247\230\226\254\247\230\228\231\247\226\247\230\230\227\231\231\254\255\254\228\65\66\9\75\227\64\131\58\204\248\58\204\237\193\193\36\91\113\215\36\204\226\193\47\36\248\47\36\204\204\237\193\193\36\80\80\226\47\204\248\47\204\237\193\193\36\80\91\226\36\58\204\248\36\58\204\237\193\193\193\36\91\124\226\91\204\248\91\204\226\193\36\113\248\65\66\35\71\247\64\108\122\171\66\66\87\59\59\59\122\115\122\80\164\66\94\164\66\80\59\164\94\164\66\66\87\122\150\171\87\59\59\59\122\150\150\80\122\122\66\94\122\122\66\80\65\65\127\64\64\64\139\87\78\75\82\78\75\86\86\83\87\87\78\74\78\85\78\86\84\87\77\79\82\77\79\86\86\83\87\87\78\74\75\84\77\86\82\77\86\83\87\87\78\73\70\85\78\86\84\87\77\77\82\77\77\86\86\83\87\87\87\78\79\78\84\73\86\82\73\86\84\87\75\82\75\86\65\65\91\64\64\64\102\114\119\115\115\106\109\104\112\106\98\114\118\106\98\114\119\115\115\106\110\106\113\106\114\112\115\99\118\99\114\114\119\115\115\106\110\98\112\65\64\242\64\64\64\144\40\27\31\40\27\30\35\40\38\30\26\26\35\34\35\28\35\27\29\26\35\38\31\35\38\27\27\30\26\26\26\35\36\34\29\36\27\31\36\27\29\26\35\35\31\35\35\27\27\30\35\36\38\30\26\26\26\35\37\34\29\37\27\31\37\27\29\26\35\36\31\35\36\27\27\30\26\26\35\40\65\65\207\64\64\64\105\250\229\254\230\228\231\254\248\226\254\248\230\230\227\231\231\254\250\254\228\247\230\226\247\230\227\231\231\254\250\251\228\252\230\226\252\230\227\231\231\254\65\64\81\64\64\64\116\134\134\123\130\122\124\121\130\136\126\130\136\122\122\125\121\121\130\135\137\124\130\137\122\126\130\137\122\125\121\121\121\130\129\129\124\132\122\126\132\122\124\121\131\130\126\131\130\122\122\125\130\65\65\248\64\64\64\144\206\202\212\208\208\201\207\201\211\201\192\209\213\201\192\209\212\201\205\201\5\5\212\3\19\197\201\193\205\212\26\197\3\193\212\208\208\208\206\200\211\201\200\209\213\201\200\209\211\208\193\213\193\209\209\212\208\208\206\200\211\205\209\213\205\209\212\208\208\208\202\202\207\211\206\209\213\206\209\211\65\65\146\64\64\64\128\186\161\191\161\187\187\190\186\186\164\185\167\187\191\167\187\190\186\186\167\162\184\163\187\185\186\160\163\191\160\163\187\187\190\186\186\186\166\170\185\170\187\191\170\187\185\186\163\161\191\163\161\187\187\190\186\186\166\170\184\163\187\185\186\65\65\5\64\64\64\128\51\40\51\44\44\41\48\51\41\45\45\45\49\60\46\50\44\40\50\44\46\45\52\53\40\52\53\44\44\41\45\45\45\49\49\46\51\44\40\51\44\46\45\52\54\40\52\54\44\44\41\45\45\48\48\46\52\54\44\40\52\54\44\41\65\65\78\64\64\64\107\102\102\120\126\101\127\126\103\99\127\126\103\179\179\98\181\165\115\102\102\127\127\120\100\127\103\101\102\124\125\99\124\125\103\103\98\172\115\181\102\102\124\124\65\64\112\64\64\64\145\160\155\161\165\153\157\161\165\153\156\152\152\162\163\162\154\161\153\155\152\161\167\157\161\167\153\153\156\152\152\162\163\162\155\161\160\153\157\161\160\153\156\152\152\162\162\168\155\168\153\157\168\153\156\152\152\152\162\163\161\155\165\153\157\165\153\155\152\161\163\157\161\163\153\153\156\152\152\161\167\164\65\64\23\64\64\64\127\65\72\64\66\63\72\76\68\72\76\64\64\67\63\63\72\77\74\65\72\64\66\63\75\68\75\64\64\67\63\63\72\77\74\66\76\64\68\76\64\67\63\63\72\79\77\66\79\64\68\79\64\67\63\63\63\73\74\78\66\78\64\68\65\64\184\64\64\64\140\239\225\227\224\233\234\229\233\234\225\225\228\224\224\224\234\235\239\227\237\225\229\237\225\227\224\234\234\229\234\234\225\225\228\224\224\233\240\235\227\233\241\225\229\233\241\225\228\224\224\224\234\234\239\227\233\239\225\229\233\239\225\227\224\234\235\229\234\235\225\225\228\234\234\237\228\65\64\36\64\64\64\100\76\76\86\86\89\79\85\90\77\81\85\90\77\80\86\87\87\80\76\76\86\86\90\79\85\87\77\81\85\87\77\80\76\76\86\86\65\64\136\64\64\64\121\185\179\188\177\181\188\177\180\176\176\186\187\186\178\185\177\179\176\185\187\181\185\187\177\177\180\186\187\191\180\176\176\176\185\190\186\179\185\188\177\181\185\188\177\179\176\185\192\181\185\192\177\177\180\176\176\176\65\64\8\64\64\64\139\58\58\61\51\57\64\49\53\57\64\49\51\48\62\53\62\49\49\52\48\48\58\59\63\51\57\65\49\53\57\65\49\52\48\48\57\62\58\50\57\49\51\48\57\57\53\57\57\49\49\52\48\48\58\58\57\51\61\49\53\61\49\52\48\48\58\57\62\51\57\65\49\53\57\65\65\64\9\64\64\64\120\50\134\134\53\132\116\70\60\64\53\107\70\132\49\49\58\59\57\51\58\50\52\49\58\65\54\58\65\50\50\53\49\49\49\58\61\66\52\58\60\50\54\58\60\50\52\49\59\57\54\59\57\50\50\53\49\65\65\164\64\64\64\140\140\140\149\151\156\143\146\141\137\146\141\143\140\150\149\137\150\149\141\141\136\140\140\149\151\156\142\149\141\143\140\149\148\137\149\148\141\141\136\140\140\149\151\147\143\150\141\137\150\141\136\146\157\136\140\140\149\148\157\143\149\144\141\137\149\144\141\136\140\140\149\145\144\142\149\141\65\65\244\64\64\64\139\223\220\198\197\217\198\197\221\221\216\220\220\220\197\199\193\223\197\204\221\217\197\204\221\223\220\197\194\217\197\194\221\221\216\220\220\194\205\222\197\221\223\220\194\217\194\221\221\216\220\220\220\197\198\193\223\197\205\221\217\197\205\221\223\220\198\197\217\198\197\221\221\9\9\216\65\65\128\64\64\64\156\123\107\189\168\168\177\184\178\171\177\180\169\173\177\180\169\172\98\189\123\168\168\179\176\171\177\177\169\173\177\177\169\172\168\168\180\178\171\180\169\173\180\169\172\168\168\180\178\171\177\178\169\173\177\178\169\172\168\168\179\184\170\177\169\171\168\177\185\173\177\185\169\169\172\168\168\168\180\177\171\180\169\173\180\169\171\168\178\176\173\178\176\65\64\250\64\64\64\152\35\35\38\34\34\44\46\42\37\43\47\35\39\43\47\35\38\34\34\44\44\51\36\43\35\37\34\43\48\39\43\48\35\35\38\34\34\44\44\51\36\43\35\37\34\43\45\39\43\45\35\35\38\34\34\34\46\42\37\43\46\35\39\43\46\35\37\34\44\45\39\44\45\35\35\38\34\34\44\45\37\43\51\35\39\43\51\35\65\66\33\77\5\64\122\93\41\41\197\210\67\158\54\80\41\158\210\106\158\210\54\54\93\41\41\171\171\249\67\158\54\80\41\158\236\106\158\236\54\54\93\41\41\171\6\80\158\158\54\106\158\158\54\93\41\41\41\184\158\80\6\54\106\65\66\35\77\5\64\111\8\56\82\43\238\108\238\56\56\95\43\43\199\173\82\212\56\108\212\56\95\43\43\43\186\147\82\160\160\56\108\160\160\56\82\43\160\173\108\160\173\56\56\95\43\43\43\65\65\87\64\64\64\148\99\100\124\102\101\126\122\102\101\126\124\127\102\111\122\102\111\126\126\123\127\127\101\99\125\102\126\124\127\102\99\122\102\99\126\126\123\127\127\127\99\100\124\110\126\122\110\126\124\127\102\110\122\102\110\126\126\123\127\127\127\99\102\124\102\101\126\122\102\101\126\124\127\102\99\122\102\99\126\126\123\127\127\101\65\64\253\64\64\64\142\52\40\47\38\42\47\38\41\37\37\49\45\39\46\38\40\37\51\42\51\38\38\41\37\37\47\50\40\46\51\38\42\46\51\38\41\48\52\41\37\37\48\51\40\46\50\38\42\46\50\38\41\37\37\49\47\39\46\38\40\37\47\46\42\47\46\38\38\41\37\37\47\52\39\46\38\40\37\65\66\104\67\235\64\103\16\239\16\227\227\236\224\224\1\10\233\19\227\239\19\227\236\224\224\4\254\233\1\227\239\1\227\236\224\224\254\254\16\230\251\227\233\224\10\65\66\248\81\49\64\113\245\142\177\177\228\160\160\74\125\211\57\176\177\245\57\176\177\228\91\159\228\160\160\91\125\194\57\177\211\160\57\142\245\57\142\177\177\228\160\160\160\74\74\193\211\108\177\245\108\65\66\94\81\49\64\133\23\57\6\159\39\91\159\39\23\23\74\6\6\176\210\5\40\159\23\57\6\22\91\22\23\23\74\6\6\193\142\40\159\23\57\6\159\39\91\159\39\23\23\74\6\6\193\227\40\159\23\57\6\210\91\210\23\23\74\176\193\74\6\6\176\244\40\159\23\65\66\130\67\235\64\147\3\250\24\27\9\24\27\253\253\6\250\250\21\24\3\21\27\253\9\21\27\253\6\24\27\45\6\250\250\250\24\27\45\3\45\253\9\45\253\3\250\21\33\9\21\33\253\253\6\250\250\250\24\24\45\3\36\253\9\36\253\3\250\42\9\42\253\253\6\250\250\250\45\3\21\36\253\9\21\36\253\3\250\65\66\222\87\231\64\131\69\253\233\69\253\141\141\210\118\118\115\230\187\161\141\233\161\141\210\118\118\92\207\164\69\141\187\118\92\115\233\92\115\141\141\210\118\118\92\207\164\69\141\187\118\69\138\233\69\138\141\141\210\118\118\92\184\164\69\141\187\118\230\233\230\141\141\65\64\9\64\64\64\107\53\49\49\59\59\64\51\58\50\52\49\58\65\54\58\65\50\50\53\49\49\59\62\61\51\58\50\52\49\64\54\64\50\50\53\49\49\49\61\60\52\58\61\65\65\117\64\64\64\137\92\88\68\65\92\94\93\71\68\88\71\68\92\92\89\93\93\93\71\65\94\67\92\88\67\92\94\93\66\88\66\92\92\89\93\93\71\71\66\94\67\92\88\67\92\89\93\93\93\68\65\94\71\92\88\71\92\94\93\65\88\65\92\92\89\93\93\71\71\76\95\68\92\65\66\85\83\91\64\118\134\77\11\30\172\11\30\96\96\153\77\77\30\68\134\11\96\172\11\96\153\77\77\77\11\30\134\248\229\96\172\248\229\96\134\77\11\30\172\11\30\96\96\153\77\77\30\248\134\106\96\172\106\96\65\65\187\64\64\64\100\151\147\147\136\141\145\138\146\144\147\143\150\143\146\146\151\147\147\137\137\130\145\138\146\144\147\138\143\150\138\143\146\146\151\130\151\65\65\106\64\64\64\127\66\66\89\82\64\91\67\65\66\88\88\71\88\88\67\67\70\66\66\66\88\93\65\91\82\67\71\91\82\67\65\66\91\93\71\91\93\67\67\70\88\93\70\66\66\88\92\64\91\67\65\66\94\71\94\67\67\70\66\66\88\91\83\65\64\231\64\64\64\131\18\24\27\16\20\24\27\16\19\25\26\25\19\15\15\15\25\26\23\18\27\16\20\27\16\18\15\28\20\28\16\16\19\15\15\25\28\27\17\24\16\18\15\30\20\30\16\16\19\15\15\27\26\17\24\16\18\15\25\26\20\25\26\16\16\19\15\65\66\139\71\247\64\136\163\163\233\247\184\226\226\170\198\226\226\170\184\163\5\198\5\170\170\191\163\163\233\226\26\184\254\170\198\254\170\191\163\163\233\240\233\184\226\5\170\198\226\5\170\191\163\163\233\240\219\184\5\170\198\5\170\191\163\163\226\247\177\226\170\184\163\226\5\198\226\5\65\64\17\64\64\64\106\58\58\61\57\57\57\67\67\73\60\66\72\58\62\66\72\58\60\57\74\62\74\58\58\61\68\69\61\57\57\69\68\60\71\58\62\71\58\61\57\57\67\65\65\147\64\64\64\128\160\184\162\165\186\190\162\165\186\110\110\191\104\120\174\187\187\187\171\164\184\162\166\186\190\162\166\186\184\187\162\160\190\162\160\186\186\191\113\174\104\187\187\162\165\160\185\162\186\184\187\162\160\190\162\160\186\186\191\187\187\187\162\171\65\65\34\64\64\64\141\26\9\16\11\15\16\11\9\10\19\19\15\19\19\11\11\14\10\10\19\27\21\9\26\11\15\26\11\14\10\10\10\19\27\21\9\22\11\15\22\11\9\10\19\17\15\19\17\11\11\14\10\10\19\27\26\8\19\11\9\10\16\19\15\16\19\11\11\14\10\10\19\27\21\8\19\11\65\64\16\64\64\64\129\59\56\73\61\73\57\57\60\56\56\65\65\73\59\65\72\57\61\65\72\57\60\56\56\65\69\73\59\65\66\57\61\65\66\57\60\56\56\66\64\68\59\65\70\57\61\65\70\57\60\56\56\56\65\72\69\59\65\65\57\61\65\65\57\59\65\66\169\71\247\64\133\193\0\21\228\0\21\200\200\221\193\193\0\0\56\214\0\28\200\228\0\28\200\221\193\193\0\42\14\207\0\200\214\193\0\21\228\0\21\200\200\221\193\193\0\14\42\214\35\200\228\35\200\221\193\193\0\0\56\207\0\200\214\193\0\49\228\0\49\200\65\65\215\64\64\64\134\254\251\255\255\230\229\224\252\230\227\254\250\230\227\254\251\255\255\255\230\224\231\252\228\254\250\228\254\252\255\230\228\250\230\228\254\254\251\255\255\229\231\228\252\225\254\250\225\254\251\255\255\230\239\239\252\230\239\254\250\230\239\254\251\255\255\255\230\239\227\65\66\84\87\231\64\133\49\187\69\3\95\187\69\3\49\236\115\95\115\3\3\72\236\236\187\115\23\26\187\3\49\236\23\95\23\3\3\72\187\187\115\72\236\236\236\187\92\0\49\69\3\95\69\3\49\236\187\115\95\187\115\3\3\72\236\236\187\115\69\49\187\92\3\95\187\65\64\254\64\64\64\134\54\39\42\38\38\47\47\55\40\47\39\41\38\47\48\43\47\48\39\39\42\38\38\47\51\52\40\47\39\41\38\47\49\43\47\49\39\39\42\38\38\47\55\46\41\49\39\43\49\39\42\38\38\47\55\46\41\55\39\43\55\39\42\38\38\47\48\54\41\52\65\66\105\69\13\64\109\54\74\119\54\218\218\69\208\128\154\49\49\94\104\119\59\94\54\64\49\94\129\74\94\129\54\54\69\83\154\208\49\49\99\109\89\59\94\54\64\49\94\119\74\94\65\64\1\64\64\64\113\55\42\42\45\41\41\51\54\51\43\50\42\44\41\57\46\57\42\42\45\41\41\51\54\51\43\50\42\44\41\51\49\46\51\49\42\42\45\41\41\51\53\57\43\50\42\44\41\50\65\64\241\64\64\64\142\40\30\34\40\26\26\29\25\25\25\35\38\34\28\34\36\26\30\34\36\26\28\25\39\30\39\26\26\29\25\25\34\42\37\27\34\26\28\25\35\35\30\35\35\26\26\29\25\25\34\41\36\27\34\26\28\25\35\34\30\35\34\26\26\29\25\25\34\41\36\27\34\26\28\25\34\35\30\65\65\125\64\64\64\136\76\79\84\84\81\85\85\79\72\77\87\76\84\86\85\79\78\80\79\78\84\84\81\85\85\79\78\78\86\73\84\80\73\84\81\85\85\79\72\72\87\76\84\86\85\76\72\80\76\72\84\84\81\85\85\76\69\79\86\68\84\80\68\84\81\85\85\79\78\68\86\76\65\64\92\64\64\64\122\141\133\137\141\141\133\136\132\132\132\142\144\141\135\141\143\133\137\141\143\133\135\132\141\140\137\141\140\133\133\136\132\132\142\145\142\135\141\141\133\137\141\141\133\136\132\132\142\144\140\134\141\133\135\132\142\143\137\65\66\130\85\125\64\144\156\177\223\223\30\202\202\156\219\177\244\135\223\9\202\135\240\51\135\240\223\223\30\202\202\156\177\198\9\135\240\223\51\135\240\223\30\202\202\156\219\177\244\135\223\9\202\135\47\51\135\47\223\223\30\156\219\135\30\202\202\156\177\5\9\135\219\223\51\135\219\223\30\202\202\156\219\114\9\5\65\66\10\71\247\64\119\41\69\139\41\62\34\34\104\111\125\48\97\41\55\34\97\139\69\97\139\41\41\62\34\34\104\118\139\48\97\41\55\34\97\111\69\97\111\41\41\62\34\34\104\118\132\48\97\41\55\34\97\104\69\97\65\66\15\71\247\64\133\109\46\46\67\39\39\109\130\109\53\102\46\60\39\158\74\158\46\46\67\39\39\39\109\116\144\60\137\46\74\137\46\60\39\109\116\74\109\116\46\46\67\39\39\39\109\123\137\60\102\102\46\74\102\102\46\60\39\116\74\116\46\46\67\39\39\109\130\109\65\64\248\64\64\64\117\35\41\48\33\37\41\48\33\36\32\32\32\41\48\42\35\45\33\37\45\33\35\32\47\37\47\33\33\36\32\32\42\43\45\34\41\33\35\32\48\37\48\33\33\36\32\32\42\44\47\34\41\33\65\65\122\64\64\64\118\81\82\78\87\78\83\83\86\82\82\72\78\79\81\75\76\83\87\75\76\83\86\82\82\82\75\66\73\81\75\77\83\87\75\77\83\81\82\75\67\87\75\67\83\83\86\82\82\72\78\78\80\75\83\65\65\237\64\64\64\106\198\197\220\223\192\220\223\196\196\193\197\197\197\223\222\218\198\220\219\196\192\220\219\196\198\197\223\223\192\223\223\196\196\193\197\197\223\217\219\199\220\196\65\65\16\64\64\64\130\59\56\33\34\61\33\34\57\57\60\56\56\34\36\38\58\33\57\59\56\33\41\61\33\41\57\57\60\56\56\34\36\39\58\33\57\59\56\39\61\39\57\57\60\56\56\34\36\38\59\33\34\57\61\33\34\57\60\56\56\32\59\37\57\61\37\65\65\237\64\64\64\121\196\193\197\197\197\223\216\220\198\217\196\192\217\196\198\197\220\221\192\220\221\196\196\193\197\197\223\222\216\199\220\196\198\197\217\192\217\196\196\193\197\197\197\223\216\221\198\222\196\192\222\196\198\197\213\192\213\65\65\27\64\64\64\110\50\50\55\51\51\51\41\47\42\48\42\40\50\54\42\40\50\48\51\42\43\54\42\43\50\50\55\41\47\35\55\51\51\41\46\41\49\42\50\48\51\42\46\54\42\46\65\65\20\64\64\64\146\61\61\56\60\60\60\38\33\37\63\37\39\61\57\37\39\61\63\60\37\32\57\37\32\61\61\56\60\60\60\37\44\39\63\34\61\57\34\61\63\60\37\38\57\37\38\61\61\56\60\60\38\32\32\63\37\45\61\57\37\45\61\56\60\60\38\39\35\63\32\61\57\32\61\56\60\60\38\32\34\62\37\65\65\139\64\64\64\138\162\160\163\179\166\179\162\162\167\163\163\185\191\189\160\184\162\166\184\162\167\163\163\185\191\188\160\188\162\166\188\162\167\163\163\185\191\189\160\186\186\162\166\186\186\162\167\163\163\163\185\191\187\160\191\162\166\191\162\160\163\179\166\179\162\162\167\185\190\184\167\185\184\191\65\64\161\64\64\64\126\205\201\201\211\214\213\203\210\202\204\201\210\211\206\210\211\202\202\205\210\217\215\205\201\201\201\210\217\212\204\212\202\206\212\202\204\201\210\210\206\210\210\202\202\205\201\201\201\211\214\209\204\210\216\202\206\210\216\202\204\201\210\65\66\184\81\49\64\105\112\181\249\112\113\113\164\96\96\10\27\95\130\249\113\147\96\10\10\181\10\10\113\113\164\96\96\10\27\112\130\249\113\147\96\61\181\61\113\113\164\65\66\3\77\5\64\151\11\11\141\180\128\50\128\115\24\76\128\115\24\63\11\11\128\219\154\50\128\141\24\76\128\141\24\63\11\11\141\167\115\37\128\24\50\11\206\76\206\24\24\63\11\11\141\154\206\50\128\154\24\76\128\154\24\63\11\11\141\154\154\50\128\154\24\76\128\154\24\63\11\11\141\154\193\37\128\24\50\11\154\76\154\24\24\65\65\187\64\64\64\132\151\137\142\138\151\138\131\136\151\147\147\137\143\142\145\138\146\144\147\137\137\150\137\137\146\146\151\137\136\136\151\147\147\137\143\138\145\138\146\144\147\138\139\150\138\139\146\146\151\147\147\147\137\143\141\144\138\138\146\150\138\138\146\144\147\138\131\150\65\64\204\64\64\64\121\253\4\245\245\248\244\244\253\4\255\246\253\245\247\244\5\249\5\245\245\248\244\244\254\1\253\247\253\255\245\249\253\255\245\248\254\1\254\248\254\255\3\248\244\244\254\255\255\246\253\245\247\244\253\2\249\253\65\64\163\64\64\64\123\217\204\204\207\213\215\215\207\213\214\214\207\203\203\213\215\217\205\212\204\206\203\219\208\219\204\204\207\203\203\203\213\214\218\206\212\218\204\208\212\218\204\206\203\212\212\208\212\212\204\204\207\203\203\213\214\220\205\212\65\65\93\64\64\64\112\116\118\117\101\112\101\116\116\113\111\110\100\113\117\117\111\104\105\118\108\101\116\112\108\101\116\113\117\117\117\108\101\107\118\101\116\112\101\116\118\117\108\100\112\108\100\116\116\65\66\191\69\13\64\121\48\48\155\38\214\240\135\135\180\190\175\150\180\210\140\160\180\210\140\155\169\240\38\135\135\185\175\210\150\210\140\160\210\140\155\135\135\185\190\200\145\180\140\150\135\180\190\160\180\190\140\140\155\135\135\135\185\65\64\97\64\64\64\156\148\150\140\151\138\142\151\138\140\137\146\148\142\146\148\138\138\141\137\137\147\149\149\139\146\138\140\137\146\151\142\146\151\138\138\141\147\147\152\141\137\137\147\149\145\139\146\138\140\137\152\142\152\138\138\141\137\137\137\147\148\145\140\147\138\142\147\138\140\137\146\150\142\146\150\138\138\141\137\137\137\147\147\152\140\146\150\138\142\146\150\138\65\65\223\64\64\64\100\244\247\238\230\242\238\230\246\246\243\247\247\238\233\237\244\238\232\246\242\238\232\246\243\247\247\247\237\239\237\244\232\246\242\232\246\65\65\236\64\64\64\132\199\196\218\193\218\197\197\192\196\196\222\216\219\199\221\223\197\193\221\223\197\192\196\196\196\222\222\212\199\216\197\193\216\197\199\196\221\219\193\221\219\197\197\192\196\196\221\218\222\199\221\218\197\193\221\218\197\192\196\196\221\219\220\199\218\197\193\218\65\66\114\75\227\64\146\53\86\42\42\152\141\163\64\141\53\75\42\141\229\97\141\229\53\53\86\42\42\42\152\174\196\75\141\163\53\97\141\163\53\75\42\141\196\97\141\196\53\53\86\42\42\152\163\141\64\141\53\75\42\141\207\97\141\207\53\53\86\42\42\42\152\152\207\75\196\53\97\196\53\75\42\141\229\97\141\229\53\65\65\89\64\64\64\112\112\117\113\113\107\106\97\114\104\107\112\116\104\107\112\117\104\111\107\117\113\113\107\107\110\114\111\112\116\111\112\117\113\113\107\109\105\114\97\112\116\97\112\117\113\113\104\111\65\65\76\64\64\64\124\126\103\123\101\97\123\101\96\100\100\100\125\117\117\103\122\101\97\122\101\103\100\125\121\97\125\121\101\101\96\100\100\100\126\127\127\103\122\101\97\122\101\103\100\126\126\97\126\126\101\101\96\100\100\126\127\127\102\125\101\65\65\5\64\64\64\134\46\45\52\53\40\52\53\44\44\41\45\45\45\55\49\48\46\60\44\40\60\44\46\45\55\55\40\55\55\44\44\41\45\45\52\50\52\47\52\44\46\45\52\50\40\52\50\44\44\248\248\41\254\238\56\45\45\45\51\46\49\44\40\49\44\46\45\54\40\54\65\65\170\64\64\64\136\131\131\134\72\151\81\130\130\155\155\154\129\155\154\131\135\155\154\131\134\130\130\155\152\152\128\155\131\129\130\155\156\135\155\156\131\131\134\130\130\155\152\152\129\155\159\131\135\155\159\131\134\130\130\155\155\146\128\155\131\129\130\147\135\147\131\131\134\130\130\155\152\65\66\109\69\13\64\102\98\68\98\123\58\78\98\123\58\73\123\113\73\53\53\118\108\68\98\108\58\78\98\108\58\73\53\53\118\108\68\98\108\58\78\98\108\58\65\65\203\64\64\64\104\231\227\227\250\249\251\225\250\226\224\227\250\243\230\250\243\226\226\231\227\227\250\251\248\225\250\226\224\227\249\250\230\249\250\226\226\231\227\227\250\65\66\244\77\5\64\133\126\165\35\152\9\61\152\9\48\252\252\165\126\35\113\139\9\61\113\139\9\48\252\252\252\113\100\217\35\217\9\61\217\9\35\252\113\139\61\113\139\9\9\48\252\252\252\113\113\113\35\113\165\9\61\113\165\9\35\252\139\61\139\9\9\48\252\252\113\65\64\153\64\64\64\155\203\203\195\202\194\196\193\210\198\210\194\194\197\193\193\202\202\201\196\202\209\194\198\202\209\194\197\193\193\202\203\204\196\202\207\194\198\202\207\194\197\193\193\202\201\205\195\202\194\196\193\202\203\198\202\203\194\194\197\193\193\193\202\203\204\196\202\210\194\198\202\210\194\196\193\202\204\198\202\204\194\194\197\193\193\202\203\202\196\202\210\65\64\15\64\64\64\151\56\60\64\72\56\59\55\55\64\63\70\58\64\70\56\60\64\70\56\59\55\55\55\64\65\63\58\68\56\60\68\56\58\55\65\64\60\65\64\56\56\59\55\55\55\64\63\68\58\64\69\56\60\64\69\56\58\55\64\63\60\64\63\56\56\59\55\55\64\64\70\58\67\56\60\67\56\59\64\64\69\59\55\55\64\65\65\65\64\185\64\64\64\123\227\234\226\228\225\235\236\230\235\236\226\226\229\225\225\234\233\240\228\234\237\226\230\234\237\226\229\234\234\239\229\225\225\234\235\235\228\239\226\230\239\226\229\225\225\225\238\235\228\239\226\230\239\226\228\225\234\241\230\65\66\105\71\247\64\126\192\241\136\136\157\129\129\129\192\185\220\150\192\213\136\164\192\213\136\150\129\192\206\164\192\206\136\136\157\129\129\192\192\234\143\192\136\150\129\192\185\164\192\185\136\136\157\129\129\129\192\192\220\150\192\241\136\164\192\241\136\150\65\66\151\85\125\64\104\223\177\156\72\177\156\244\244\51\223\223\240\198\9\156\244\30\223\219\72\219\244\244\51\223\223\156\156\240\30\156\5\244\72\156\5\244\51\223\223\65\65\195\64\64\64\148\242\242\242\233\242\234\232\235\247\238\247\234\234\239\242\242\242\239\235\235\242\241\243\233\242\234\232\235\244\238\244\234\234\239\242\243\240\239\235\235\235\242\242\245\232\246\234\238\246\234\232\235\250\238\250\234\234\239\235\235\235\242\243\245\232\245\234\238\245\234\232\235\246\238\246\234\234\239\242\243\240\239\235\235\65\65\12\64\64\64\106\36\61\61\60\39\59\37\33\59\37\39\36\61\56\33\61\56\37\37\32\36\36\61\62\63\38\61\37\39\36\61\59\33\61\59\37\37\32\36\36\61\60\65\64\247\64\64\64\137\43\33\40\32\34\31\43\36\43\32\32\35\31\31\31\44\42\34\48\32\36\48\32\34\31\40\39\36\40\39\32\32\35\31\31\40\40\43\33\40\32\34\31\48\36\48\32\32\35\31\31\40\40\46\34\40\39\32\36\40\39\32\35\40\39\42\35\31\31\40\39\45\33\65\65\9\64\64\64\107\56\32\34\33\56\61\36\56\61\32\32\37\33\33\33\56\57\62\34\56\58\32\36\56\58\32\34\33\59\59\36\59\59\32\32\37\56\59\57\37\33\33\60\65\65\165\64\64\64\156\150\142\157\140\136\157\140\137\148\151\149\137\141\141\141\148\149\146\142\147\140\136\147\140\142\141\144\136\144\140\140\137\141\141\141\148\149\157\142\156\140\136\156\140\142\141\148\147\136\148\147\140\140\137\141\141\141\148\151\148\142\148\145\140\136\148\145\140\142\141\148\157\136\148\157\140\140\137\141\141\144\150\143\148\140\142\141\150\136\150\140\140\65\65\135\64\64\64\148\171\175\175\182\182\183\172\180\174\170\180\174\171\175\175\182\183\176\173\182\174\172\175\182\177\170\182\177\174\174\171\175\175\182\183\180\173\182\174\172\175\182\176\170\182\176\174\174\171\175\175\175\182\183\177\172\176\174\170\176\174\172\175\181\180\170\181\180\174\174\171\182\181\182\171\175\175\178\180\172\182\191\174\170\65\65\203\64\64\64\128\250\243\226\231\250\250\254\231\250\251\248\231\227\227\227\250\250\250\224\255\226\230\255\226\224\227\250\251\230\250\251\226\226\231\227\227\227\250\250\253\224\242\226\230\242\226\224\227\250\253\230\250\253\226\226\231\254\248\231\227\227\250\249\250\65\64\204\64\64\64\114\247\0\245\249\0\245\248\244\244\253\254\254\246\253\245\247\244\0\249\0\245\245\248\253\252\3\248\244\244\244\253\252\255\247\254\245\249\254\245\247\244\254\253\249\254\253\245\245\248\244\65\64\134\64\64\64\130\174\183\183\186\177\185\175\179\185\175\178\174\174\174\183\182\185\177\184\175\179\184\175\177\174\183\184\179\183\184\175\175\178\174\174\183\182\189\176\183\175\177\174\187\179\187\175\175\178\174\174\174\183\182\191\177\191\175\179\191\175\177\174\184\185\179\65\66\211\71\247\64\146\49\56\242\242\7\235\235\42\35\98\0\42\77\242\14\42\77\242\7\42\49\42\62\62\7\48\192\126\42\35\49\7\129\126\48\235\235\42\98\49\249\42\242\0\235\42\42\14\42\42\242\242\7\235\235\49\35\56\249\42\242\0\235\42\84\14\42\84\242\242\7\235\235\49\42\77\249\42\242\0\235\42\65\64\180\64\64\64\146\229\225\229\229\221\221\224\220\220\230\229\231\223\229\229\221\225\229\229\221\224\220\220\230\228\235\222\229\221\223\220\229\237\225\229\237\221\221\224\220\220\230\229\230\223\237\221\225\237\221\224\220\220\220\229\231\232\223\236\221\225\236\221\223\220\229\231\225\229\231\221\221\224\220\220\220\229\235\232\223\231\221\65\65\107\64\64\64\106\70\88\66\64\67\90\94\70\90\94\66\66\71\89\90\82\71\67\67\89\91\91\64\90\94\66\70\90\94\66\150\150\71\144\128\86\67\67\90\91\83\65\65\64\135\64\64\64\103\184\176\178\175\184\190\180\184\190\176\176\179\233\196\2\175\175\185\184\185\177\184\176\178\175\184\184\180\184\184\176\176\179\175\175\185\185\187\177\65\66\150\71\247\64\113\237\181\195\174\9\209\9\181\181\202\174\174\244\244\2\188\237\181\195\174\16\209\16\181\181\202\174\174\174\244\244\230\195\237\251\181\209\237\251\181\195\174\244\244\209\244\244\181\181\65\65\24\64\64\64\125\52\48\48\48\42\42\43\51\41\33\49\53\41\33\49\51\48\44\53\44\49\49\52\41\46\46\52\48\48\48\41\45\45\51\41\42\49\53\41\42\49\51\48\41\44\53\41\44\49\49\52\48\48\41\45\45\51\41\43\49\53\65\65\173\64\64\64\141\156\158\132\129\159\158\157\129\133\133\159\157\148\134\158\132\128\158\132\129\133\133\159\159\159\134\148\132\128\148\132\129\133\133\133\159\156\148\134\148\132\128\148\132\134\133\156\156\128\156\156\132\132\129\133\133\159\156\158\134\155\132\128\155\132\129\133\133\159\156\149\134\154\132\128\154\132\65\64\145\64\64\64\138\189\185\185\185\195\194\195\188\194\201\186\190\194\201\186\188\185\195\193\190\195\193\186\186\189\185\185\185\195\195\198\188\194\193\186\190\194\193\186\188\185\195\195\190\195\195\186\186\189\185\185\195\193\199\188\194\201\186\190\194\201\186\189\185\185\194\198\197\187\194\186\188\185\200\65\65\188\64\64\64\110\145\139\149\149\144\142\140\139\144\148\148\142\141\133\151\141\142\149\145\141\142\149\144\148\148\142\141\139\150\141\149\151\148\142\143\145\142\143\149\149\144\141\137\137\144\148\65\65\227\64\64\64\135\203\209\211\214\200\210\211\202\206\210\211\202\207\203\203\209\209\211\200\213\202\206\213\202\207\203\203\209\210\208\201\210\202\200\203\215\206\215\202\202\207\203\203\203\210\214\214\200\212\202\206\212\202\200\203\208\206\208\202\202\207\209\209\208\207\203\203\209\211\212\201\65\65\91\64\64\64\100\106\114\112\115\104\118\104\114\114\119\105\105\105\119\105\106\104\119\105\105\107\119\115\115\105\105\111\112\99\114\118\99\114\166\166\119\65\64\156\64\64\64\156\23\7\217\196\196\196\205\206\207\199\206\197\201\206\197\199\196\213\201\213\197\197\200\254\217\23\206\204\207\200\196\196\206\206\204\199\205\210\197\201\205\210\197\200\206\207\212\200\196\196\206\207\213\199\211\197\201\211\197\200\196\196\196\206\206\208\199\205\205\197\201\205\205\197\199\196\211\201\211\197\197\200\196\196\206\206\209\199\205\212\197\201\65\66\35\87\231\64\129\138\43\210\23\187\187\161\207\207\0\138\115\210\46\138\115\210\23\187\187\138\230\230\0\138\161\210\46\138\161\210\23\138\66\115\23\187\187\161\207\115\0\184\210\46\184\210\23\187\187\187\161\184\43\0\138\161\210\46\138\161\210\0\187\138\65\66\237\71\247\64\129\110\40\68\110\12\12\33\5\5\75\82\124\19\68\12\26\5\68\96\40\68\96\12\12\33\5\5\75\82\89\19\68\12\26\5\68\124\40\68\124\12\12\33\5\5\75\82\75\26\68\82\12\40\68\82\12\33\5\5\5\68\96\96\26\124\65\66\196\83\91\64\109\207\27\255\207\245\188\103\236\27\103\236\207\207\8\188\188\122\84\198\245\217\207\27\217\207\8\188\188\122\122\122\226\103\207\245\188\103\160\27\103\160\207\207\8\188\65\65\134\64\64\64\127\174\174\180\181\177\173\179\175\171\179\175\173\174\180\182\171\180\182\175\175\170\174\174\174\180\180\190\173\183\176\175\171\183\176\175\173\174\176\171\176\175\175\170\174\174\180\181\179\172\183\175\173\174\180\182\171\180\182\175\175\170\174\174\65\66\166\85\125\64\153\238\192\213\83\45\171\62\3\87\171\62\3\45\238\171\234\87\171\234\3\3\231\231\66\189\109\167\238\238\83\41\45\171\255\3\87\171\255\3\66\176\167\189\192\150\171\66\238\238\192\171\213\45\171\83\3\87\171\83\3\66\238\238\238\192\171\213\45\171\171\3\87\171\171\3\45\238\62\87\62\3\3\66\238\238\192\150\83\45\65\66\211\85\125\64\146\216\195\48\132\216\195\48\111\27\27\237\216\237\69\216\48\90\27\216\237\132\216\237\48\48\111\27\27\216\44\44\90\237\48\132\237\48\111\27\27\216\23\23\69\216\48\90\27\23\132\23\48\48\111\27\27\216\23\23\69\216\48\90\27\216\195\132\216\195\48\48\111\27\27\27\237\195\128\90\216\107\48\65\64\173\64\64\64\117\218\222\229\214\216\213\222\225\218\222\225\214\214\217\222\230\225\217\223\222\223\217\213\213\213\223\222\224\216\225\214\218\225\214\216\213\223\224\218\223\224\214\214\217\213\213\222\230\229\216\224\214\218\65\64\34\64\64\64\111\85\75\78\74\74\83\91\91\77\91\75\79\91\75\78\74\74\84\83\90\77\83\90\75\79\83\90\75\78\74\74\74\83\86\85\77\88\75\79\88\75\77\74\83\90\79\83\65\65\120\64\64\64\152\64\81\81\84\80\80\80\73\65\76\83\73\74\81\85\73\74\81\83\80\74\75\85\74\75\81\81\84\80\80\74\72\65\83\79\81\85\79\81\84\80\80\80\74\72\65\83\75\81\85\75\81\83\80\73\74\85\73\74\81\81\84\73\76\76\84\80\80\73\64\78\82\73\81\83\80\73\77\85\73\77\81\81\84\80\80\74\72\65\64\98\64\64\64\116\154\140\147\139\141\138\151\143\151\139\139\142\138\138\138\147\154\153\141\147\153\139\143\147\153\139\141\138\147\154\143\147\154\139\139\142\148\146\154\142\138\138\147\155\152\141\147\155\139\143\147\155\65\66\172\83\91\64\153\183\240\164\164\79\193\79\202\79\183\221\164\98\117\3\98\117\183\183\240\79\155\117\240\164\164\79\193\174\221\79\174\183\3\79\174\183\240\164\164\164\79\136\136\221\117\183\3\117\183\221\164\231\3\231\183\183\240\164\164\164\98\79\79\221\79\136\183\3\79\136\183\221\164\98\79\3\98\79\183\183\240\79\231\136\240\164\164\164\65\64\135\64\64\64\125\185\184\189\178\191\176\180\191\176\178\175\184\185\180\184\185\176\176\4\4\179\2\242\196\175\175\189\191\177\184\176\178\175\185\183\180\185\183\176\176\179\233\196\2\175\175\184\188\184\178\184\189\176\180\184\189\176\179\175\175\175\65\65\28\64\64\64\150\45\42\41\55\45\46\53\49\45\46\53\55\52\45\40\49\45\40\53\53\48\52\52\45\42\42\55\46\53\49\46\53\48\45\36\47\48\45\42\43\48\52\52\52\45\36\46\55\45\43\53\49\45\43\53\55\52\45\41\49\45\41\53\53\48\45\43\47\48\52\52\52\45\36\44\55\43\53\49\43\53\55\52\40\49\40\65\66\203\77\5\64\124\224\224\7\211\211\72\59\59\237\72\224\250\211\72\124\20\72\124\224\224\7\211\211\211\72\124\72\250\72\85\224\20\72\85\224\250\211\98\20\98\224\224\7\72\163\111\7\211\211\72\137\176\250\72\98\224\20\72\98\224\65\64\30\64\64\64\155\74\70\70\70\79\84\83\73\79\82\71\75\79\82\71\73\70\79\85\75\79\85\71\71\74\70\70\79\85\84\72\79\71\73\70\83\75\83\71\71\74\70\70\79\78\78\73\79\84\71\75\79\84\71\74\70\70\79\84\83\72\79\71\73\70\79\78\75\79\78\71\71\74\79\85\86\74\70\70\79\78\78\72\79\71\73\70\79\83\75\79\65\65\247\64\64\64\109\194\222\222\219\223\223\198\196\192\221\198\222\220\223\198\194\218\198\194\222\222\219\223\223\223\198\192\198\220\195\222\218\195\222\220\223\197\199\218\197\199\222\222\219\223\65\66\132\87\231\64\141\28\235\117\235\97\25\51\143\25\51\191\191\120\145\33\255\28\28\163\74\235\51\97\28\94\143\94\51\51\120\82\255\145\28\28\235\235\25\74\235\51\97\28\235\212\143\235\212\51\51\120\28\28\28\235\2\71\97\235\25\51\143\235\25\51\97\28\117\143\117\51\51\120\28\28\235\2\65\65\79\64\64\64\133\122\100\120\102\98\120\102\99\103\103\126\125\126\100\126\123\102\98\126\123\102\99\103\103\103\126\125\123\100\119\102\98\119\102\100\103\126\121\98\126\121\102\102\99\103\103\121\120\100\126\120\102\98\126\120\102\99\122\121\99\103\103\103\122\121\100\125\102\98\65\66\222\77\5\64\153\104\243\13\230\91\182\39\91\182\243\243\26\230\230\91\104\117\13\182\243\39\182\243\26\230\230\91\78\156\0\91\243\13\230\91\130\39\91\130\243\243\26\230\230\230\91\104\182\13\91\156\243\39\91\156\243\13\230\91\182\39\91\182\243\243\26\230\230\143\143\0\91\243\13\230\130\39\130\243\243\26\230\230\91\91\104\13\91\182\65\64\5\64\64\64\145\46\50\54\61\46\49\45\45\54\54\57\47\54\46\48\45\62\50\62\46\46\49\45\45\54\55\58\47\54\46\48\45\54\61\50\54\61\46\46\49\45\45\54\54\56\48\61\46\50\61\46\49\45\45\45\54\55\59\48\55\46\50\55\46\48\45\55\54\50\55\54\46\46\49\45\45\54\53\60\48\62\65\65\136\64\64\64\140\161\165\177\161\164\160\160\185\186\190\163\185\186\161\165\185\186\161\164\160\160\185\186\188\162\185\161\163\160\186\187\165\186\187\161\161\164\185\185\184\164\160\160\185\186\187\163\185\188\161\165\185\188\161\164\185\184\176\164\160\160\185\186\184\163\186\161\165\186\161\164\185\185\177\164\160\65\64\4\64\64\64\143\44\53\54\57\47\61\45\49\61\45\48\44\44\53\53\52\46\53\45\47\44\59\49\59\45\45\48\44\44\44\53\53\61\47\53\55\45\49\53\55\45\47\44\54\52\49\54\52\45\45\48\44\44\44\53\54\57\47\59\45\49\59\45\47\44\53\58\49\53\58\45\45\48\44\44\44\57\57\47\65\66\192\85\125\64\151\88\29\113\88\29\71\8\218\218\113\218\218\29\29\92\8\8\8\197\176\88\71\197\88\29\113\197\88\29\71\8\197\88\113\197\88\29\29\92\8\8\197\218\176\71\197\46\29\113\197\46\29\92\8\8\197\197\88\71\197\109\29\113\197\109\29\92\8\8\8\25\46\71\109\29\113\109\29\71\8\197\197\113\197\197\29\29\65\64\255\64\64\64\118\43\48\49\51\43\39\39\48\47\53\42\48\55\40\44\48\55\40\43\39\39\39\48\47\54\42\50\40\44\50\40\42\39\49\47\44\49\47\40\40\43\39\39\48\49\51\42\51\40\44\51\40\43\48\65\64\160\64\64\64\134\208\216\204\200\200\209\210\211\203\213\201\205\213\201\204\200\200\209\209\212\203\214\201\205\214\201\204\200\200\209\210\209\203\209\208\201\205\209\208\201\204\200\200\200\213\212\203\209\217\201\205\209\217\201\203\200\215\205\215\201\201\204\200\200\209\208\214\203\209\215\65\65\92\64\64\64\132\117\113\109\107\117\112\116\116\116\109\110\111\119\109\108\117\113\109\108\117\119\116\105\113\105\117\117\112\116\116\109\108\100\119\104\117\113\104\117\112\116\116\116\109\109\111\119\100\117\113\100\117\119\116\110\109\113\110\109\117\117\112\116\116\116\105\106\119\65\66\1\71\247\64\146\123\32\60\123\32\46\25\88\130\60\88\130\32\32\53\25\25\25\88\95\109\46\88\102\32\60\88\102\32\46\25\95\95\60\95\95\32\32\53\25\25\25\88\95\102\46\123\32\60\123\32\46\25\88\109\60\88\109\32\32\53\25\25\88\95\130\46\88\137\32\60\88\137\32\53\25\25\88\88\81\39\88\65\65\34\64\64\64\129\11\9\10\26\15\26\11\11\14\10\10\19\16\17\9\19\17\11\15\19\17\11\14\10\10\23\20\9\23\11\15\23\11\14\19\16\17\14\10\10\10\19\19\18\9\19\16\11\15\19\16\11\9\10\16\17\15\16\17\11\11\14\10\10\10\65\66\198\71\247\64\144\29\29\29\243\36\229\1\36\229\243\222\29\36\1\29\36\229\229\250\222\222\29\36\50\236\29\229\243\222\78\1\78\229\229\250\222\222\57\64\236\29\229\243\222\71\1\71\229\229\250\222\222\29\29\43\243\36\229\1\36\229\250\222\222\29\29\22\236\29\229\243\222\29\29\1\29\29\229\229\250\65\64\2\64\64\64\111\42\42\51\50\56\44\51\43\45\42\51\55\47\51\55\43\43\46\42\42\42\51\50\59\45\51\52\43\47\51\52\43\45\42\51\50\47\51\50\43\43\46\42\42\51\52\54\65\66\170\71\247\64\124\208\1\201\215\194\8\1\229\8\1\201\201\222\194\194\29\36\208\1\201\215\194\8\1\229\8\1\201\201\222\194\194\1\1\50\208\1\201\215\194\8\8\229\8\8\201\201\222\194\194\194\1\250\36\215\1\50\201\229\1\65\64\235\64\64\64\152\35\20\22\19\28\34\24\28\34\20\20\23\19\19\19\28\28\31\22\32\20\24\32\20\22\19\29\28\24\29\28\20\20\23\19\19\28\28\36\21\28\20\22\19\29\28\24\29\28\20\20\23\19\19\32\33\22\34\20\24\34\20\23\19\19\19\36\29\22\28\28\20\24\28\28\20\22\19\28\30\24\28\30\20\20\23\19\19\65\66\13\71\247\64\131\37\100\107\128\58\100\149\44\72\100\149\44\58\37\100\128\72\100\128\44\44\65\37\37\37\100\100\93\58\100\149\44\72\100\149\44\58\37\100\142\72\100\142\44\44\65\37\37\100\93\135\58\100\114\44\72\100\114\44\65\37\37\37\100\100\142\58\65\66\175\67\235\64\122\78\42\54\78\42\48\39\66\81\54\66\81\42\42\51\39\39\66\63\81\48\72\42\54\72\42\51\39\39\66\66\90\48\66\81\42\54\66\81\42\51\39\39\66\66\63\45\66\42\48\39\66\87\54\66\87\42\42\65\66\225\75\227\64\133\197\153\153\252\252\7\175\252\164\186\153\7\18\208\7\18\164\164\197\153\153\252\252\7\186\252\7\164\208\252\7\164\64\64\197\42\122\128\153\153\84\175\252\164\186\153\252\40\208\252\40\164\164\197\23\128\42\153\153\73\40\186\252\241\164\208\252\241\164\65\65\29\64\64\64\152\49\53\53\37\41\54\44\44\52\48\44\44\52\49\53\53\53\36\36\54\46\52\48\46\52\54\53\44\36\48\44\36\52\52\49\53\53\41\44\54\37\52\48\37\52\49\53\53\53\37\44\54\40\52\48\40\52\54\53\40\48\40\52\52\49\44\47\43\49\53\53\44\45\42\55\44\52\54\53\44\46\48\44\46\52\52\49\41\65\65\168\64\64\64\109\153\132\128\128\144\157\130\153\129\131\128\153\155\133\153\155\129\129\132\128\128\153\154\152\130\153\129\131\128\153\156\133\153\156\129\129\132\153\152\158\132\128\128\153\152\65\66\107\83\91\64\116\166\137\14\118\156\99\14\251\194\14\251\118\118\175\99\99\14\14\251\137\14\118\156\99\14\147\194\14\147\118\118\175\14\33\52\178\178\175\140\92\242\99\99\14\33\128\156\14\71\118\194\14\65\65\215\64\64\64\151\227\254\251\53\234\44\255\255\229\228\230\252\230\239\254\250\230\239\254\251\255\255\229\227\228\253\230\254\252\255\230\231\250\230\231\254\254\251\255\255\255\229\227\228\252\229\254\250\229\254\252\255\229\230\250\229\230\254\254\251\255\255\229\228\238\252\230\225\254\250\230\225\254\251\229\227\229\251\255\255\230\239\226\252\227\254\250\65\66\195\81\49\64\114\55\124\175\4\106\55\175\4\106\55\175\107\107\107\21\55\4\158\21\124\192\21\124\158\107\4\89\192\4\89\124\124\175\107\107\21\21\55\158\4\123\124\192\4\123\124\175\21\55\89\65\65\198\64\64\64\105\234\238\238\238\247\241\245\237\247\243\239\235\247\243\239\237\238\247\245\235\247\245\239\239\234\244\245\246\234\238\238\238\244\245\244\237\247\244\239\235\247\65\66\122\77\5\64\130\4\143\169\130\247\17\195\247\17\143\143\182\130\130\4\30\17\169\247\69\143\195\247\69\143\182\130\130\130\4\17\247\169\69\143\195\69\143\169\130\247\95\195\247\95\143\143\182\130\130\130\4\30\30\169\247\4\143\195\247\4\143\169\130\43\195\65\65\243\64\64\64\122\198\218\218\223\219\219\193\193\198\216\198\218\222\198\218\223\219\219\193\199\199\217\194\218\216\219\194\195\222\194\195\218\218\223\219\219\193\199\193\217\194\218\216\219\202\222\202\218\218\223\219\219\193\193\203\217\194\218\65\65\131\64\64\64\154\168\171\177\179\174\177\179\170\170\175\171\171\177\183\178\168\178\182\170\174\178\182\170\175\171\171\177\177\181\168\181\170\174\181\170\175\171\171\177\176\187\169\178\170\168\171\177\176\174\177\176\170\170\175\171\171\171\177\176\180\168\177\170\174\177\170\168\171\178\176\174\178\176\170\170\175\171\171\171\177\183\176\168\177\170\174\177\170\168\171\65\64\180\64\64\64\143\237\225\237\221\221\224\220\220\220\230\230\236\223\229\229\221\225\229\229\221\223\220\229\235\225\229\235\221\221\224\220\220\230\231\235\223\233\221\225\233\221\224\220\220\230\232\231\222\229\221\223\220\229\237\225\229\237\221\221\224\220\220\229\235\231\223\229\228\221\225\229\228\221\224\230\230\234\224\220\65\66\129\75\227\64\156\57\57\167\178\233\90\178\68\112\178\68\90\57\156\233\112\156\233\68\68\101\57\57\57\167\178\211\90\244\68\112\244\68\90\57\167\167\112\167\167\68\68\101\57\57\57\156\222\189\90\178\68\112\178\68\90\57\222\112\222\68\68\101\57\57\57\167\145\178\90\156\211\68\112\156\211\68\90\57\156\145\112\156\145\68\68\101\57\57\167\189\189\65\64\10\64\64\64\133\53\62\51\55\62\51\54\50\50\50\60\60\64\53\59\64\51\55\59\64\51\53\50\62\55\62\51\51\54\50\50\60\60\62\53\59\67\51\55\59\67\51\54\50\50\50\60\62\60\53\59\61\51\55\59\61\51\53\50\64\55\64\51\51\54\50\50\60\61\65\64\174\64\64\64\133\222\216\223\215\217\214\230\219\230\215\215\218\214\214\214\224\225\222\217\231\215\219\231\215\217\214\223\229\219\223\229\215\215\218\214\214\224\225\226\217\223\227\215\219\223\227\215\218\224\223\227\218\214\214\214\223\229\226\217\223\224\215\219\223\224\215\217\214\223\65\64\179\64\64\64\110\233\224\228\233\220\220\223\219\219\229\227\230\221\228\220\222\219\228\233\224\228\233\220\220\223\219\219\219\229\227\229\222\228\228\220\224\228\228\220\222\219\234\224\234\220\220\65\65\251\64\64\64\132\215\211\211\211\201\202\204\208\202\205\210\214\202\205\210\208\211\202\203\214\202\203\210\210\215\211\211\202\204\201\209\202\210\208\211\201\200\214\201\200\210\210\215\202\194\194\215\211\211\201\207\207\209\202\210\208\211\202\206\214\202\206\210\210\215\211\211\201\65\64\240\64\64\64\110\34\37\27\39\25\29\39\25\28\24\24\33\39\36\27\33\34\25\29\33\34\25\28\24\24\24\34\36\33\27\37\25\29\37\25\27\24\34\34\29\34\34\25\25\28\24\65\64\80\64\64\64\140\120\130\130\136\122\129\121\123\120\133\125\133\121\121\124\120\120\130\130\137\122\129\121\123\120\129\135\125\129\135\121\121\124\120\120\120\130\132\130\123\132\121\125\132\121\123\120\137\125\137\121\121\124\120\120\129\135\132\122\129\121\123\120\129\135\125\129\135\121\121\124\120\120\130\131\129\65\65\15\64\64\64\116\37\62\38\36\39\58\34\58\38\38\35\39\39\61\61\55\37\62\38\36\39\62\57\34\62\57\38\38\35\39\39\39\61\61\59\36\62\63\38\34\62\63\38\36\39\62\62\34\62\62\38\38\65\64\76\64\64\64\142\120\116\116\126\126\131\118\125\117\119\116\130\121\130\117\117\120\116\116\116\126\128\126\119\125\133\117\121\125\133\117\119\116\132\121\132\117\117\120\116\116\125\131\128\119\129\117\121\129\117\120\126\127\130\120\116\116\126\126\128\118\125\117\119\116\133\121\133\117\117\120\116\116\126\127\126\119\128\65\65\152\64\64\64\151\177\181\172\177\180\170\171\175\180\176\176\176\169\175\172\179\174\177\181\174\177\179\176\169\170\181\169\170\177\177\180\170\168\171\180\176\176\176\170\171\160\179\174\177\181\174\177\179\176\161\181\161\177\177\180\176\176\170\170\172\179\169\161\177\181\169\161\177\180\176\176\170\170\175\178\169\177\179\176\161\181\161\177\177\180\176\176\65\64\193\64\64\64\129\243\243\249\235\242\234\236\233\247\238\247\234\234\237\233\233\243\245\242\235\242\234\236\233\246\238\246\234\234\237\242\248\244\237\233\233\243\244\246\236\249\234\238\249\234\237\233\233\233\243\245\245\236\244\234\238\244\234\236\233\242\249\238\242\249\65\66\25\83\91\64\104\36\36\93\207\207\245\96\96\93\58\10\160\17\17\188\226\84\55\188\36\74\17\207\169\112\207\169\36\36\93\95\160\58\207\207\207\93\17\17\207\65\65\5\64\64\64\131\49\49\46\52\49\44\40\52\49\44\41\45\45\55\49\61\47\52\44\46\45\55\53\40\55\53\44\44\41\45\45\55\48\52\47\52\44\46\45\52\51\40\52\51\44\44\41\45\45\45\55\49\50\46\48\44\40\48\44\46\45\52\54\40\52\54\44\65\65\33\64\64\64\155\8\13\19\21\17\13\9\9\16\22\16\11\16\8\10\9\16\25\12\16\25\8\8\13\9\9\9\19\19\19\10\20\8\12\20\8\10\9\19\18\12\19\18\8\8\13\9\9\19\21\18\11\16\8\10\9\16\18\12\16\18\8\8\13\9\9\19\18\23\10\16\25\8\12\16\25\8\13\9\9\19\18\24\10\16\19\8\12\16\19\8\65\64\5\64\64\64\110\49\45\45\45\55\57\53\48\55\46\50\55\46\48\45\60\50\60\46\46\49\45\45\45\55\58\56\48\54\53\46\50\54\53\46\48\45\57\50\57\46\46\130\130\49\128\65\66\128\87\231\64\146\29\251\24\24\44\44\70\231\47\93\24\231\90\139\231\90\47\47\116\78\251\141\24\24\231\44\136\70\231\47\93\24\44\139\44\47\47\116\24\24\231\90\208\93\254\47\139\254\47\116\24\24\231\90\208\93\231\90\47\139\231\90\47\116\24\24\24\231\67\90\93\231\21\47\139\231\21\47\93\24\254\208\65\66\89\77\5\64\128\162\227\201\110\110\149\97\97\214\10\62\136\214\201\110\162\214\201\110\149\97\97\97\214\201\227\136\214\49\110\162\214\49\110\136\97\36\162\36\110\110\149\62\214\149\97\97\97\62\214\136\10\110\162\10\110\136\97\240\162\240\110\110\149\65\65\187\64\64\64\132\147\147\138\142\131\144\131\146\150\131\146\151\147\147\147\138\143\138\144\142\146\150\142\146\144\147\143\150\143\146\146\151\147\147\147\138\141\136\144\138\136\146\150\138\136\146\144\147\138\138\150\138\138\146\146\151\147\147\130\139\144\140\146\150\140\146\151\138\65\66\119\77\5\64\136\27\66\179\127\127\127\244\27\92\166\14\140\192\14\140\166\127\1\1\192\1\1\140\140\179\127\127\244\53\231\153\244\140\166\127\244\66\192\244\66\140\140\179\127\127\127\244\27\79\166\244\231\140\192\244\231\140\166\127\1\244\192\1\244\140\140\179\127\127\244\53\244\65\65\240\64\64\64\106\218\193\217\219\216\194\195\221\194\195\217\217\220\216\216\193\196\194\218\193\217\219\216\193\197\221\193\197\217\217\220\216\216\193\198\193\219\193\194\217\221\193\65\66\174\67\235\64\122\68\41\50\38\38\65\77\89\44\65\41\47\38\89\53\89\41\41\50\38\38\65\74\77\44\65\41\47\38\65\89\53\65\89\41\41\50\38\38\65\77\86\47\65\74\41\53\65\74\41\50\38\38\65\74\71\47\65\65\64\17\64\64\64\153\68\58\62\66\68\58\61\57\57\57\66\70\70\60\74\58\62\74\58\60\57\73\62\73\58\58\61\57\57\66\70\69\60\66\72\58\62\66\72\58\61\66\71\65\61\57\57\66\69\70\60\66\68\58\62\66\68\58\61\66\70\69\61\57\57\66\71\65\60\73\58\62\73\58\61\57\57\57\74\65\60\74\58\62\74\58\60\57\73\65\66\147\77\5\64\132\220\107\168\168\207\155\155\16\55\42\194\16\107\168\220\16\107\168\207\155\155\16\68\68\181\16\168\194\155\16\42\220\16\42\168\168\207\155\155\155\16\68\42\194\16\68\168\220\16\68\168\194\155\16\3\220\16\3\168\168\207\155\155\155\120\16\194\120\65\65\243\64\64\64\121\218\222\202\218\216\219\194\203\222\194\203\218\218\223\219\219\194\198\203\217\194\218\216\219\194\199\222\194\199\218\218\223\219\219\219\194\198\198\216\197\218\222\197\218\216\219\196\222\196\218\218\223\194\199\193\223\219\65\64\33\64\64\64\146\73\82\86\83\76\84\74\78\84\74\77\73\73\82\86\86\76\90\74\78\90\74\77\73\73\82\87\85\75\82\74\76\73\82\82\78\82\82\74\74\77\73\73\73\82\86\90\76\82\87\74\78\82\87\74\76\73\82\86\78\82\86\74\74\77\73\73\82\85\84\75\82\74\76\73\82\90\78\82\90\74\74\65\64\254\64\64\64\129\42\38\38\38\47\51\54\41\47\48\39\43\47\48\39\41\38\47\54\43\47\54\39\39\42\38\38\47\50\55\40\47\39\41\38\47\48\43\47\48\39\39\42\38\38\47\51\52\40\47\39\41\38\51\43\51\39\39\42\38\38\47\52\46\40\65\64\107\64\64\64\116\156\148\150\147\162\152\162\148\148\151\147\147\147\156\160\164\150\156\157\148\152\156\157\148\150\147\163\152\163\148\148\151\147\147\164\159\150\164\148\152\164\148\151\147\147\164\157\149\156\148\150\147\65\65\203\64\64\64\126\249\250\230\249\250\226\226\231\242\255\231\227\227\242\243\224\242\226\230\242\226\231\242\250\231\227\227\227\250\254\242\224\250\253\226\230\250\253\226\224\227\249\250\230\249\250\226\226\231\227\227\250\255\242\224\250\249\226\230\250\249\226\65\65\198\64\64\64\141\234\238\238\247\243\245\236\247\239\237\238\247\247\235\247\247\239\239\234\238\238\247\243\240\236\247\239\237\238\247\254\235\247\254\239\239\234\238\238\247\243\244\237\247\242\239\235\247\242\239\234\238\238\238\247\242\243\237\254\239\235\254\239\237\238\241\235\241\239\239\234\238\238\254\255\236\247\65\64\95\64\64\64\110\136\138\135\150\140\150\136\136\139\135\135\144\148\152\138\144\151\136\140\144\151\136\139\135\135\144\147\151\138\150\136\140\150\136\139\135\135\135\144\147\144\138\144\149\136\140\65\64\121\64\64\64\108\170\175\162\164\161\171\172\166\171\172\162\162\165\170\173\173\165\170\173\174\165\161\161\170\174\177\164\170\173\162\166\170\173\162\165\161\161\178\170\164\170\169\162\166\65\64\205\64\64\64\115\254\253\246\249\245\245\254\2\5\248\254\255\246\250\254\255\246\249\245\245\254\1\2\247\254\246\248\245\254\0\250\254\0\246\246\249\245\245\254\1\3\248\1\246\250\1\246\249\245\245\245\65\65\248\64\64\64\150\201\205\193\211\201\200\209\213\201\200\209\211\208\207\213\207\209\209\212\208\208\193\201\211\201\206\209\213\201\206\209\212\208\208\208\201\204\192\211\192\209\213\192\209\211\208\205\213\205\209\209\212\208\208\201\204\205\211\201\200\209\213\201\200\209\212\208\208\201\204\201\210\201\209\211\208\201\193\213\201\193\209\209\212\201\204\65\66\172\69\13\64\140\176\136\116\116\161\181\201\131\166\121\141\166\121\136\116\116\116\201\161\131\181\121\141\181\121\131\116\186\141\186\121\121\136\116\116\161\181\171\126\161\121\131\116\186\141\186\121\121\136\116\116\116\161\176\161\131\166\121\141\166\121\131\116\161\191\141\161\191\121\121\136\116\116\161\176\201\65\65\182\64\64\64\118\156\135\159\157\158\135\130\155\135\130\159\159\154\158\158\135\131\130\157\128\159\155\128\159\154\158\158\143\135\157\131\159\155\131\159\154\158\158\135\131\132\157\135\132\159\155\135\132\159\154\158\158\135\128\65\65\27\64\64\64\147\42\49\42\50\48\51\44\54\44\50\50\55\51\51\42\47\42\49\42\50\48\51\41\40\54\41\40\50\50\230\230\55\224\240\38\51\51\42\34\40\48\44\50\54\44\50\55\249\38\224\51\51\41\47\48\42\35\50\54\42\35\50\55\46\45\55\51\51\51\41\41\46\48\40\50\54\40\50\48\51\45\54\45\65\65\99\64\64\64\101\74\74\79\75\75\75\82\85\72\86\74\78\86\74\72\75\84\78\84\74\74\79\75\75\75\80\86\72\82\87\74\78\82\87\74\72\75\65\64\126\64\64\64\130\175\180\171\175\180\167\167\170\166\166\166\177\183\169\177\167\171\177\167\169\166\180\171\180\167\167\170\166\166\179\178\168\175\167\169\166\175\182\171\175\182\167\167\170\179\176\170\177\180\170\166\166\166\177\178\169\182\167\171\182\167\169\166\176\174\171\65\65\191\64\64\64\125\141\143\150\150\147\151\151\138\140\149\142\150\148\151\141\143\146\141\143\150\150\147\151\151\140\135\149\142\150\148\151\141\142\146\141\142\150\150\147\151\151\140\136\148\139\150\146\139\150\147\151\151\141\141\138\149\142\150\148\151\142\65\66\124\83\91\64\130\12\211\31\12\135\135\192\116\116\116\50\12\173\164\135\211\164\135\173\116\164\211\164\135\135\192\116\116\116\69\126\173\31\69\135\211\31\69\135\173\116\50\50\211\50\50\135\135\192\107\31\192\116\116\88\50\173\126\135\211\126\135\192\88\183\192\65\66\4\77\5\64\144\181\155\64\142\142\181\64\12\12\12\142\168\155\51\129\181\25\77\129\181\25\51\12\129\220\77\129\220\25\25\93\93\64\67\115\29\12\12\12\181\207\51\168\25\77\168\25\51\12\168\77\168\25\25\64\254\29\67\12\12\12\129\194\129\51\207\25\77\207\25\51\12\129\233\77\129\233\25\25\64\65\65\233\64\64\64\139\193\193\216\222\218\194\209\192\196\209\192\197\193\193\216\222\218\194\216\217\192\196\216\217\192\197\193\193\216\223\208\194\223\192\196\223\192\197\193\193\193\216\222\219\194\216\218\192\196\216\218\192\194\193\223\196\223\192\192\197\216\216\220\197\193\193\193\216\217\221\194\216\220\192\196\65\65\115\64\64\64\148\66\70\90\88\91\69\94\69\90\90\95\66\67\71\95\91\91\66\68\66\89\66\90\88\91\66\67\94\66\67\90\90\95\91\91\66\70\71\88\66\66\90\94\66\66\90\95\91\91\91\66\68\69\88\66\64\90\94\66\64\90\88\91\66\71\94\66\71\90\90\95\91\91\66\67\64\88\66\71\90\94\66\71\90\65\64\195\64\64\64\110\239\244\249\243\239\235\235\244\249\245\238\246\236\240\246\236\239\244\250\246\239\235\235\244\249\244\238\250\236\240\250\236\239\235\235\235\244\250\247\238\244\246\236\240\244\246\65\65\202\64\64\64\152\227\225\226\248\251\231\248\251\227\227\230\226\226\251\255\255\225\251\252\227\231\251\252\227\230\226\226\226\251\253\254\225\252\227\231\252\227\225\226\255\231\255\227\227\230\251\253\248\230\226\226\226\251\255\242\225\251\254\227\231\251\254\227\225\226\251\255\231\251\255\227\227\230\226\226\251\253\251\224\251\227\225\226\251\249\231\251\249\65\64\207\64\64\64\148\248\248\251\247\247\247\0\4\5\250\0\2\248\252\0\2\248\250\247\1\1\252\1\1\248\248\251\247\247\0\5\7\250\6\248\252\6\248\251\247\247\247\0\5\6\250\3\248\252\3\248\250\247\0\7\252\0\7\248\248\251\247\247\0\6\2\250\1\248\252\1\248\251\247\247\0\4\7\249\0\248\250\247\8\65\66\255\69\13\64\111\224\28\204\204\219\199\199\244\13\18\209\244\204\214\199\28\224\28\204\204\219\199\199\244\18\254\214\244\23\204\224\244\23\204\219\199\199\244\239\254\214\254\204\224\254\204\219\65\64\107\64\64\64\112\147\147\156\160\161\150\156\163\148\152\156\163\148\151\147\147\147\156\161\163\150\156\162\148\152\156\162\148\150\147\156\155\152\156\155\148\148\151\147\147\156\161\161\150\160\148\152\160\65\64\144\64\64\64\115\185\188\184\184\193\192\196\186\193\185\187\184\201\189\201\185\185\188\184\184\184\193\199\197\187\193\196\185\189\193\196\185\187\184\196\189\196\185\185\188\193\198\194\188\184\184\193\199\193\187\193\65\65\15\64\64\64\121\56\38\34\62\56\38\35\39\39\39\62\56\60\36\62\56\38\34\62\56\38\36\39\62\56\34\62\56\38\38\35\39\39\62\56\59\37\62\38\36\39\62\62\34\62\62\38\38\35\39\39\62\57\55\37\62\38\65\64\222\64\64\64\154\9\6\20\11\20\7\7\10\15\21\16\10\15\20\22\10\6\6\15\21\16\8\15\7\9\6\17\11\17\7\7\10\6\6\15\21\19\9\18\7\11\18\7\10\6\6\15\20\16\9\15\23\7\11\15\23\7\10\15\21\16\10\6\6\6\15\21\18\9\16\7\11\16\7\9\6\16\15\11\16\15\7\7\10\6\6\15\19\18\9\65\66\138\67\235\64\126\29\32\5\17\29\32\5\14\2\2\29\44\41\11\29\26\5\17\29\26\5\14\2\2\29\41\50\11\47\5\17\47\5\14\2\2\29\41\47\11\44\5\17\44\5\14\2\2\29\44\32\11\29\38\5\17\29\38\5\14\2\2\65\66\247\85\125\64\133\63\252\122\38\126\17\84\168\17\84\126\63\59\168\59\84\84\147\63\63\252\122\17\126\59\84\168\59\84\147\63\63\63\252\231\17\126\252\231\84\168\252\231\84\126\63\252\38\168\252\38\84\84\147\252\101\164\147\63\63\252\122\252\126\164\84\168\164\84\65\66\37\67\235\64\108\169\184\199\205\169\157\157\157\184\199\181\166\184\184\160\172\184\184\160\166\157\205\172\205\160\160\169\157\157\184\181\193\166\184\208\160\172\184\208\160\169\184\193\193\65\65\28\64\64\64\151\48\52\52\45\43\42\54\45\53\55\52\46\44\49\46\44\53\53\48\45\44\40\48\52\52\45\43\45\55\40\53\49\40\53\48\52\52\45\41\36\55\42\53\49\42\53\48\52\52\45\41\37\54\45\53\55\52\45\40\49\45\40\53\53\48\52\52\45\43\46\55\45\41\53\49\45\41\53\48\52\52\45\44\40\54\45\53\65\66\139\69\13\64\109\98\83\158\108\158\88\88\103\83\83\83\128\153\128\98\128\158\88\108\128\158\88\98\83\133\123\108\133\123\88\88\103\83\83\128\148\163\93\128\88\98\83\128\158\108\65\66\184\71\247\64\143\15\57\215\215\236\208\208\15\43\36\222\15\215\229\208\15\71\243\15\71\215\215\236\15\43\57\236\208\208\15\57\22\222\15\215\229\208\22\22\243\22\22\215\215\236\208\208\208\15\8\36\229\15\71\215\243\15\71\215\229\208\15\64\243\15\64\215\215\236\15\50\50\236\15\43\36\236\208\208\65\65\209\64\64\64\110\224\231\227\251\224\248\250\249\229\252\229\248\248\253\249\249\224\231\230\250\224\228\248\252\224\228\248\253\224\225\229\253\249\249\224\228\232\251\224\248\250\249\224\231\252\224\65\65\206\64\64\64\104\248\231\231\226\230\230\255\248\252\229\255\252\231\227\255\252\231\226\230\230\255\248\249\229\253\231\227\253\231\226\230\230\255\251\250\228\255\231\229\230\65\65\165\64\64\64\147\151\149\136\151\149\140\140\137\141\141\148\147\144\143\148\140\142\141\145\136\145\140\140\137\141\141\141\148\149\151\142\157\140\136\157\140\142\141\151\149\136\151\149\140\140\137\141\141\141\148\147\157\142\148\157\140\136\148\157\140\142\141\148\144\136\148\144\140\140\137\141\141\148\144\144\142\148\146\140\136\148\146\140\65\66\183\85\125\64\123\83\255\255\188\16\100\62\188\58\20\104\188\58\20\83\255\255\188\58\251\62\188\209\20\104\188\209\20\83\255\255\255\188\58\209\62\188\209\20\104\188\209\20\62\255\188\230\104\188\230\20\20\83\255\255\255\188\16\37\65\64\245\64\64\64\129\32\38\40\30\34\38\40\30\32\29\41\34\41\30\30\33\29\29\38\42\41\31\38\30\32\29\45\34\45\30\30\33\29\29\38\44\40\32\45\30\34\45\30\33\29\29\38\42\45\32\38\42\30\34\38\42\30\33\29\29\38\42\44\31\38\65\64\175\64\64\64\103\216\218\215\229\220\229\216\216\219\215\215\224\223\226\217\224\216\218\215\224\227\220\224\227\216\216\219\215\215\224\229\228\218\227\216\220\227\216\219\65\66\79\77\5\64\149\87\87\87\204\26\243\126\204\39\100\152\204\39\100\126\87\0\152\0\100\100\139\87\87\204\0\243\113\204\100\126\87\204\191\152\204\191\100\100\168\168\139\142\190\104\87\87\204\26\39\113\204\100\126\87\217\204\152\217\204\100\100\139\73\104\142\87\87\0\113\204\100\126\87\217\204\152\217\204\100\100\139\87\87\87\65\64\31\64\64\64\126\81\82\74\80\85\72\76\80\85\72\74\71\80\84\76\80\84\72\72\75\71\71\71\82\81\74\80\81\72\76\80\81\72\74\71\80\84\76\80\84\72\72\75\71\71\80\88\74\80\84\72\76\80\84\72\75\81\80\79\75\71\71\65\64\221\64\64\64\117\15\18\13\7\14\6\8\5\14\18\10\14\18\6\6\9\5\5\5\16\22\8\14\22\6\10\14\22\6\8\5\21\10\21\6\6\9\15\13\9\15\14\13\9\5\5\15\18\17\7\14\6\8\65\66\152\85\125\64\134\224\157\178\73\157\178\245\245\52\224\224\224\199\199\31\157\241\245\73\157\241\245\31\224\157\136\73\157\136\245\245\52\224\224\224\157\69\31\157\6\245\73\157\6\245\31\224\241\73\241\245\245\52\224\224\224\178\178\31\157\178\245\73\157\178\245\31\224\157\27\65\66\196\87\231\64\137\207\43\181\115\115\184\92\92\66\89\161\43\89\115\207\43\89\115\184\92\92\89\158\138\43\115\161\92\43\181\207\43\181\115\115\255\255\184\209\97\63\92\92\43\135\204\161\112\115\207\112\115\184\146\63\209\92\92\158\161\43\112\115\207\43\112\115\184\43\204\184\43\204\65\64\209\64\64\64\129\253\249\249\2\5\252\2\4\250\254\2\4\250\253\249\249\2\8\252\2\1\250\254\2\1\250\253\249\249\3\2\7\252\2\6\250\254\2\6\250\253\249\249\3\1\6\252\10\250\254\10\250\253\3\1\6\253\249\249\2\8\251\2\250\252\65\64\201\64\64\64\115\241\250\1\246\250\1\242\242\245\241\241\241\252\244\255\242\246\255\242\244\241\254\246\254\242\242\245\250\251\245\241\241\251\254\254\244\250\251\242\246\250\251\242\245\241\241\255\243\250\242\244\65\66\194\71\247\64\106\218\39\253\39\225\225\246\218\218\218\25\81\239\46\225\253\46\225\239\218\25\46\253\25\46\225\225\246\218\218\218\18\239\25\46\225\253\25\46\225\239\218\65\65\128\64\64\64\133\183\173\183\169\169\172\168\168\178\176\180\170\177\169\171\168\179\173\179\169\169\172\168\168\178\178\170\177\169\171\168\182\173\182\169\169\172\168\168\178\179\171\177\185\169\173\177\185\169\172\168\168\178\180\170\177\169\171\168\182\173\182\169\169\172\168\168\178\176\65\65\161\64\64\64\120\148\138\148\136\140\148\136\141\137\137\144\151\138\144\146\136\140\144\146\136\141\137\137\147\148\148\138\151\136\140\151\136\141\137\137\147\144\138\146\136\140\146\136\141\147\145\148\141\137\137\137\144\145\138\150\136\65\64\22\64\64\64\140\67\77\63\65\62\72\72\67\72\72\63\63\66\62\62\71\73\65\75\63\67\75\63\66\62\62\72\75\75\65\71\74\63\67\71\74\63\66\62\62\62\72\65\75\63\67\75\63\65\62\76\67\76\63\63\66\62\62\73\65\71\71\63\67\71\71\63\66\62\62\71\76\64\71\63\65\65\65\29\64\64\64\150\53\44\36\48\44\36\52\52\224\224\49\230\246\32\53\53\36\40\55\44\52\54\53\44\46\48\44\46\52\52\49\255\32\230\53\53\53\44\43\47\54\43\52\48\43\52\54\53\44\41\48\44\41\52\52\49\53\53\53\47\45\46\54\36\52\48\36\52\54\53\44\43\48\44\43\52\52\49\53\53\47\45\45\54\37\52\65\64\108\64\64\64\136\153\164\149\152\148\148\148\157\165\160\151\157\159\149\153\157\159\149\151\148\157\162\153\157\162\149\149\152\148\148\148\158\156\158\151\157\165\149\153\157\165\149\151\148\157\157\153\157\157\149\149\152\157\158\163\152\148\148\158\157\157\151\157\156\149\153\157\156\149\152\148\148\65\65\33\64\64\64\132\19\17\23\11\16\8\10\9\16\23\12\16\23\8\8\13\9\9\16\19\22\11\16\8\10\9\24\12\24\8\8\13\9\9\9\16\24\23\10\16\25\8\12\16\25\8\10\9\19\18\12\19\18\8\8\13\9\9\19\16\20\10\21\8\12\21\8\13\65\65\21\64\64\64\129\61\61\36\44\35\62\36\34\60\56\36\34\60\57\61\61\36\44\33\63\36\60\62\61\39\36\56\39\36\60\60\57\39\36\39\57\61\61\61\39\36\36\62\36\38\60\56\36\38\60\62\61\39\38\56\39\38\60\60\57\61\61\36\44\35\65\65\8\64\64\64\141\35\48\33\37\48\33\36\32\32\32\57\58\63\35\57\60\33\37\57\60\33\35\32\59\37\59\33\33\245\245\36\243\227\53\32\32\58\60\34\57\33\35\32\58\59\37\58\59\33\33\36\234\53\243\32\32\32\57\56\63\35\57\57\33\37\57\57\33\35\32\48\37\48\33\33\36\32\65\64\96\64\64\64\146\136\136\145\148\145\139\148\137\141\148\137\139\136\145\148\141\145\148\137\137\140\136\136\136\145\146\147\139\145\145\137\141\145\145\137\139\136\148\141\148\137\137\140\136\136\145\146\147\138\145\137\139\136\145\151\141\145\151\137\137\140\136\136\145\146\149\138\145\137\139\136\152\141\152\137\137\140\136\136\145\147\153\65\65\141\64\64\64\152\167\188\164\166\165\191\189\160\191\189\164\164\161\188\190\180\112\112\161\118\102\176\165\165\180\189\167\188\164\166\165\188\191\160\188\191\164\164\161\111\176\118\165\165\165\188\184\180\166\191\164\160\191\164\166\165\181\160\181\164\164\161\165\165\191\188\189\167\188\164\166\165\191\189\160\191\189\164\164\161\165\165\188\180\188\167\188\164\65\64\237\64\64\64\105\24\21\30\36\26\30\36\22\22\25\21\21\30\37\38\23\30\22\24\21\37\26\37\22\22\25\21\21\31\29\36\23\30\22\24\21\30\35\26\30\35\65\65\177\64\64\64\112\152\152\157\153\153\131\129\135\154\128\137\152\156\128\137\152\157\153\153\153\128\136\128\154\131\152\156\131\152\154\153\128\135\156\128\135\152\152\157\153\153\128\136\129\154\128\128\152\65\64\246\64\64\64\156\35\39\39\31\34\30\30\39\42\46\33\45\31\35\45\31\34\30\30\30\39\40\40\33\39\43\31\35\39\43\31\33\30\39\45\35\39\45\31\31\115\115\34\113\97\51\30\30\39\38\40\33\45\31\35\45\31\34\88\51\113\30\30\39\45\39\33\39\44\31\35\39\44\31\34\30\30\40\39\44\32\39\31\33\30\39\41\35\39\41\31\31\65\65\96\64\64\64\105\76\72\72\72\82\81\86\75\86\73\77\86\73\75\72\82\83\77\82\83\73\73\76\72\72\82\81\83\75\86\73\77\86\73\76\72\72\72\82\81\86\65\64\170\64\64\64\118\213\219\226\211\215\219\226\211\213\210\219\225\215\219\225\211\211\39\39\214\37\21\231\210\210\210\219\227\221\213\219\227\211\215\219\227\211\213\210\219\227\215\219\227\211\211\214\12\231\37\210\210\210\224\65\64\111\64\64\64\138\154\163\152\156\163\152\154\151\167\156\167\152\152\155\164\160\155\164\160\155\151\151\151\163\167\154\168\152\156\168\152\154\151\160\164\156\160\164\152\152\155\151\151\164\160\154\160\161\152\156\160\161\152\155\151\151\151\161\161\164\154\160\165\152\156\160\165\152\154\151\163\156\163\152\65\65\13\64\64\64\142\36\33\37\37\62\53\38\60\60\36\32\60\60\36\33\37\37\37\56\58\38\58\36\32\58\36\38\37\60\58\32\60\58\36\36\33\37\37\62\53\39\60\36\38\37\62\32\62\36\36\33\37\37\62\59\38\60\63\36\32\60\63\36\33\37\37\56\57\39\60\36\38\37\57\32\57\36\36\65\66\170\85\125\64\152\70\242\242\3\217\28\175\7\49\242\196\154\91\196\154\7\7\70\242\242\242\238\196\49\175\175\7\91\175\175\7\49\242\175\175\91\175\175\7\7\70\242\242\238\45\49\175\66\7\91\175\66\7\70\242\242\242\238\154\49\175\217\7\91\175\217\7\49\242\175\154\91\175\154\7\7\70\242\242\196\196\3\28\175\7\49\242\175\65\64\23\64\64\64\116\79\68\72\79\64\64\148\148\67\146\130\84\63\63\63\72\73\73\66\77\64\68\77\64\66\63\72\79\68\72\79\64\64\67\121\84\146\72\79\71\67\63\63\72\76\75\66\72\76\64\68\72\65\64\162\64\64\64\156\215\203\31\31\206\29\13\223\202\202\211\216\215\205\211\219\203\207\211\219\203\206\4\223\29\202\202\212\213\216\204\211\203\205\202\211\210\207\211\210\203\203\206\202\202\216\204\211\203\205\202\211\214\207\211\214\203\203\206\202\202\202\211\218\205\214\203\207\214\203\205\202\211\211\207\211\211\203\203\206\211\210\206\212\211\206\202\202\202\211\217\205\65\66\192\67\235\64\149\83\95\59\71\83\95\59\65\56\101\71\101\59\59\68\56\56\98\65\83\92\59\71\83\92\59\68\56\56\89\80\65\83\92\59\71\83\92\59\68\56\56\83\107\101\65\95\59\71\95\59\68\56\56\86\89\92\62\83\59\65\56\86\80\71\86\80\59\59\68\56\56\56\83\107\65\83\83\59\71\83\83\59\65\56\65\64\218\64\64\64\151\12\11\7\12\11\3\3\6\2\2\11\13\5\14\3\7\14\3\6\2\2\16\5\11\15\3\7\11\15\3\6\2\2\2\11\19\5\11\13\3\7\11\13\3\5\2\12\12\7\12\12\3\3\6\18\6\2\2\11\10\4\11\3\5\2\11\18\7\11\18\3\3\6\2\2\11\18\4\11\3\5\2\11\14\7\11\14\65\64\118\64\64\64\137\159\159\162\158\158\167\166\160\167\159\161\158\173\163\173\159\159\162\158\158\158\167\175\161\172\159\163\172\159\161\158\169\163\169\159\159\162\158\158\168\171\160\167\159\161\158\169\163\169\159\159\162\158\158\168\170\160\167\159\161\158\167\171\163\167\171\159\159\243\243\162\241\225\65\66\28\85\125\64\153\29\100\100\201\75\163\33\201\121\205\33\201\121\184\38\29\51\33\180\12\184\100\100\100\33\201\12\163\33\138\121\205\33\138\121\163\100\33\159\205\33\159\121\121\184\100\100\54\12\33\142\33\121\163\100\159\205\159\121\121\184\100\100\54\12\12\163\96\121\205\96\121\184\100\100\33\159\138\142\33\121\163\100\117\205\117\121\121\184\65\65\105\64\64\64\149\65\65\91\89\92\67\88\64\66\65\88\95\68\88\95\64\64\69\65\65\88\80\93\66\91\64\68\91\64\69\65\65\65\88\80\93\66\88\80\64\68\88\80\64\66\65\88\94\68\88\94\64\64\69\65\65\65\88\80\90\66\93\64\68\93\64\66\65\91\89\68\91\89\64\64\69\65\65\88\91\92\66\88\88\64\65\65\75\64\64\64\109\102\122\122\98\103\99\99\122\120\120\96\122\115\98\102\122\115\98\103\99\99\122\124\115\97\122\98\96\99\115\102\115\98\98\103\99\99\99\121\123\126\96\127\98\102\65\65\225\64\64\64\109\213\200\202\201\211\210\204\211\210\200\200\205\201\201\208\211\212\203\208\200\202\201\217\204\217\200\200\205\201\201\211\209\216\202\214\200\204\214\200\205\211\209\213\205\201\65\64\180\64\64\64\113\220\220\229\230\233\223\229\229\221\225\229\229\221\223\220\229\234\225\229\234\221\221\224\229\232\230\224\220\220\229\232\229\222\229\221\223\220\229\230\225\229\230\221\221\224\220\220\229\232\65\64\0\64\64\64\104\49\42\49\41\43\40\50\50\45\50\50\41\41\44\40\40\40\49\52\49\43\49\53\41\45\49\53\41\43\40\54\45\54\41\41\44\40\40\40\49\65\64\163\64\64\64\143\214\215\206\212\216\204\208\212\216\204\206\203\215\208\215\204\204\32\32\207\30\14\224\203\203\214\219\206\212\219\204\208\212\219\204\207\5\224\30\203\203\203\212\211\214\206\215\204\208\215\204\206\203\213\212\208\213\212\204\204\207\203\203\212\214\219\205\212\204\206\203\212\219\208\212\219\204\204\207\65\65\216\64\64\64\155\240\240\233\236\236\243\233\236\241\245\233\236\241\244\233\237\237\244\240\240\233\237\235\243\233\237\241\245\233\237\241\244\233\237\236\244\240\240\240\239\232\243\233\225\241\245\233\225\241\243\240\233\234\245\233\234\241\241\244\240\240\233\237\225\242\233\241\243\240\234\233\245\234\233\241\241\244\240\240\233\236\225\243\235\241\245\235\241\244\240\240\65\64\9\64\64\64\107\58\62\62\52\58\58\50\54\58\58\50\53\49\49\58\62\59\51\58\50\52\49\61\54\61\50\50\53\49\49\64\57\52\62\50\54\62\50\53\49\49\58\60\65\66\18\67\235\64\121\183\144\165\141\147\138\168\171\153\168\171\141\141\150\138\138\165\174\168\147\165\168\141\153\165\168\141\150\138\138\165\171\177\147\165\183\141\153\165\183\141\150\138\138\165\177\168\144\165\141\147\138\165\168\153\165\168\65\66\190\77\5\64\144\211\211\250\198\198\59\85\111\224\59\211\237\198\72\85\7\72\85\211\211\250\198\198\59\85\137\224\59\211\237\198\72\72\7\72\72\211\211\250\198\198\59\111\98\237\137\211\7\137\211\250\198\198\198\59\85\163\237\59\150\211\7\59\150\211\237\198\85\7\85\211\211\250\198\198\198\59\111\72\237\65\64\149\64\64\64\129\198\201\190\194\198\201\190\192\189\201\194\201\190\190\193\189\189\189\204\204\192\201\190\194\201\190\192\189\199\197\194\199\197\190\190\193\189\189\198\202\200\191\198\190\192\189\198\200\194\198\200\190\190\193\204\197\193\189\189\189\198\202\204\192\198\65\64\167\64\64\64\155\218\208\212\216\218\208\210\207\216\220\212\216\220\208\208\211\207\207\216\218\220\209\216\208\210\207\216\217\212\216\217\208\208\211\207\207\207\216\219\221\210\219\208\212\219\208\210\207\216\217\212\216\217\208\208\211\207\207\207\216\219\220\210\216\218\208\212\216\218\208\210\207\216\219\212\216\219\208\208\211\207\207\216\219\218\209\216\208\210\207\216\65\65\204\64\64\64\115\253\225\253\253\229\229\224\228\228\228\253\248\244\231\249\229\225\249\229\231\228\244\225\244\229\229\224\228\228\253\248\253\231\248\229\225\248\229\224\228\228\251\252\231\253\245\229\225\253\245\229\65\64\1\64\64\64\116\45\41\41\41\50\54\52\44\50\55\42\46\50\55\42\44\41\50\55\46\50\55\42\42\45\41\41\41\50\54\49\44\50\54\42\46\50\54\42\44\41\50\50\46\50\50\42\42\45\41\41\41\65\66\191\77\5\64\150\60\86\164\238\164\212\8\164\212\238\199\60\151\8\60\151\212\212\251\199\199\60\86\164\225\60\212\238\199\60\73\8\60\73\212\212\251\199\199\199\60\86\151\238\151\212\8\151\212\238\199\60\151\8\60\151\212\212\251\199\199\138\47\225\60\212\238\199\60\164\8\60\164\212\212\251\199\199\60\112\112\225\60\212\238\199\65\64\228\64\64\64\136\25\17\25\13\13\16\12\12\12\21\25\20\15\21\26\13\17\21\26\13\15\12\21\21\17\21\21\13\13\16\12\12\27\20\14\21\13\15\12\24\17\24\13\13\16\21\25\24\16\12\12\21\24\29\14\21\13\15\12\22\21\17\22\21\13\13\16\12\12\27\20\14\65\64\176\64\64\64\144\225\217\219\216\231\221\231\217\217\220\216\216\232\231\218\225\217\219\216\226\225\221\226\225\217\217\220\216\216\232\230\219\233\217\221\233\217\220\216\216\216\232\230\219\225\225\217\221\225\225\217\219\216\232\221\232\217\217\220\216\216\232\230\218\225\217\219\216\225\229\221\225\229\217\217\220\216\216\216\232\65\66\136\85\125\64\101\204\15\204\229\57\204\229\15\208\141\141\57\141\141\229\229\201\201\36\159\79\137\208\208\225\120\15\183\229\57\183\229\36\146\137\159\141\65\66\217\71\247\64\134\62\41\13\241\241\48\55\104\6\62\248\20\62\248\13\241\241\48\62\83\255\48\248\6\241\48\62\20\48\62\248\248\13\241\241\241\97\55\6\97\248\20\97\248\6\241\48\90\20\48\90\248\248\13\241\241\241\48\48\90\6\97\248\20\97\248\6\241\90\20\65\66\186\71\247\64\123\59\217\217\238\210\210\17\45\38\224\17\217\231\210\73\245\73\217\217\238\210\210\17\38\59\224\17\217\231\210\66\245\66\217\217\238\210\210\17\52\10\224\17\217\231\210\24\17\245\24\17\217\217\238\210\210\17\45\31\65\64\155\64\64\64\156\198\204\204\196\200\204\204\196\199\195\195\204\208\204\197\204\196\198\195\205\204\200\205\204\196\196\199\195\195\204\209\207\197\204\196\198\195\204\211\200\204\211\196\196\199\211\205\199\195\195\212\203\198\206\196\200\206\196\199\195\195\204\205\203\198\204\204\196\200\204\204\196\199\195\195\195\204\208\208\198\204\207\196\200\204\207\196\198\195\204\211\200\65\66\147\81\49\64\134\212\75\76\76\127\212\24\212\127\59\59\212\24\75\93\212\76\110\59\212\75\144\212\75\76\76\127\59\59\212\24\195\93\212\76\110\59\41\144\41\76\76\127\75\229\127\212\41\212\127\212\24\229\127\59\59\75\229\110\212\212\76\144\212\212\76\127\59\59\212\65\66\231\85\125\64\116\22\85\110\64\68\152\64\68\131\47\47\47\236\64\64\110\106\68\152\106\68\110\47\236\1\152\236\1\68\68\131\47\47\236\64\236\110\236\127\68\152\236\127\68\131\47\47\236\85\148\110\236\65\64\122\64\64\64\111\178\163\167\171\178\163\166\162\162\179\171\165\177\163\167\177\163\247\247\166\245\229\183\162\162\162\174\173\165\175\163\167\175\163\165\162\171\176\167\171\176\163\163\166\220\183\245\65\65\164\64\64\64\120\140\140\149\148\156\142\149\141\143\140\147\137\147\141\141\136\140\140\149\144\151\142\149\141\143\140\149\144\137\149\144\141\141\136\140\140\149\144\157\143\151\141\137\151\141\136\140\140\149\146\148\142\149\141\143\140\65\65\79\64\64\64\156\125\126\98\125\126\102\102\99\103\103\126\122\119\101\126\102\100\103\126\122\98\126\122\102\102\99\103\103\103\126\122\118\100\125\102\98\125\102\100\103\124\98\124\102\102\99\103\103\103\120\122\100\126\127\102\98\126\127\102\100\103\125\127\98\125\127\102\102\99\103\103\103\126\121\123\100\126\126\102\98\126\126\102\100\103\126\127\98\126\127\102\102\65\65\5\64\64\64\142\41\45\45\45\52\48\49\46\52\48\44\40\52\48\44\46\45\52\53\40\52\53\44\44\41\45\45\52\51\53\46\52\49\44\40\52\49\44\41\45\45\45\52\48\50\46\61\44\40\61\44\46\45\54\40\54\44\44\41\45\45\45\50\48\46\52\55\44\40\52\55\44\46\45\55\54\40\55\65\64\249\64\64\64\100\44\34\34\37\42\45\43\37\33\33\42\45\41\35\42\34\36\33\42\48\38\42\48\34\34\37\33\33\33\42\46\43\36\49\34\38\65\66\182\81\49\64\131\110\111\145\94\127\179\127\111\111\162\94\94\94\247\42\42\145\25\111\179\25\111\145\94\247\247\179\247\247\111\111\162\94\94\247\59\93\145\247\59\111\179\247\59\111\162\247\42\230\162\110\8\162\94\94\247\59\110\128\247\111\145\94\247\25\179\247\65\64\78\64\64\64\131\129\119\119\122\118\118\133\131\120\127\119\121\118\133\123\133\119\119\122\127\130\131\122\118\118\118\127\130\134\121\127\132\119\123\127\132\119\121\118\127\134\123\127\134\119\119\122\118\118\127\130\130\121\127\126\119\123\127\126\119\122\118\118\127\131\127\121\65\65\149\64\64\64\103\161\188\184\161\188\185\189\189\189\164\161\166\190\162\188\184\162\188\190\189\164\163\184\164\163\188\188\185\189\189\162\160\190\163\188\184\163\188\185\65\65\79\64\64\64\110\103\103\126\122\123\101\126\102\100\103\126\121\98\126\121\102\102\99\103\103\126\123\122\100\123\102\98\123\102\99\120\122\99\103\103\126\121\126\100\126\122\102\98\126\122\102\65\64\202\64\64\64\112\246\242\242\251\254\2\244\251\243\245\242\3\247\3\243\243\246\242\242\251\254\254\244\251\243\245\242\251\1\247\251\1\243\243\246\242\242\251\0\252\244\251\243\245\242\0\247\0\65\66\160\71\247\64\111\191\191\212\184\184\40\47\205\19\191\219\19\191\11\11\212\253\141\75\184\184\247\47\19\198\247\191\205\184\5\219\5\191\191\212\78\75\253\184\184\184\19\205\247\5\191\219\65\66\209\67\235\64\100\100\106\76\82\73\121\88\121\76\76\85\73\73\115\97\82\100\121\76\88\100\121\76\85\73\73\112\100\82\103\76\88\103\76\85\106\65\65\121\64\64\64\121\79\85\81\81\76\77\82\64\80\84\64\80\85\81\81\76\77\83\72\80\82\81\72\72\84\72\72\80\80\85\81\81\81\75\75\78\82\72\78\80\84\72\78\80\82\81\78\84\78\80\80\85\81\81\81\77\82\65\66\148\71\247\64\121\21\179\207\21\179\193\172\242\235\207\242\235\179\179\200\172\172\0\35\186\235\179\193\172\7\207\7\179\179\200\172\172\172\7\7\193\235\242\179\207\235\242\179\193\172\0\207\0\179\179\200\172\172\172\0\0\193\65\64\238\64\64\64\107\35\23\27\35\23\25\22\31\34\27\31\34\23\23\26\22\22\32\34\30\25\31\33\23\27\31\33\23\26\22\22\36\24\31\23\25\22\36\27\36\23\23\26\65\65\239\64\64\64\118\199\199\219\220\196\214\198\194\214\198\195\199\199\219\223\196\220\198\194\220\198\195\199\199\220\217\196\220\198\194\220\198\195\199\199\199\218\218\196\217\198\194\217\198\196\199\215\194\215\198\198\18\18\195\65\64\17\64\64\64\150\140\124\78\57\57\57\66\72\71\60\66\69\58\62\66\69\58\60\57\74\62\74\58\58\61\115\78\140\67\69\66\61\68\71\61\57\57\57\68\71\60\67\58\62\67\58\60\57\69\62\69\58\58\61\57\57\67\66\59\66\58\60\57\66\72\62\66\72\58\58\61\57\57\67\74\60\72\58\62\72\58\61\57\57\68\67\65\65\83\64\64\64\141\120\107\122\126\107\122\127\123\123\96\101\121\98\122\120\123\106\126\106\122\122\127\123\123\123\96\102\120\100\122\126\100\122\120\123\98\107\126\98\107\122\122\127\123\123\123\97\99\107\120\98\97\122\126\98\97\122\120\123\98\98\126\98\98\122\122\127\123\123\96\101\120\98\103\122\126\98\65\64\112\64\64\64\108\164\153\156\152\152\152\163\161\155\161\169\153\157\161\169\153\155\152\162\163\157\162\163\153\153\156\152\152\162\160\168\154\161\153\155\152\161\166\157\161\166\153\153\156\65\64\230\64\64\64\138\14\14\24\26\16\23\15\17\14\24\22\19\24\22\15\15\18\14\14\25\23\16\23\15\17\14\23\30\19\23\30\15\15\18\14\14\25\23\16\23\15\17\14\23\27\19\23\27\15\15\18\24\29\18\14\14\24\22\30\17\24\15\19\24\15\18\14\14\14\25\23\17\24\15\65\64\104\64\64\64\119\149\154\145\147\144\153\160\149\153\160\145\145\148\144\144\155\156\146\153\145\147\144\155\149\155\145\145\148\154\152\160\148\144\144\155\157\146\153\145\147\144\157\149\157\145\145\148\155\159\148\144\144\155\154\146\65\66\14\87\231\64\120\117\189\235\166\232\25\232\189\189\2\166\166\163\140\235\117\163\189\25\117\163\189\2\166\166\163\186\235\255\189\25\255\189\2\166\166\140\117\235\22\189\25\22\189\2\166\166\163\209\212\117\189\235\166\117\186\65\65\161\64\64\64\144\140\144\149\136\136\141\137\137\146\148\139\144\136\138\137\147\145\140\147\145\136\136\141\137\137\147\145\153\139\144\136\138\137\144\152\140\144\152\136\136\141\137\137\137\147\146\138\144\145\136\140\144\145\136\138\137\153\140\153\136\136\141\137\137\137\147\144\138\144\147\136\140\144\147\136\138\137\146\140\146\65\64\221\64\64\64\123\6\6\9\16\13\9\5\5\15\14\7\14\6\8\5\18\10\18\6\6\9\5\5\5\16\17\8\18\6\10\18\6\8\5\18\10\18\6\6\9\5\5\15\18\8\14\16\6\10\14\16\6\9\5\5\5\14\22\8\65\64\96\64\64\64\152\145\149\137\141\145\149\137\139\136\151\141\151\137\137\140\136\136\146\144\152\138\145\137\139\136\146\147\141\146\147\137\137\140\136\136\145\153\139\145\147\137\141\145\147\137\140\136\136\146\148\139\145\144\137\141\145\144\137\140\136\136\146\145\138\145\137\139\136\146\147\141\146\147\137\137\140\136\136\145\153\139\145\149\137\141\145\149\137\65\66\36\71\247\64\116\88\60\60\60\130\165\81\123\130\67\95\123\130\67\81\60\123\179\95\123\179\67\67\88\60\60\137\151\74\123\67\81\60\130\123\95\130\123\67\67\88\60\60\60\130\130\130\81\123\172\67\95\65\64\174\64\64\64\151\223\230\215\217\214\223\227\219\223\227\215\215\43\43\218\41\25\235\214\214\214\230\229\217\227\215\219\227\215\217\214\223\231\219\223\231\215\215\218\16\235\41\223\228\224\218\214\214\214\223\231\224\217\223\229\215\219\223\229\215\217\214\223\229\219\223\229\215\215\218\214\214\223\230\228\217\223\223\215\219\223\223\215\218\214\214\223\65\65\249\64\64\64\120\192\205\211\200\208\210\209\200\207\212\200\207\208\208\4\4\213\2\18\196\209\209\203\205\211\200\208\210\209\204\212\204\208\208\213\27\196\2\200\202\200\213\209\209\200\203\192\211\200\208\210\209\193\212\193\208\65\66\10\77\5\64\124\31\70\18\18\18\135\148\161\57\148\31\83\148\31\57\18\135\187\83\135\187\31\31\70\18\18\135\161\135\44\135\31\57\18\148\148\83\148\148\31\31\99\99\70\73\121\35\18\18\239\148\57\135\213\31\83\135\213\31\70\65\65\89\64\64\64\136\187\100\162\113\113\104\108\110\114\104\107\112\116\104\107\112\117\113\113\107\105\107\115\104\112\114\113\104\109\116\104\109\112\112\117\107\105\97\117\113\113\104\96\110\114\106\112\116\106\112\117\104\106\110\117\113\113\104\108\96\115\104\112\114\113\104\107\116\104\107\112\112\65\66\104\67\235\64\103\236\224\224\224\251\19\10\233\251\10\227\239\251\10\227\233\224\251\4\239\251\4\227\227\236\224\224\251\19\1\233\254\227\239\254\227\236\224\224\65\65\239\64\64\64\108\199\222\215\214\196\220\198\194\220\198\196\199\222\217\194\222\217\198\198\195\199\199\221\223\215\197\222\198\196\199\218\194\218\198\198\18\18\195\20\4\210\199\199\218\65\65\156\64\64\64\143\172\183\165\181\177\165\181\176\126\161\103\180\180\173\173\170\183\169\181\177\169\181\176\180\180\173\171\173\182\173\181\183\180\171\177\171\181\181\176\180\180\180\173\170\174\183\173\170\181\177\173\170\181\183\180\175\177\175\181\181\176\180\180\173\168\171\182\173\181\183\180\173\175\177\173\175\181\181\176\65\64\202\64\64\64\133\242\242\251\0\255\244\251\243\245\242\251\1\247\251\1\243\243\246\251\0\255\246\242\242\2\252\245\251\250\243\247\251\250\243\246\242\242\242\251\255\254\245\251\254\243\247\251\254\243\245\242\251\0\247\251\0\243\243\246\242\242\251\0\251\244\251\243\245\242\65\66\19\83\91\64\131\182\201\106\182\201\30\30\87\11\11\11\182\21\182\68\182\40\30\106\182\40\30\68\11\182\239\106\182\239\30\30\87\11\11\182\2\40\49\182\30\68\11\182\239\106\182\239\30\30\87\11\11\11\182\21\2\68\59\30\106\59\30\68\11\220\106\220\65\65\73\64\64\64\113\96\96\101\97\97\97\113\123\98\120\127\96\100\120\127\96\98\97\120\121\100\120\121\96\96\101\97\97\120\125\126\99\120\96\98\97\124\100\124\96\96\101\120\127\123\101\97\97\120\65\64\26\64\64\64\130\80\76\69\75\83\67\71\75\83\67\70\75\79\82\70\66\66\66\75\79\79\69\75\81\67\71\75\81\67\69\66\83\71\83\67\67\70\66\66\75\79\75\68\75\67\69\66\76\75\71\76\75\67\67\70\66\66\75\79\74\69\75\83\67\71\75\65\66\217\71\247\64\142\104\248\13\241\241\97\55\255\48\248\6\241\55\62\20\55\62\248\248\13\241\241\241\48\83\76\6\48\48\248\20\48\48\248\6\241\55\48\20\55\48\248\248\13\241\241\241\48\83\90\6\48\62\248\20\48\62\248\6\241\69\20\69\248\248\13\241\241\48\69\104\255\48\248\6\241\48\90\65\66\224\71\247\64\144\27\55\97\255\255\20\248\248\55\76\111\6\55\255\13\248\90\27\90\255\255\20\55\83\55\20\248\248\248\55\90\83\13\83\255\27\83\255\13\248\55\48\27\55\48\255\255\20\248\248\55\90\83\13\55\48\255\27\55\48\255\20\248\248\248\55\83\62\13\55\55\255\27\55\55\255\13\248\62\69\65\65\216\64\64\64\123\245\234\235\241\241\244\233\238\239\244\233\237\224\244\233\237\224\244\240\240\240\233\239\233\243\239\241\245\239\241\243\240\238\245\238\241\241\244\240\240\224\235\243\233\232\241\245\233\232\241\37\37\244\35\51\229\240\240\240\65\64\30\64\64\64\109\79\86\82\73\79\86\71\75\79\86\71\73\70\80\78\75\80\78\71\71\74\128\91\153\70\70\70\80\82\87\73\82\71\75\82\71\73\70\83\75\83\71\71\74\81\65\65\192\64\64\64\136\248\236\232\232\232\244\244\235\241\242\233\237\241\242\233\235\232\244\237\244\233\233\236\232\232\232\243\243\235\245\233\237\245\233\235\232\246\237\246\233\233\236\232\232\242\242\249\234\241\233\235\232\242\242\237\242\242\233\233\236\232\232\232\242\245\241\235\242\233\237\242\233\65\65\234\64\64\64\126\193\194\219\217\199\219\217\195\195\198\194\194\194\217\216\193\217\195\199\217\195\193\194\216\216\199\216\216\195\195\198\194\194\194\216\211\193\223\195\199\223\195\193\194\216\217\199\216\217\195\195\198\194\194\216\223\192\219\195\193\194\216\65\64\147\64\64\64\128\195\192\197\195\188\188\191\187\187\199\199\190\196\198\188\192\196\198\188\16\16\191\14\254\208\187\187\202\195\189\196\188\190\187\197\197\192\197\197\188\188\191\245\208\14\187\187\187\196\198\201\190\196\196\188\192\196\196\188\190\187\198\192\198\65\65\157\64\64\64\122\180\180\177\172\164\172\177\181\181\181\172\165\175\182\171\180\176\171\180\182\181\170\176\170\180\180\177\181\181\172\171\170\182\165\180\176\165\180\177\181\181\172\165\168\182\168\180\176\168\180\177\181\181\181\172\165\168\182\65\64\101\64\64\64\149\157\142\146\157\142\144\141\151\151\146\151\151\142\142\145\141\141\141\150\149\151\144\152\142\146\152\142\144\141\150\150\146\150\150\142\142\145\141\141\141\150\157\155\144\150\157\142\146\150\157\142\144\141\153\146\153\142\142\145\141\141\141\150\157\150\144\150\155\142\146\150\155\142\144\141\151\152\146\151\152\142\142\145\141\141\65\64\142\64\64\64\105\191\197\193\185\197\183\187\197\183\186\182\182\191\197\193\184\191\183\185\182\199\187\199\183\183\186\182\182\191\197\198\185\191\193\183\187\191\193\183\186\182\65\65\154\64\64\64\111\178\171\173\171\177\171\162\179\183\171\162\179\182\178\178\171\173\170\177\171\169\179\183\171\169\179\182\178\178\178\171\170\168\177\175\179\183\175\179\177\178\173\183\173\179\179\182\65\66\225\81\49\64\114\137\137\34\153\34\171\34\154\188\137\51\34\222\51\34\154\154\205\137\137\137\34\136\51\188\34\68\154\222\34\68\154\188\137\51\68\222\51\68\154\154\205\137\137\34\136\51\171\34\154\65\66\86\67\235\64\134\215\206\233\236\221\233\236\209\209\218\206\206\206\233\233\248\215\233\236\209\221\233\236\209\215\206\233\236\221\233\236\209\209\205\205\218\199\151\13\206\206\206\236\251\215\251\209\221\251\209\215\206\233\233\221\233\233\209\209\218\124\13\199\206\206\233\230\239\212\233\65\65\91\64\64\64\123\114\112\115\106\107\118\106\107\114\114\119\115\115\115\106\104\105\112\106\107\114\118\106\107\114\112\115\104\118\104\114\114\119\115\115\106\111\110\113\106\114\112\115\106\108\118\106\108\114\114\119\115\115\115\106\105\99\112\106\65\66\132\67\235\64\110\32\255\11\23\32\255\5\252\26\29\11\26\29\255\255\8\35\47\8\252\252\47\32\2\23\255\5\252\26\26\11\26\26\255\255\8\23\29\44\8\23\32\32\8\252\252\65\65\177\64\64\64\112\128\130\134\154\128\132\152\156\128\132\152\157\153\153\128\133\130\154\128\128\152\156\128\128\152\157\153\153\153\128\131\134\154\134\152\156\134\152\154\153\131\129\156\131\129\152\152\157\65\65\172\64\64\64\156\132\132\157\159\148\135\148\133\129\148\133\128\132\132\157\152\154\134\157\133\135\132\154\129\154\133\133\128\132\132\157\159\155\135\157\157\133\129\157\157\133\128\132\132\157\152\158\135\157\152\133\129\157\152\133\81\81\128\87\71\145\132\132\149\157\135\157\149\133\129\157\149\133\128\78\145\87\132\132\157\153\148\135\155\133\129\155\133\128\132\132\157\65\65\92\64\64\64\120\101\105\119\101\117\113\101\117\112\116\116\110\108\105\118\109\117\119\116\109\110\113\109\110\117\117\112\116\116\109\101\106\118\109\117\119\116\101\113\101\117\117\112\116\116\110\108\106\119\109\106\117\113\109\106\117\65\64\116\64\64\64\134\160\156\156\166\164\171\159\165\170\157\161\165\170\157\160\156\156\156\166\164\164\159\165\165\157\161\165\165\157\159\156\165\172\161\165\172\157\157\160\156\156\165\172\172\158\165\157\159\156\166\164\161\166\164\157\157\160\156\156\166\164\170\159\165\169\157\161\165\169\157\65\64\142\64\64\64\147\186\182\182\191\192\193\185\191\199\183\187\191\199\183\186\182\182\191\195\198\184\191\183\185\182\191\192\187\191\192\183\183\186\182\182\182\192\190\192\185\191\191\183\187\191\191\183\185\182\191\192\187\191\192\183\183\186\192\190\198\186\182\182\192\190\191\184\191\183\185\182\199\187\199\183\183\186\182\182\192\190\197\184\65\64\142\64\64\64\102\191\183\185\182\191\192\187\191\192\183\183\186\182\182\191\199\191\184\191\183\185\182\193\187\193\183\183\186\182\182\192\190\192\184\191\183\185\182\65\66\111\71\247\64\128\219\170\219\142\142\163\205\198\191\163\205\191\198\163\135\135\198\219\254\156\226\142\170\226\142\163\135\135\135\198\205\212\156\198\198\142\170\198\198\142\156\135\198\219\170\198\219\142\142\163\135\135\135\198\226\247\156\198\254\142\170\198\254\142\65\64\242\64\64\64\117\29\26\36\37\31\36\37\27\27\30\26\26\26\35\42\42\29\35\38\27\31\35\38\27\29\26\35\35\31\35\35\27\27\30\26\26\35\43\43\29\35\43\27\31\35\43\27\30\26\26\26\35\43\65\64\20\64\64\64\127\68\63\76\61\65\76\61\63\60\69\76\65\69\76\61\61\64\60\60\70\68\76\63\74\61\65\74\61\64\60\60\69\77\77\63\69\72\61\65\69\72\61\64\60\60\60\69\76\76\63\70\61\65\70\61\63\60\71\65\71\61\61\64\65\65\166\64\64\64\146\142\142\148\150\145\141\151\158\143\139\151\158\143\138\151\159\144\138\148\150\151\138\142\142\151\159\146\141\159\143\139\159\143\138\142\142\151\149\145\141\151\147\143\139\151\147\143\138\142\142\151\149\145\141\151\146\143\139\151\146\143\138\142\142\151\149\145\140\151\143\141\142\148\149\139\148\149\143\143\91\91\138\65\64\175\64\64\64\151\42\26\236\215\215\215\224\231\232\218\224\224\216\220\224\224\216\218\215\225\224\220\225\224\216\216\219\17\236\42\215\215\215\224\230\218\224\225\216\220\224\225\216\218\215\224\227\220\224\227\216\216\219\215\215\226\231\218\224\231\216\220\224\231\216\219\215\215\227\225\217\224\216\218\215\227\220\227\216\216\219\215\215\226\227\217\224\65\64\85\64\64\64\148\126\128\125\134\138\130\134\138\126\126\129\125\125\135\135\134\128\142\126\130\142\126\129\125\125\137\140\128\137\126\130\137\126\129\125\125\136\137\127\134\126\128\125\134\139\130\134\139\126\126\129\125\125\137\135\128\141\126\130\141\126\129\125\125\125\136\133\128\134\134\126\130\134\134\126\128\125\134\140\130\134\140\126\126\65\64\84\64\64\64\134\128\124\124\135\140\126\133\125\127\124\133\141\129\133\141\125\125\128\124\124\136\135\126\133\125\127\124\141\129\141\125\125\128\124\124\124\135\140\127\133\132\125\129\133\132\125\127\124\136\129\136\125\125\128\124\124\136\135\127\133\137\125\129\133\137\125\128\124\124\124\65\65\88\64\64\64\108\107\110\115\108\113\117\108\113\115\112\106\104\117\106\104\113\113\116\106\106\105\116\109\104\116\112\112\108\107\114\105\113\115\112\105\97\117\105\97\113\113\116\108\97\65\64\11\64\64\64\109\55\51\51\62\67\53\60\52\54\51\65\56\65\52\52\55\51\51\51\63\60\54\60\62\52\56\60\62\52\54\51\60\63\56\60\63\52\52\55\61\61\60\55\51\51\65\66\37\87\231\64\148\140\2\140\45\212\48\140\45\212\25\189\189\189\186\209\2\163\212\48\163\212\2\189\45\48\45\212\212\25\189\189\189\186\163\2\140\209\212\48\140\209\212\2\189\163\163\48\163\163\212\212\25\186\209\25\189\189\189\209\163\2\45\212\48\45\212\2\189\232\48\232\212\212\25\189\189\189\186\140\2\140\22\212\48\65\66\103\85\125\64\130\108\234\196\238\175\255\24\255\196\196\3\175\175\150\171\238\108\129\196\24\108\129\196\3\171\234\3\175\175\129\129\108\217\108\196\238\175\129\108\24\129\108\196\196\3\175\175\129\150\20\238\108\150\196\24\108\150\196\3\175\175\129\171\129\217\108\65\66\154\67\235\64\136\21\27\18\45\51\33\45\51\21\21\17\17\30\11\219\81\18\18\18\45\63\69\27\45\48\21\33\45\48\21\27\18\45\48\33\45\48\21\21\30\192\81\11\18\18\60\24\45\21\27\18\60\33\60\21\21\30\18\18\48\42\27\45\57\21\33\45\57\21\30\51\69\65\66\191\81\49\64\108\171\51\239\171\34\102\171\103\103\17\34\137\0\120\154\103\17\239\188\17\239\120\120\171\103\103\103\17\239\154\0\239\120\188\0\239\120\154\103\0\102\188\0\102\65\66\239\85\125\64\143\76\76\139\55\55\51\51\118\93\76\160\93\76\139\55\55\9\244\244\118\114\76\160\114\76\139\55\55\9\9\135\118\93\76\160\93\76\139\55\55\9\9\135\118\244\93\76\160\244\93\76\139\55\55\55\9\30\114\118\244\244\76\160\244\244\76\118\55\9\244\160\9\244\76\76\139\55\55\9\65\64\17\64\64\64\153\67\72\60\66\68\58\62\66\68\58\61\57\57\57\67\67\72\60\68\58\62\68\58\60\57\67\65\62\67\65\58\58\61\57\57\67\66\66\60\66\69\58\62\66\69\58\61\57\57\68\60\66\70\58\62\66\70\58\61\57\57\57\65\60\66\74\58\62\66\74\58\60\57\67\68\62\67\68\58\58\61\57\57\57\67\68\72\60\66\65\66\35\67\235\64\144\191\158\170\182\191\158\164\155\185\182\170\185\182\158\158\167\155\155\155\185\182\182\164\182\203\158\170\182\203\158\164\155\191\170\191\158\158\167\155\155\155\185\191\197\164\200\158\170\200\158\164\155\182\179\170\182\179\158\158\167\155\155\185\179\164\182\182\158\170\182\182\158\167\155\155\188\182\161\182\158\65\64\168\64\64\64\104\211\208\217\220\213\217\220\209\209\212\208\208\218\218\211\218\209\213\218\209\212\208\208\208\220\216\211\217\218\209\213\217\218\209\211\208\217\216\213\217\65\64\23\64\64\64\136\71\64\64\67\63\63\74\72\66\72\79\64\68\72\79\64\67\63\63\63\73\71\66\72\71\64\68\72\71\64\66\63\73\74\68\73\74\64\64\67\63\63\63\74\80\66\80\64\68\80\64\66\63\72\77\68\72\77\64\64\67\63\63\73\79\65\72\64\66\63\72\77\65\66\200\85\125\64\133\121\205\54\37\37\100\16\16\247\247\79\12\37\121\12\37\100\16\16\16\226\54\79\96\37\121\96\37\79\16\205\75\121\205\75\37\37\100\16\16\16\226\226\33\79\12\37\121\12\37\79\16\226\205\121\226\205\37\37\100\16\16\16\226\226\33\79\54\37\65\65\205\64\64\64\112\224\251\228\230\229\252\250\224\252\250\228\228\225\255\255\248\48\48\225\54\38\240\229\229\252\244\245\231\252\228\230\229\252\244\224\252\244\228\228\225\47\240\54\229\229\229\255\251\65\65\225\64\64\64\131\202\208\216\200\204\208\216\200\202\201\208\209\204\208\209\200\200\205\201\201\213\214\203\208\200\202\201\208\208\204\208\208\200\200\205\201\201\201\212\208\202\213\200\204\213\200\202\201\217\204\217\200\200\205\201\201\213\210\203\208\200\202\201\211\208\204\211\65\66\113\75\227\64\153\140\52\52\85\41\41\151\162\129\74\228\52\96\228\52\85\41\41\41\184\195\74\140\140\52\96\140\140\52\74\41\151\151\96\151\151\52\52\85\41\41\173\162\63\140\52\74\41\151\151\96\151\151\52\52\85\41\41\184\140\63\140\52\74\41\151\140\96\151\140\52\52\85\41\41\41\162\228\74\140\217\52\96\140\217\52\74\41\151\65\66\229\77\5\64\147\111\46\111\111\250\250\33\237\237\237\137\176\20\98\150\250\46\98\150\250\20\237\98\111\46\98\111\250\250\33\237\237\150\111\7\98\250\20\237\98\98\46\98\98\250\250\33\237\237\237\137\176\20\98\202\250\46\98\202\250\20\237\98\189\46\98\189\250\250\33\150\111\33\237\237\237\137\150\20\98\111\250\46\65\66\216\83\91\64\144\123\142\227\9\208\142\142\47\142\142\227\227\28\208\208\142\161\104\246\123\227\9\208\199\47\199\227\227\28\208\208\199\19\9\123\0\227\47\123\0\227\28\208\208\199\142\246\123\227\9\208\123\0\47\123\0\227\227\28\208\208\208\199\0\9\123\237\227\47\123\237\227\9\208\142\142\47\142\142\227\65\66\95\69\13\64\120\44\59\39\39\99\114\54\84\89\44\64\84\89\44\59\39\39\104\79\54\114\44\64\114\44\59\39\39\89\94\79\49\84\44\54\39\89\89\64\89\89\44\44\59\39\39\39\104\89\54\84\94\44\64\84\94\65\65\176\64\64\64\124\153\155\152\129\136\157\129\136\153\153\156\132\131\156\152\152\134\130\155\130\153\157\130\153\156\152\152\152\133\136\155\130\153\157\130\153\155\152\136\157\136\153\153\156\152\152\130\131\128\155\129\135\153\157\129\135\153\156\152\152\65\64\82\64\64\64\106\122\132\135\125\138\123\127\138\123\125\122\131\132\127\131\132\123\123\126\122\122\133\139\125\131\133\123\127\131\133\123\126\122\122\122\135\138\125\131\138\123\127\65\64\198\64\64\64\145\247\254\239\241\238\254\243\254\239\239\242\238\238\251\255\240\247\239\241\238\254\243\254\239\239\242\238\238\251\252\240\247\239\241\238\247\246\243\247\246\239\239\242\238\238\250\248\241\247\248\239\243\247\248\239\242\238\238\249\255\241\247\248\239\243\247\248\239\242\238\238\252\249\241\250\239\243\250\239\242\238\65\64\249\64\64\64\133\33\43\44\41\36\42\41\34\38\42\41\34\37\33\33\33\46\43\36\48\34\38\48\34\36\33\42\41\38\42\41\34\34\37\45\48\37\33\33\45\46\35\42\34\36\33\43\43\38\43\43\34\34\37\33\33\33\45\47\36\42\44\34\38\42\44\34\36\33\65\66\251\77\5\64\116\120\133\68\120\133\16\16\55\3\3\172\211\42\120\159\16\68\120\159\16\84\84\55\58\106\20\3\3\133\211\29\120\16\42\3\120\211\68\120\211\16\16\55\245\20\58\3\3\120\133\42\211\65\64\243\64\64\64\109\28\32\43\28\31\27\27\27\36\43\42\30\44\28\32\44\28\30\27\36\42\32\36\42\28\28\31\27\27\36\42\35\29\36\28\30\27\38\32\38\28\28\31\27\27\65\66\81\71\247\64\119\105\168\203\161\126\196\112\140\196\112\126\105\168\224\140\168\224\112\112\133\105\105\105\203\161\126\168\182\112\140\168\182\112\126\105\168\168\140\168\168\112\112\133\105\105\168\168\203\119\168\112\126\105\189\140\65\65\5\64\64\64\122\49\44\44\41\45\45\52\54\50\47\52\44\46\45\55\55\40\55\55\44\44\41\52\55\48\41\45\45\52\49\54\47\52\44\46\45\52\52\40\52\52\44\44\41\45\45\45\61\51\46\50\44\40\50\44\46\45\55\65\65\18\64\64\64\109\34\63\32\34\59\59\62\58\58\58\36\34\57\36\59\63\36\59\57\58\43\63\43\59\59\62\58\58\36\39\56\35\59\57\58\36\63\36\59\59\62\35\32\42\62\65\66\152\87\231\64\100\255\22\160\140\114\232\140\48\48\48\114\91\117\255\232\71\163\255\232\71\117\48\22\255\163\22\255\71\71\140\48\48\48\255\22\160\65\66\246\67\235\64\111\119\137\137\113\125\137\137\113\119\110\155\125\155\113\113\122\110\110\110\137\143\140\119\137\155\113\125\137\155\113\119\110\152\125\152\113\113\122\110\110\152\134\116\137\113\119\110\65\64\149\64\64\64\143\200\194\200\190\190\193\189\189\203\202\191\198\190\192\189\199\198\194\199\198\190\190\193\189\189\189\198\199\205\192\198\199\190\194\198\199\190\192\189\198\206\194\198\206\190\190\193\189\189\198\200\204\191\198\190\192\189\198\198\194\198\198\190\190\193\189\189\203\197\191\198\190\192\189\198\199\194\198\199\65\65\81\64\64\64\101\120\120\125\121\121\103\100\123\96\120\122\121\103\124\103\120\120\125\121\121\121\96\99\105\122\105\120\124\105\120\122\121\96\97\124\96\97\65\65\190\64\64\64\110\151\151\146\150\150\143\138\141\149\137\151\147\137\151\67\67\146\69\85\131\150\150\138\141\148\143\151\149\150\143\136\147\143\136\151\151\146\92\131\69\150\150\140\137\148\143\65\65\14\64\64\64\139\39\37\38\63\58\35\63\58\39\39\34\60\62\60\34\38\38\38\63\54\59\37\55\39\35\55\39\37\38\61\35\61\39\39\34\38\38\63\57\59\37\63\61\39\35\63\61\39\34\38\38\57\59\36\63\39\37\38\63\55\35\63\55\39\39\34\38\38\63\60\62\36\63\39\37\65\64\84\64\64\64\100\124\136\129\136\125\125\128\124\124\133\136\136\126\133\125\127\124\134\134\129\134\134\125\125\128\124\124\133\137\139\127\139\125\129\139\125\65\65\171\64\64\64\112\135\131\131\154\158\156\129\154\130\128\131\154\158\134\154\158\130\130\135\131\131\154\157\159\128\152\130\134\152\130\135\131\131\156\158\128\152\130\134\152\130\135\131\131\154\154\155\129\65\64\77\64\64\64\155\126\118\120\117\134\122\134\118\118\121\117\117\117\126\129\132\120\132\118\122\132\118\120\117\127\126\122\127\126\118\118\121\117\117\126\130\132\120\126\131\118\122\126\131\118\121\117\117\126\129\133\119\126\118\120\117\127\128\122\127\128\118\118\121\117\117\117\126\130\133\120\126\130\118\122\126\130\118\120\117\130\122\130\118\118\121\117\117\126\130\134\65\64\147\64\64\64\111\189\196\188\190\187\197\196\192\197\196\188\188\191\187\187\196\200\197\189\196\188\190\187\196\200\192\196\200\188\188\191\187\187\187\196\199\195\190\196\196\188\192\196\196\188\190\187\65\66\1\69\13\64\154\10\226\10\206\206\221\201\201\246\10\25\211\246\206\216\201\246\241\226\246\241\206\206\221\20\15\114\114\221\104\24\50\201\201\201\30\246\216\246\241\206\226\246\241\206\216\201\20\226\20\206\206\221\235\50\104\201\201\246\0\0\211\246\206\216\201\246\10\226\246\10\206\206\221\251\241\20\114\114\221\104\24\50\201\201\201\10\216\246\10\65\65\158\64\64\64\115\183\179\175\171\183\181\182\168\179\168\183\183\178\124\163\101\182\182\172\173\175\180\175\183\181\182\168\179\168\183\183\178\182\182\175\170\166\181\175\167\183\179\175\167\183\178\182\182\175\166\175\65\65\216\64\64\64\114\243\238\241\245\238\241\244\240\240\240\235\239\243\233\233\241\245\233\233\241\243\240\234\234\245\234\234\241\241\244\240\240\224\224\242\233\241\243\240\234\232\245\234\232\241\241\244\240\240\233\65\66\200\75\227\64\136\216\238\161\227\48\139\183\227\48\139\172\128\128\128\227\238\227\161\249\139\183\249\139\161\128\238\238\183\238\238\139\139\172\128\128\128\249\37\161\249\139\183\249\139\161\128\227\249\183\227\249\139\139\172\128\128\15\4\150\227\139\161\128\249\183\249\139\139\172\128\128\15\65\66\194\71\247\64\101\46\232\25\225\239\218\25\60\253\25\60\225\225\246\218\218\218\74\53\239\25\18\225\253\25\18\225\239\218\32\18\253\32\18\225\225\246\65\65\223\64\64\64\129\247\247\231\237\245\238\246\244\247\231\242\231\246\246\243\247\247\247\233\236\244\238\231\246\242\238\231\246\244\247\238\231\242\238\231\246\246\243\236\232\243\247\247\247\235\237\244\238\232\246\242\238\232\246\244\247\235\242\235\246\246\243\238\239\234\65\65\158\64\64\64\110\178\182\182\175\174\171\180\175\183\181\182\172\173\179\172\173\183\183\178\182\182\173\169\180\175\183\181\182\175\173\179\175\173\183\183\178\170\172\178\182\182\175\174\171\180\175\65\65\25\64\64\64\136\48\50\49\40\45\52\40\45\48\48\53\40\41\32\53\49\49\42\46\51\40\48\50\49\40\41\52\40\41\48\48\53\49\49\45\43\51\40\48\50\49\47\52\47\48\48\53\49\49\40\41\44\51\40\48\50\49\43\40\52\43\40\48\48\53\49\49\49\40\40\45\50\65\64\149\64\64\64\118\204\190\194\204\190\192\189\199\199\194\199\199\190\190\193\189\189\200\204\191\198\190\192\189\203\194\203\190\190\193\189\189\189\201\199\192\198\202\190\194\198\202\190\192\189\205\194\205\190\190\193\189\189\189\65\65\152\64\64\64\140\169\168\173\179\174\177\181\174\177\179\176\170\168\181\170\168\177\177\180\176\176\176\169\170\168\179\161\177\181\161\177\179\176\169\173\181\169\173\177\177\101\101\180\99\115\165\176\176\170\161\178\169\177\179\176\169\169\181\169\169\177\177\180\122\165\99\176\176\176\170\173\173\179\169\161\177\65\64\160\64\64\64\134\205\209\217\201\203\200\213\205\213\201\201\204\200\200\209\215\210\203\216\201\205\216\201\204\210\208\213\204\200\200\214\209\203\209\210\201\205\209\210\201\204\200\200\209\209\210\203\212\201\205\212\201\204\200\200\209\210\214\203\209\208\201\205\209\208\201\204\200\200\209\65\64\181\64\64\64\148\233\234\224\231\222\226\231\222\225\221\221\235\230\223\230\222\224\221\230\238\226\230\238\222\222\225\221\221\236\237\224\230\238\222\226\230\238\222\225\221\221\221\236\237\224\230\237\222\226\230\237\222\224\221\232\226\232\222\222\225\221\221\221\237\236\224\232\222\226\232\222\224\221\231\232\226\231\232\222\222\225\221\221\236\65\64\160\64\64\64\132\215\203\209\215\201\205\209\215\201\204\200\200\200\215\215\203\211\201\205\211\201\203\200\209\211\205\209\211\201\201\204\200\200\214\209\203\209\208\201\205\209\208\201\204\200\200\200\209\208\217\203\211\201\205\211\201\203\200\212\205\212\201\201\204\209\208\214\204\65\66\33\69\13\64\140\233\233\47\22\243\22\238\248\233\47\2\47\238\238\253\233\233\22\17\52\248\22\27\238\2\22\27\238\253\233\233\22\27\47\248\57\238\2\57\238\253\233\233\233\47\27\248\22\37\238\2\22\37\238\248\233\32\2\32\238\238\146\146\253\136\56\82\233\233\233\32\248\42\238\2\42\65\65\175\64\64\64\106\134\132\135\158\158\130\158\158\134\134\131\77\146\84\152\159\131\135\135\135\158\158\155\132\155\134\130\155\134\132\135\152\130\152\134\134\131\135\135\135\158\158\65\64\85\64\64\64\141\136\128\142\126\130\142\126\128\125\134\141\130\134\141\126\126\129\125\125\134\133\138\127\134\126\128\125\135\134\130\135\134\126\126\129\134\133\141\129\125\125\134\133\139\127\134\126\128\125\135\133\130\135\133\126\126\129\125\125\134\135\133\128\134\142\126\130\134\142\126\129\125\125\134\134\140\128\65\65\169\64\64\64\127\144\128\132\144\128\133\129\129\152\153\153\130\152\155\128\132\152\155\128\133\129\129\129\152\152\144\130\155\128\132\155\128\130\129\152\144\132\152\144\128\128\133\129\129\152\153\145\131\152\128\130\129\155\152\132\155\152\128\128\133\129\129\152\65\65\165\64\64\64\149\148\145\143\148\140\142\141\148\150\136\148\150\140\140\137\141\141\148\148\150\142\145\140\136\145\140\137\150\144\137\157\149\137\141\141\148\149\149\143\148\140\142\141\147\136\147\140\140\137\141\141\141\148\148\150\142\145\140\136\145\140\142\141\151\151\136\151\151\140\140\137\141\141\148\149\149\143\148\140\142\141\151\150\136\151\65\66\187\83\91\64\120\132\198\198\255\179\179\179\94\75\189\236\94\208\198\18\94\208\198\236\179\246\18\246\198\198\255\179\179\94\75\151\236\208\198\18\208\198\255\179\179\179\94\94\208\236\94\94\198\18\94\94\198\236\179\208\18\65\66\192\69\13\64\106\211\141\141\49\49\156\39\215\241\136\136\136\201\211\151\216\141\161\216\141\151\136\181\216\161\181\216\141\141\156\170\241\39\136\136\136\181\196\176\151\181\211\65\64\191\64\64\64\126\232\236\240\246\232\234\231\241\239\236\241\239\232\232\235\231\231\240\244\243\234\242\232\236\242\232\235\231\231\240\246\244\233\240\232\234\231\241\241\236\241\241\232\232\235\231\231\231\240\244\247\234\240\241\232\236\240\241\232\234\231\240\65\64\149\64\64\64\109\203\194\198\203\190\190\193\189\189\189\205\206\192\201\190\194\201\190\192\189\204\194\204\190\190\193\189\189\198\199\201\192\198\206\190\194\198\206\190\193\189\189\189\198\203\65\65\189\64\64\64\140\133\150\140\142\148\144\140\142\148\150\149\140\143\144\140\143\148\148\145\149\149\140\139\138\151\140\148\150\149\140\141\144\140\141\148\148\145\149\149\149\140\136\132\150\138\148\144\138\148\150\149\143\140\144\143\140\148\148\145\149\149\140\139\143\150\136\148\144\136\148\145\149\149\140\139\141\65\65\108\64\64\64\125\71\93\95\69\65\93\95\69\145\145\64\151\135\81\93\93\94\64\142\81\151\68\68\93\85\89\70\93\69\71\68\84\65\84\69\69\64\68\68\94\92\85\71\85\69\65\85\69\64\68\68\68\94\95\92\71\89\69\65\89\69\65\65\249\64\64\64\113\210\209\200\202\212\200\202\208\208\213\209\209\209\203\200\202\210\200\193\208\212\200\193\208\210\209\202\212\202\208\208\213\209\209\209\200\205\205\210\200\201\208\212\200\201\208\210\209\200\65\64\103\64\64\64\153\156\148\152\156\144\144\147\153\154\154\147\153\153\154\147\143\143\153\153\160\146\159\144\148\159\144\147\143\143\153\153\157\145\152\144\146\143\153\154\148\153\154\144\144\147\143\143\143\152\155\155\146\153\144\148\153\144\146\143\152\156\148\152\156\144\144\147\143\143\143\153\152\152\146\155\144\148\155\144\146\143\160\148\160\144\144\147\153\153\65\65\26\64\64\64\148\35\54\50\50\40\40\44\48\43\51\49\50\47\55\47\51\51\54\50\50\40\40\44\48\43\51\49\50\43\35\55\43\35\51\51\54\50\50\40\43\41\48\43\51\49\50\43\40\55\43\40\51\51\54\50\50\50\40\40\40\49\43\41\51\55\43\41\51\49\50\46\55\46\51\51\54\50\50\40\40\34\48\43\51\65\66\166\71\247\64\107\211\190\39\225\39\197\197\218\190\190\253\18\18\204\253\197\211\190\253\4\225\253\4\197\197\218\190\190\190\253\53\39\211\253\32\197\225\253\32\197\211\190\4\65\65\23\64\64\64\111\38\58\37\38\62\62\59\63\63\63\38\47\34\60\38\37\62\58\38\37\62\60\63\36\58\36\62\62\59\63\63\63\38\35\35\60\33\62\58\33\62\60\63\38\46\58\38\65\66\205\81\49\64\139\150\134\134\185\117\117\31\31\116\151\14\134\168\117\48\202\48\134\134\185\117\117\31\14\48\168\14\82\134\202\14\82\134\185\117\117\31\31\133\151\14\134\168\117\48\202\48\134\134\185\31\31\133\185\117\117\31\14\116\151\14\134\168\117\14\253\202\14\253\134\134\185\117\117\117\65\64\15\64\64\64\107\65\65\65\58\64\68\56\60\64\68\56\58\55\66\60\66\56\56\59\65\64\68\59\55\55\65\65\70\57\64\56\58\55\67\60\67\56\56\59\55\55\64\67\65\64\75\64\64\64\148\127\117\124\116\118\115\124\130\120\124\130\116\116\119\115\115\125\125\131\118\127\116\120\127\116\119\115\115\125\125\126\118\124\124\116\120\124\124\116\119\115\115\115\124\127\127\118\124\125\116\120\124\125\116\118\115\125\125\120\125\125\116\116\119\125\124\127\119\115\115\125\124\130\117\124\116\118\115\128\120\128\116\116\119\65\64\232\64\64\64\104\16\16\26\26\24\18\25\17\19\16\33\21\33\17\17\20\26\25\27\20\25\29\32\101\101\20\99\83\37\16\16\25\31\24\19\31\17\21\31\17\65\66\246\87\231\64\104\234\196\113\3\116\139\231\234\142\142\116\185\188\93\165\211\142\93\70\1\93\70\165\165\234\142\142\116\162\188\93\165\211\142\185\1\185\165\165\234\65\65\188\64\64\64\152\148\148\141\138\151\141\140\149\145\141\140\149\144\148\148\141\133\151\133\149\145\133\149\144\148\148\141\139\150\141\149\151\148\139\145\139\149\149\144\148\148\142\140\142\150\141\149\151\148\141\132\145\141\132\149\149\144\148\148\142\137\143\150\141\149\151\148\137\145\137\149\149\144\148\148\148\143\137\151\132\149\145\132\149\151\148\141\138\65\66\145\77\5\64\136\218\14\79\166\166\205\153\153\27\118\179\14\166\192\153\14\27\218\14\27\166\166\205\153\153\40\1\192\79\166\218\79\166\205\14\66\205\153\153\27\40\179\14\166\192\153\14\105\218\14\105\166\166\234\234\205\208\0\170\153\153\105\53\179\14\166\192\153\79\218\79\166\65\65\252\64\64\64\117\213\208\30\193\7\205\201\205\208\205\197\201\208\212\212\205\197\200\214\205\213\215\212\205\203\209\205\203\213\213\208\212\212\205\196\202\214\205\213\215\212\206\205\209\206\205\213\213\208\212\212\205\196\65\66\163\77\5\64\156\136\210\97\184\236\97\184\223\171\171\32\123\110\210\136\184\236\136\184\223\171\171\45\19\32\197\32\184\210\171\84\236\84\184\184\223\171\171\32\136\123\197\32\184\210\171\32\136\236\32\136\184\184\223\171\171\32\123\32\210\58\184\236\58\184\223\171\171\45\19\19\210\97\184\236\97\184\223\171\171\32\123\136\210\32\19\184\236\32\19\184\223\65\66\239\69\13\64\101\183\183\183\228\12\248\198\248\188\208\248\188\198\183\228\253\208\228\253\188\188\203\183\183\183\228\12\243\198\233\188\208\233\188\198\183\238\65\65\9\64\64\64\154\36\58\32\32\37\33\33\33\56\56\63\34\56\58\32\36\56\58\32\34\33\56\57\36\56\57\32\32\37\33\33\56\48\48\35\56\32\34\33\48\36\48\32\32\37\33\33\33\56\49\56\34\61\32\36\61\32\34\33\48\36\48\32\32\37\33\33\59\57\59\34\56\49\32\36\56\49\32\37\33\33\33\56\49\60\34\62\32\36\62\65\65\126\64\64\64\148\87\85\86\79\78\83\79\78\87\87\82\86\86\79\70\74\85\79\78\87\83\79\78\87\82\86\86\79\79\72\85\70\87\83\70\87\82\79\71\71\82\86\86\76\78\79\84\79\87\85\86\76\77\83\76\77\87\87\82\86\86\86\79\70\77\85\79\74\87\83\79\74\87\85\86\76\79\83\76\79\87\87\82\86\65\65\108\64\64\64\115\68\93\84\95\70\93\69\71\68\93\85\65\93\85\69\69\64\68\68\93\84\89\70\93\69\71\68\89\65\89\69\69\64\68\68\68\93\85\85\71\93\93\69\65\93\93\69\71\68\94\95\65\65\93\64\64\64\123\112\111\110\116\116\113\117\117\108\100\100\118\110\116\112\110\116\113\117\117\117\108\101\107\118\100\116\112\100\116\118\117\111\108\112\111\108\116\116\113\111\109\108\113\117\117\117\108\100\111\118\108\104\116\112\108\104\116\118\65\65\104\64\64\64\111\64\89\81\69\89\81\65\65\68\64\64\89\81\90\67\91\65\69\91\65\68\64\64\90\88\93\67\81\65\69\81\65\68\64\64\89\89\95\66\89\65\67\64\92\69\92\65\65\66\145\67\235\64\118\12\8\8\21\2\210\72\39\42\21\183\72\2\9\9\60\60\18\39\12\24\39\12\21\9\9\36\42\45\15\36\12\18\9\36\60\24\36\60\12\12\21\9\9\36\39\33\15\36\12\18\9\36\48\65\66\238\81\49\64\106\235\47\115\167\167\218\47\64\81\218\150\150\150\115\115\201\47\81\167\235\47\81\167\201\150\166\235\166\167\167\218\150\150\150\183\30\201\47\183\167\235\47\65\65\167\64\64\64\102\158\142\140\143\150\151\138\150\151\142\142\139\143\143\150\148\147\141\150\142\140\143\150\150\138\150\150\142\142\139\150\148\148\139\143\143\150\149\65\66\14\87\231\64\113\209\235\45\189\25\45\189\2\166\166\166\117\140\22\235\117\22\189\25\117\22\189\235\166\117\117\25\117\117\189\189\2\166\166\117\140\232\212\117\189\235\166\117\94\25\117\94\189\189\65\66\216\83\91\64\110\31\31\28\249\201\95\208\208\208\123\0\199\9\123\123\227\47\123\123\227\9\208\123\123\47\123\123\227\227\28\30\95\249\208\208\208\199\9\123\0\227\47\123\0\227\9\65\65\250\64\64\64\115\210\203\206\215\203\206\211\211\214\210\210\210\206\202\209\195\211\215\195\211\209\210\203\203\215\203\203\211\211\214\210\210\200\204\209\203\203\211\215\203\203\211\214\210\210\200\195\208\203\211\209\65\65\191\64\64\64\137\151\142\137\146\142\137\150\150\147\151\151\141\142\136\149\142\150\148\151\142\137\146\142\137\150\150\147\151\151\151\139\139\148\142\141\150\146\142\141\150\148\151\142\135\146\142\135\150\150\147\151\151\141\137\148\139\150\146\139\150\147\151\151\151\139\136\148\141\150\146\141\150\148\65\65\189\64\64\64\142\149\143\141\144\143\141\148\148\145\149\149\149\142\141\150\138\148\144\138\148\150\149\132\144\132\148\148\145\149\149\143\132\151\140\148\150\149\142\144\142\148\148\145\149\149\143\140\138\150\140\138\148\144\140\138\148\145\149\149\149\143\133\150\140\140\148\144\140\140\148\150\149\143\143\144\143\143\148\65\65\169\64\64\64\143\128\133\129\129\157\153\130\155\128\132\155\128\133\129\129\129\154\144\130\159\128\132\159\128\130\129\152\155\132\152\155\128\128\133\129\129\129\154\152\130\158\128\132\158\128\130\129\152\154\132\152\154\128\128\133\129\129\154\157\131\152\128\130\129\152\155\132\152\155\128\128\133\129\129\129\154\155\130\155\65\66\94\75\227\64\143\33\77\132\33\55\22\132\143\77\132\143\33\33\66\22\22\154\176\44\121\33\55\22\121\143\77\121\143\33\33\66\22\22\22\154\143\55\132\33\77\132\33\55\22\121\154\77\121\154\33\33\66\22\22\132\176\55\209\33\77\209\33\66\22\22\22\154\165\55\143\33\77\143\33\55\22\121\198\77\65\65\226\64\64\64\148\211\218\203\203\206\202\202\209\214\201\214\203\207\214\203\206\214\210\206\202\202\202\209\219\201\219\203\207\219\203\201\202\211\219\207\211\219\203\203\206\202\202\208\211\213\200\211\203\201\202\211\211\207\211\211\203\203\206\202\202\209\211\200\211\203\201\202\209\207\209\203\203\206\202\202\202\209\214\201\211\215\203\207\211\65\64\253\64\64\64\141\50\38\40\37\53\42\53\38\38\41\37\37\48\52\39\46\38\40\37\52\42\52\38\38\41\37\37\48\45\40\48\38\42\48\38\41\49\49\41\37\37\47\48\46\39\46\38\40\37\46\47\42\46\47\38\38\122\122\41\120\104\58\37\37\46\46\48\40\46\53\38\42\46\53\38\41\95\65\64\198\64\64\64\138\3\65\238\238\238\247\254\246\241\247\246\239\243\247\246\239\241\238\247\251\243\247\251\239\239\242\238\238\248\248\250\240\247\239\241\238\253\243\253\239\239\242\238\238\248\248\249\240\247\239\241\238\252\243\252\239\239\242\238\238\248\247\251\241\255\239\243\255\239\242\248\247\254\242\65\65\181\64\64\64\153\135\132\131\153\157\157\135\134\133\158\132\129\156\152\132\129\156\153\157\157\157\135\135\130\158\132\128\156\152\132\128\156\158\157\128\152\128\156\156\153\157\157\135\132\133\159\132\156\158\157\132\129\152\132\129\156\156\153\157\157\157\135\135\140\158\132\134\156\152\132\134\156\158\157\132\141\152\132\141\156\156\153\157\157\157\135\132\141\158\65\65\15\64\64\64\141\62\55\38\34\62\55\38\36\39\60\34\60\38\38\35\39\39\39\61\61\59\36\59\38\34\59\38\36\39\62\55\34\62\55\38\38\35\39\39\61\61\60\36\61\38\34\61\38\35\62\59\58\35\39\39\39\61\61\62\36\62\60\38\34\62\60\38\36\39\61\61\34\61\61\38\38\35\65\66\176\81\49\64\101\88\88\88\2\2\36\139\241\104\105\173\241\104\105\139\88\2\241\173\2\241\105\105\156\88\88\2\241\224\122\241\105\139\88\241\70\173\65\64\234\64\64\64\113\27\32\19\19\22\18\18\18\28\27\29\21\27\28\19\23\27\28\19\21\18\28\27\23\28\27\19\19\22\18\18\28\27\30\21\27\31\19\23\27\31\19\22\18\18\18\28\27\29\65\65\101\64\64\64\130\78\84\86\76\72\84\86\76\78\77\84\85\72\84\85\76\76\73\77\77\84\81\80\78\93\76\72\93\76\73\77\77\77\87\87\93\78\84\93\76\72\84\93\76\78\77\84\81\72\84\81\76\76\73\77\77\87\86\85\79\84\76\78\77\84\85\65\64\224\64\64\64\134\13\17\16\9\9\12\8\8\8\18\17\18\11\17\20\9\13\17\20\9\11\8\17\23\13\17\23\9\9\12\8\8\18\17\18\10\17\9\11\8\17\24\13\17\24\9\9\12\8\8\8\18\17\20\11\17\20\9\13\17\20\9\11\8\17\21\13\17\21\9\65\64\83\64\64\64\120\124\127\123\123\133\133\139\126\133\124\128\133\124\127\123\123\133\133\139\125\132\124\126\123\139\128\139\124\124\127\123\123\123\133\132\136\126\132\133\124\128\132\133\124\126\123\137\128\137\124\124\127\123\123\123\133\65\66\243\75\227\64\113\36\3\204\14\91\182\226\14\91\182\204\171\14\47\226\14\47\182\182\215\171\171\25\25\14\204\91\182\226\91\182\215\25\25\14\215\25\36\47\215\171\171\14\47\69\193\14\182\204\65\64\245\64\64\64\119\29\38\39\34\38\39\30\30\114\114\33\112\96\50\29\29\38\43\37\31\38\30\32\29\38\46\34\38\46\30\30\33\87\50\112\29\29\39\39\42\31\38\30\32\29\38\38\34\38\38\30\30\33\29\29\65\64\88\64\64\64\140\138\137\131\137\145\129\133\137\145\129\132\138\136\132\128\128\137\141\130\137\129\131\128\137\137\133\137\137\129\129\132\137\145\138\132\128\128\128\138\138\143\131\137\144\129\133\137\144\129\131\128\145\133\145\129\129\132\137\141\132\128\128\128\137\140\131\140\129\133\140\129\131\128\138\137\133\65\66\110\75\227\64\134\148\137\49\49\82\38\38\192\60\137\49\71\38\181\93\181\49\49\82\225\82\38\38\38\203\71\137\159\49\93\137\159\49\71\38\148\159\93\148\159\49\49\205\205\82\183\7\13\38\38\159\192\60\137\49\71\38\137\225\93\137\225\49\49\82\164\13\183\38\38\65\64\243\64\64\64\148\27\36\35\36\30\36\39\28\32\36\39\28\30\27\40\32\40\28\28\31\36\40\38\31\27\27\36\40\37\29\36\28\30\27\36\39\32\36\39\28\28\31\36\39\42\31\36\39\40\31\27\27\36\38\38\30\36\36\28\32\36\36\28\31\27\27\36\40\37\29\36\28\30\27\36\40\32\36\40\28\28\31\27\27\65\65\241\64\64\64\113\192\197\192\219\192\216\218\217\192\195\220\192\195\216\216\221\217\217\192\194\196\219\192\216\218\217\198\220\198\216\216\221\217\217\217\192\194\194\218\192\201\216\220\192\201\216\218\217\201\65\65\217\64\64\64\112\244\225\240\240\245\241\241\241\232\237\237\242\232\233\240\244\232\233\240\242\241\232\237\244\232\237\240\240\245\241\241\232\237\237\243\232\240\242\241\236\244\236\240\240\245\241\241\241\65\65\125\64\64\64\100\76\72\74\86\68\84\80\68\84\86\85\79\77\80\79\77\84\84\81\75\69\81\85\85\76\73\73\86\73\84\80\73\84\81\85\85\65\64\187\64\64\64\102\236\239\242\229\236\228\230\227\243\232\243\228\228\231\236\238\238\231\227\227\236\238\241\229\236\228\230\227\236\244\232\236\244\228\228\231\227\227\65\66\30\85\125\64\120\140\182\165\35\56\123\207\35\56\123\186\102\102\35\77\119\165\203\123\207\203\123\186\102\102\35\98\161\144\35\123\165\102\119\207\119\123\123\186\102\102\35\98\140\144\35\123\165\102\182\207\182\123\123\186\102\65\66\201\85\125\64\147\17\17\206\248\97\80\206\13\38\122\206\13\38\80\17\248\122\248\38\38\101\17\17\17\206\13\206\80\206\97\38\122\206\97\38\80\17\206\34\122\206\34\38\38\101\17\17\206\248\118\80\206\227\38\122\206\227\38\101\17\17\17\206\34\248\80\206\97\38\122\206\97\38\80\17\206\55\122\206\55\38\38\101\65\65\205\64\64\64\140\229\229\229\252\248\253\230\254\228\224\254\228\230\229\252\249\224\252\249\228\228\225\229\229\229\252\254\254\230\250\228\224\250\228\230\229\252\251\224\252\251\228\228\225\229\229\229\252\248\255\230\254\228\224\254\228\230\229\252\251\224\252\251\228\228\225\229\229\252\249\252\230\252\249\228\224\65\66\117\69\13\64\136\106\121\66\81\61\61\106\121\136\76\116\66\86\116\66\81\106\121\131\81\61\61\131\141\76\131\66\86\131\66\81\61\61\106\121\136\71\106\66\76\61\106\106\86\106\106\66\66\81\61\61\106\121\131\76\146\66\86\146\66\81\61\61\131\141\71\106\66\76\61\121\86\65\66\21\87\231\64\118\193\196\196\9\173\173\124\216\124\219\124\196\242\173\147\147\32\147\147\196\196\9\173\173\124\216\147\219\124\196\242\173\124\124\32\124\124\196\196\9\173\173\173\124\170\170\242\124\124\196\32\124\124\196\65\64\117\64\64\64\147\160\157\170\162\170\158\158\161\157\157\166\170\165\159\166\158\160\157\166\166\162\166\166\158\158\161\157\157\166\170\167\159\166\158\160\157\170\162\170\158\158\161\157\157\157\166\170\168\160\170\158\162\170\158\160\157\166\168\162\166\168\158\158\161\157\157\166\169\173\159\166\158\160\157\167\167\162\167\167\158\158\161\157\65\65\112\64\64\64\147\88\88\72\66\91\65\73\89\93\65\73\89\91\88\65\69\93\65\69\89\89\141\141\92\139\155\77\88\88\88\65\66\71\91\65\72\89\93\65\72\89\91\88\71\93\71\89\89\92\146\77\139\88\88\65\73\66\90\65\89\91\88\65\64\93\65\64\89\89\92\66\68\68\92\88\88\66\68\67\91\71\89\93\65\66\251\69\13\64\118\14\200\215\195\195\245\250\19\210\240\255\200\220\240\255\200\215\195\195\195\240\4\24\210\19\200\220\19\200\210\195\245\245\220\245\245\200\200\215\240\24\255\215\195\195\245\250\19\205\240\200\210\195\9\65\64\107\64\64\64\148\152\161\148\148\151\147\147\147\157\158\162\150\163\148\152\163\148\150\147\156\158\152\156\158\148\148\151\147\147\157\157\164\150\160\148\152\160\148\151\147\147\147\157\158\157\150\156\162\148\152\156\162\148\150\147\156\164\152\156\164\148\148\151\147\147\157\158\155\150\158\148\152\158\148\151\147\147\156\160\164\149\156\148\150\65\66\206\75\227\64\107\134\43\189\43\145\145\178\134\134\244\233\222\156\233\145\167\134\54\189\54\145\145\178\134\134\244\10\255\167\21\145\189\21\145\178\134\134\244\244\10\167\255\145\65\64\4\64\64\64\115\49\55\45\48\44\44\54\56\55\47\53\59\45\49\53\59\45\48\44\44\44\54\54\60\47\60\45\49\60\45\47\44\56\49\56\45\45\48\44\44\53\60\57\47\59\45\49\59\45\48\44\65\65\206\64\64\64\128\230\255\251\247\229\255\250\231\227\255\250\231\51\51\226\53\37\243\230\230\251\255\228\255\231\229\230\255\246\227\255\246\231\231\226\44\243\53\255\253\248\226\230\230\255\252\250\228\255\231\229\230\251\227\251\231\231\226\230\230\246\253\228\255\65\64\98\64\64\64\137\139\141\138\147\148\143\147\148\139\139\142\138\138\147\147\154\141\152\139\143\152\139\142\138\138\138\147\152\148\141\152\139\143\152\139\141\138\147\151\143\147\151\139\139\142\138\138\138\147\152\147\141\148\139\143\148\139\141\138\153\143\153\139\139\142\147\152\153\142\138\138\147\152\65\64\142\64\64\64\123\195\185\191\197\183\187\191\197\183\186\182\182\182\191\196\192\185\193\183\187\193\183\185\182\191\196\187\191\196\183\183\186\182\182\182\191\195\199\185\193\183\187\193\183\185\182\192\191\187\192\191\183\183\11\11\186\9\249\203\65\65\228\64\64\64\133\204\204\215\221\206\213\205\207\204\213\211\201\213\211\205\205\200\6\217\31\204\204\213\214\208\206\213\205\207\204\213\215\201\213\215\205\205\200\213\208\221\200\204\204\204\213\208\211\207\213\214\205\201\213\214\205\207\204\215\201\215\205\205\200\204\204\213\209\212\65\64\236\64\64\64\132\22\29\21\23\20\30\31\25\30\31\21\21\24\29\31\34\24\29\31\37\24\20\20\35\29\22\29\21\23\20\30\31\25\30\31\21\21\24\20\20\29\30\32\22\29\21\23\20\29\37\25\29\37\21\21\24\20\20\29\29\30\22\29\21\23\20\37\25\65\65\152\64\64\64\118\161\177\177\101\101\180\99\115\165\176\176\171\160\179\172\177\181\172\177\180\122\165\99\176\176\169\168\173\179\173\177\181\173\177\180\176\176\176\169\172\161\179\161\177\181\161\177\179\176\169\175\181\169\175\65\64\246\64\64\64\102\31\31\34\30\30\30\39\42\45\33\39\42\31\35\39\42\31\33\30\40\41\35\40\41\31\31\34\30\30\39\43\38\33\39\47\31\35\39\65\65\138\64\64\64\138\179\163\166\162\162\187\190\188\161\187\190\163\167\187\190\163\166\162\162\187\185\179\161\189\163\167\189\163\166\162\162\187\191\190\160\187\163\161\162\184\187\167\184\187\163\163\166\162\162\187\185\179\161\187\178\163\167\187\178\163\166\162\162\187\190\188\160\187\163\161\162\189\167\189\65\65\160\64\64\64\103\137\137\140\136\136\136\145\149\153\139\153\137\141\153\137\139\136\145\149\141\145\149\137\137\140\136\136\151\144\138\145\137\139\136\145\152\141\145\152\65\64\155\64\64\64\133\196\196\199\195\195\204\208\205\197\204\196\198\195\204\211\200\204\211\196\196\199\204\206\212\199\195\195\195\204\207\210\198\211\196\200\211\196\198\195\205\206\200\205\206\196\196\199\195\195\195\204\207\212\198\204\207\196\200\204\207\196\198\195\206\200\206\196\196\199\65\66\19\75\227\64\130\203\203\46\90\101\236\90\214\2\90\214\247\203\203\46\68\134\225\46\214\236\203\79\2\79\214\214\247\203\203\46\90\68\236\46\112\214\2\46\112\214\247\203\203\203\112\35\236\112\214\2\112\214\236\203\46\101\2\46\101\214\214\247\46\90\79\65\64\82\64\64\64\128\126\131\134\132\126\122\122\131\133\139\124\131\123\125\122\131\130\127\131\130\123\123\126\122\122\137\130\125\136\123\127\136\123\126\122\122\122\131\135\133\125\131\132\123\127\131\132\123\125\122\131\133\127\131\133\123\123\126\122\122\131\133\137\125\65\64\141\64\64\64\142\190\193\182\186\190\193\182\185\181\181\190\194\191\183\190\182\184\181\190\189\186\190\189\182\182\185\181\181\181\190\193\192\184\196\182\186\196\182\184\181\193\186\193\182\182\185\190\194\189\185\190\194\193\185\181\181\196\189\183\190\182\184\181\195\186\195\182\182\185\181\181\190\193\191\183\190\182\184\65\66\0\83\91\64\109\248\163\144\87\163\144\11\11\68\248\248\248\163\239\239\49\163\163\11\87\163\163\11\49\248\182\182\87\182\182\11\11\68\248\248\163\201\2\49\220\11\87\220\11\68\65\65\216\64\64\64\103\240\240\224\236\242\233\241\243\240\233\224\245\233\224\241\241\37\37\244\35\51\229\240\240\240\233\234\238\243\233\233\241\245\233\233\241\243\240\238\65\65\217\64\64\64\149\244\239\240\240\245\59\228\34\241\241\241\235\233\233\242\239\240\244\239\240\242\241\232\232\244\232\232\240\240\245\241\241\235\233\236\242\236\240\244\236\240\245\241\241\232\224\225\242\232\224\240\244\232\224\240\245\241\241\235\233\237\242\224\240\244\224\240\245\241\241\232\224\235\242\238\240\244\238\240\245\241\241\241\232\224\65\64\32\64\64\64\137\85\75\83\73\77\83\73\75\72\82\82\77\82\82\73\73\76\72\72\82\80\88\74\81\73\75\72\81\87\77\81\87\73\73\76\72\72\82\81\80\74\81\73\75\72\81\80\77\81\80\73\73\76\72\72\81\85\88\75\83\73\77\83\73\76\72\72\72\81\89\88\75\83\65\66\205\67\235\64\138\72\84\102\72\78\69\96\120\84\96\120\72\72\81\69\69\99\105\102\78\120\72\84\120\72\81\99\99\105\81\69\69\96\108\117\78\111\72\84\111\72\81\69\69\69\99\93\99\78\114\72\84\114\72\78\69\111\84\111\72\72\81\69\69\99\102\114\75\96\72\78\69\96\108\65\66\239\67\235\64\134\118\130\142\106\106\115\103\103\133\133\136\109\130\106\112\103\130\142\118\130\142\106\106\115\133\133\145\115\103\103\133\133\148\112\130\139\106\118\130\139\106\115\103\103\133\133\145\112\136\106\118\136\106\115\103\103\130\142\154\112\130\127\106\118\130\127\106\102\102\115\65\66\143\87\231\64\138\156\44\10\39\39\39\246\128\174\108\246\13\62\154\246\13\62\108\39\246\59\154\246\59\62\62\131\93\10\156\39\39\13\82\82\85\246\62\108\39\246\246\154\246\246\62\62\131\39\39\36\59\108\246\223\62\154\246\223\62\131\59\13\131\39\39\39\13\246\246\108\13\62\154\65\66\124\83\91\64\135\50\135\173\116\107\211\107\135\135\192\126\192\116\116\50\88\154\31\135\173\116\31\12\211\31\12\135\135\192\116\116\116\69\145\173\31\69\135\211\31\69\135\173\116\31\107\211\31\107\135\135\192\116\116\88\31\173\31\164\135\211\31\164\135\192\116\116\116\50\88\173\65\66\117\77\5\64\104\242\38\138\190\242\38\138\164\125\255\242\190\255\242\138\138\177\125\125\12\64\164\90\138\190\90\138\177\125\125\125\255\242\242\164\77\138\190\77\138\65\65\176\64\64\64\111\155\152\130\131\157\130\131\153\153\156\152\152\152\130\132\137\155\137\153\157\137\153\155\152\129\134\157\129\134\153\153\156\152\152\130\136\154\129\153\155\152\134\157\134\153\153\156\65\65\245\64\64\64\152\221\221\198\198\223\196\220\222\221\193\216\193\220\220\217\221\221\199\198\222\196\205\220\216\196\205\220\217\221\221\199\193\222\196\205\220\216\196\205\220\217\221\221\198\194\222\205\220\216\205\220\217\221\221\221\199\196\196\222\196\193\220\216\196\193\220\222\221\194\216\194\220\220\217\221\221\221\199\222\196\198\220\216\196\198\220\222\221\65\65\206\64\64\64\155\252\253\227\252\253\231\231\226\230\230\253\228\255\231\229\230\252\255\227\252\255\231\231\226\230\230\252\255\255\229\246\231\227\246\231\226\253\246\226\230\230\250\254\229\255\255\231\227\255\255\231\226\230\230\230\252\252\229\248\231\227\248\231\229\230\252\253\227\252\253\231\231\226\230\230\230\252\252\229\248\231\227\248\231\229\230\255\250\227\255\250\65\64\5\64\64\64\109\46\46\49\45\45\55\57\47\54\46\48\45\54\54\50\54\54\46\46\49\45\45\56\61\48\58\46\50\58\46\49\45\45\56\61\47\54\46\48\45\54\56\50\54\56\65\64\175\64\64\64\154\216\216\219\215\215\225\228\217\224\216\218\215\231\220\231\216\216\219\215\215\227\223\218\232\216\220\232\216\219\215\215\226\224\218\224\232\216\220\224\232\216\219\215\215\215\226\224\218\224\228\216\220\224\228\216\218\215\224\229\220\224\229\216\216\219\215\215\215\227\227\218\227\216\220\227\216\218\215\224\228\220\224\228\216\216\219\215\215\215\225\65\66\116\77\5\64\126\241\241\163\50\137\189\50\137\163\124\254\11\189\254\11\137\137\176\124\124\124\254\228\163\241\24\137\189\241\24\137\163\124\241\11\189\241\11\137\137\176\124\124\124\254\11\163\254\137\189\254\137\163\124\89\189\89\137\137\176\124\124\65\64\4\64\64\64\130\54\55\47\59\45\49\59\45\48\44\44\54\56\46\53\45\47\44\53\55\49\53\55\45\45\48\44\44\44\54\55\47\56\45\49\56\45\47\44\53\55\49\53\55\45\45\48\54\54\57\129\129\129\14\99\75\95\122\86\84\87\120\85\88\99\104\65\66\171\83\91\64\118\163\163\154\220\78\78\211\2\78\78\211\182\182\146\50\61\90\213\4\71\118\232\213\163\202\4\241\14\3\221\116\23\240\116\118\230\137\183\97\182\105\11\11\175\232\4\222\175\11\32\116\145\251\118\65\66\151\81\49\64\106\230\24\9\214\9\146\230\164\230\78\162\109\9\231\26\75\248\43\230\59\63\63\11\114\216\199\96\148\216\199\96\80\80\196\162\44\42\25\24\95\61\250\65\66\187\85\125\64\131\239\142\234\88\104\109\79\213\92\141\91\91\151\214\218\176\151\91\205\12\214\63\84\105\96\138\20\117\188\210\252\141\91\91\25\214\21\91\239\75\46\100\134\4\235\79\42\188\3\3\192\45\192\24\66\3\192\20\108\192\20\24\24\87\154\222\234\65\66\140\85\125\64\145\246\188\41\87\209\70\7\70\179\87\82\150\44\192\167\94\44\44\44\44\158\221\167\16\37\58\49\91\229\70\3\192\28\255\53\87\213\188\32\251\45\141\175\187\246\188\41\87\209\70\7\70\179\87\82\150\3\192\28\255\53\87\213\188\32\251\45\61\175\187\246\188\41\87\209\70\7\70\179\87\82\65\66\9\85\125\64\125\208\219\169\169\169\169\166\103\169\27\90\36\141\162\183\174\216\98\195\128\61\153\124\178\212\82\57\157\120\170\245\81\81\249\144\56\102\186\56\102\169\141\145\82\15\169\27\90\36\141\162\183\174\216\98\195\128\61\153\124\178\65\64\19\64\64\64\106\114\120\131\87\134\112\80\93\96\130\135\136\137\100\102\72\101\110\119\99\122\88\114\120\131\87\134\112\62\59\59\69\72\73\61\68\60\62\59\71\64\71\65\64\8\64\64\64\120\49\49\40\109\118\108\18\40\40\109\118\108\18\40\40\116\119\107\105\116\40\116\119\73\65\89\106\93\113\120\122\123\83\108\129\69\124\105\106\116\109\54\125\118\120\105\107\115\40\119\122\40\125\118\120\105\65\64\229\64\64\64\104\72\80\239\5\5\81\84\72\70\81\5\80\68\59\41\27\42\63\51\29\71\79\34\88\43\70\25\47\82\56\22\13\88\43\70\25\47\82\56\22\65\66\201\71\247\64\101\225\98\186\253\225\147\252\203\126\245\168\210\203\225\232\189\210\126\112\189\169\182\116\225\225\32\39\53\246\32\46\232\4\32\46\232\102\65\65\157\64\64\64\110\113\114\126\124\113\189\127\160\102\181\181\175\174\164\183\172\180\182\181\174\176\174\180\180\177\181\181\175\169\173\183\172\180\182\181\164\176\164\180\180\177\181\181\181\175\174\65\64\159\64\64\64\147\215\202\208\209\200\204\208\209\200\202\199\212\204\212\200\200\203\209\209\216\203\199\199\209\210\211\202\208\214\200\204\208\214\200\203\199\199\209\209\214\201\208\200\202\199\208\212\204\208\212\200\200\28\218\5\14\17\191\8\220\199\199\208\202\210\200\204\210\200\203\194\1\191\3\14\191\11\14\2\0\11\191\21\65\65\143\64\64\64\104\178\109\84\102\82\162\100\180\175\102\105\175\121\179\167\167\191\164\190\182\166\162\190\182\166\175\123\103\106\97\175\121\178\121\164\167\167\189\186\185\65\66\108\85\125\64\130\243\176\201\29\176\201\12\181\114\160\67\12\118\227\9\13\109\219\240\198\9\114\223\50\139\244\97\198\180\26\201\12\181\114\160\67\12\198\181\240\5\198\114\12\240\97\118\72\181\50\139\135\114\139\97\240\180\118\201\12\181\114\160\201\180\201\65\65\226\64\64\64\122\203\206\202\4\23\12\1\22\11\13\12\202\203\14\13\1\3\14\194\9\223\202\202\202\213\208\201\213\203\207\213\203\201\202\208\208\207\208\208\203\203\217\14\13\1\3\14\194\0\223\25\202\202\211\213\211\200\211\65\65\232\64\64\64\151\193\195\192\217\216\197\217\216\193\193\196\192\192\217\223\222\194\217\193\195\192\219\197\219\193\193\196\192\192\217\222\209\195\220\193\197\220\193\196\192\192\217\208\222\194\217\193\195\192\217\222\197\217\222\193\193\21\211\14\7\26\200\1\213\192\192\192\217\195\217\217\193\197\217\217\193\195\192\217\219\197\217\219\193\193\196\203\65\65\35\64\64\64\140\193\3\199\204\3\207\204\192\194\207\3\213\30\193\248\202\254\14\200\24\3\202\197\3\213\31\11\11\19\9\18\10\8\11\17\16\14\17\16\10\10\3\215\203\198\205\3\213\30\213\8\11\11\11\17\22\21\8\18\16\10\14\18\16\10\8\11\18\27\14\18\27\10\10\3\198\65\64\226\64\64\64\126\80\70\29\2\68\61\75\63\31\85\86\84\75\80\73\16\69\74\67\84\10\88\11\2\71\80\70\29\2\84\71\86\87\84\80\2\86\67\68\78\71\16\69\81\80\69\67\86\10\68\11\2\71\80\70\11\10\11\11\10\78\81\65\64\243\64\64\64\144\52\44\68\85\72\92\99\101\102\62\87\108\27\61\64\98\103\104\105\68\70\40\69\28\28\253\19\19\95\98\86\84\95\19\96\43\76\84\92\92\96\82\44\66\77\107\64\48\27\27\74\38\53\99\92\82\100\69\66\69\62\82\33\94\29\27\27\27\38\38\30\39\28\32\39\28\30\27\37\37\65\64\200\64\64\64\134\245\250\250\241\241\241\243\240\240\240\249\255\243\249\253\241\245\249\253\241\243\240\255\245\255\241\241\241\237\240\240\250\253\249\243\250\241\245\250\241\243\240\240\249\243\251\241\245\251\241\210\232\232\52\55\43\41\52\232\61\10\22\255\47\22\27\42\27\42\57\65\65\123\64\64\64\100\70\128\136\189\154\79\177\150\168\74\83\164\188\160\83\157\142\149\152\143\146\148\149\83\82\151\148\152\154\151\91\144\70\83\83\74\65\64\218\64\64\64\131\17\12\4\11\3\5\2\12\11\7\12\11\3\3\21\70\73\61\59\70\250\60\23\85\2\2\13\11\4\11\3\5\2\12\11\7\12\11\3\3\6\2\2\13\12\4\11\3\5\2\12\13\7\12\13\3\3\6\2\2\13\10\4\11\3\5\2\65\64\243\64\64\64\105\41\32\41\28\28\31\27\27\27\37\36\30\36\44\28\32\36\44\28\30\27\36\38\32\36\38\28\28\31\27\27\37\41\30\36\42\28\32\36\42\28\65\65\126\64\64\64\133\82\79\71\131\69\152\145\140\94\151\67\86\86\79\85\73\87\83\73\87\82\93\156\94\154\145\94\146\145\157\159\146\94\136\67\156\165\151\163\83\149\69\94\151\152\94\136\66\86\86\78\84\79\87\85\86\72\83\72\87\87\94\138\150\155\144\94\136\67\65\64\162\64\64\64\105\24\205\202\202\212\215\216\204\211\203\205\202\217\207\217\203\203\194\7\16\6\221\194\4\253\11\255\223\21\22\20\11\16\9\208\5\10\3\20\202\24\65\66\112\83\91\64\112\123\208\239\154\220\209\208\230\239\12\31\230\154\208\12\163\182\116\239\218\201\173\154\201\163\12\104\182\123\208\239\154\220\123\104\123\87\180\104\2\31\154\201\12\59\173\154\104\65\64\242\64\64\64\149\27\94\97\85\83\94\18\93\47\26\26\36\36\37\28\35\27\29\26\39\31\39\27\27\45\94\97\85\83\94\18\84\47\109\26\26\40\39\28\35\27\29\26\35\35\31\35\35\27\27\30\26\26\26\42\42\29\40\27\31\40\27\29\26\35\39\31\35\39\27\27\30\26\26\42\37\29\35\35\27\31\35\35\27\30\65\64\102\64\64\64\154\142\142\156\158\145\151\156\143\147\151\156\143\227\161\204\213\216\134\207\163\151\146\137\200\134\202\213\134\210\213\201\199\210\134\220\163\200\193\207\195\147\209\161\134\207\204\134\220\162\150\134\218\206\203\212\134\220\163\220\145\142\142\152\155\156\145\156\143\147\156\143\134\203\212\202\161\134\200\193\207\195\163\217\218\216\207\212\205\148\201\65\64\152\64\64\64\138\0\249\10\192\14\193\184\253\6\252\211\184\10\253\12\13\10\6\184\12\249\250\4\253\198\251\7\6\251\249\12\192\250\193\184\253\6\252\193\192\193\193\192\3\247\238\220\206\221\242\230\208\250\2\196\192\192\201\194\201\193\195\192\209\197\209\193\193\196\187\3\247\238\220\65\66\0\71\247\64\155\122\227\118\34\136\174\230\31\107\70\224\224\202\9\30\224\37\167\122\69\80\79\86\41\171\24\24\87\38\87\31\45\24\87\122\59\87\122\31\31\52\245\51\206\34\129\209\34\69\174\69\174\23\224\188\9\224\51\206\34\129\209\34\69\174\69\174\23\125\37\167\122\69\80\79\86\41\139\171\24\51\206\34\129\209\34\69\174\69\174\23\65\65\157\64\64\64\129\70\110\124\171\78\173\100\103\82\64\182\112\165\68\124\116\116\112\66\164\82\71\101\80\180\184\175\168\171\189\120\115\121\151\189\189\74\174\95\109\116\66\108\79\82\79\86\66\179\118\160\112\165\68\124\116\116\112\66\164\82\71\101\80\166\65\64\17\64\64\64\121\49\104\68\83\129\122\112\130\99\96\99\92\112\63\115\78\134\83\95\72\120\95\100\115\100\115\130\27\49\49\131\118\133\134\131\127\49\124\112\103\85\71\86\107\95\73\115\123\27\118\127\117\27\125\128\116\114\65\64\79\64\64\64\142\187\111\148\135\129\187\192\151\198\176\156\183\186\177\194\195\89\179\190\89\111\111\187\190\178\176\187\111\201\174\196\177\181\164\151\194\191\197\140\181\196\189\178\195\184\190\189\119\120\89\184\181\111\194\149\176\131\153\188\162\128\119\174\150\123\113\171\128\128\133\171\128\129\128\171\128\128\129\65\66\92\75\227\64\139\80\119\108\119\210\31\20\113\105\69\110\226\204\237\88\215\248\113\168\20\20\130\53\119\185\75\119\185\31\31\91\31\198\251\110\226\204\237\88\215\248\113\168\20\20\174\53\152\152\75\152\152\31\31\188\88\212\179\22\188\66\179\88\99\66\22\188\190\135\0\77\179\188\179\22\65\66\90\75\227\64\130\166\200\186\186\221\188\186\75\92\133\150\136\9\235\117\18\111\103\62\18\188\97\20\155\86\221\31\20\18\29\254\31\155\133\254\186\243\249\18\18\117\161\117\40\117\29\51\18\128\139\73\128\139\29\29\227\254\31\155\133\254\186\144\249\163\18\65\66\97\71\247\64\114\121\121\184\184\142\184\233\128\156\184\233\128\142\121\240\156\240\128\128\149\184\219\149\121\121\226\135\184\128\142\121\184\177\156\184\177\128\128\149\121\121\191\212\191\142\184\177\128\156\184\65\64\5\64\64\64\103\53\46\130\64\107\116\119\37\110\66\45\45\45\54\48\56\46\50\56\46\48\45\60\50\60\46\46\49\40\103\37\105\116\37\113\116\104\102\113\65\65\86\64\64\64\103\118\160\107\180\141\191\139\123\189\109\118\191\176\118\160\106\126\126\102\124\103\127\125\126\103\101\123\103\101\127\127\118\162\190\179\184\118\160\107\65\66\14\75\227\64\145\32\231\198\198\52\85\96\231\63\209\253\63\209\110\101\200\90\151\110\68\247\145\13\173\255\10\244\145\200\123\8\79\134\57\244\198\32\209\110\101\200\90\151\110\244\101\10\21\244\200\110\10\57\68\178\101\8\79\211\200\79\57\10\198\68\209\110\101\200\90\209\198\209\209\198\35\27\247\32\148\126\65\64\195\64\64\64\124\22\55\20\23\34\39\235\235\247\238\249\245\240\249\245\236\236\32\236\65\0\57\21\19\22\55\20\23\34\39\235\235\250\238\247\251\240\247\251\236\236\227\55\43\40\49\227\53\40\55\56\53\49\227\41\36\47\54\40\227\65\65\255\64\64\64\153\26\17\27\245\223\223\13\26\11\10\13\17\223\11\13\10\26\245\223\223\26\17\27\245\223\223\19\16\28\30\19\223\56\52\205\56\39\22\17\48\28\16\5\13\47\62\196\223\27\16\223\19\16\28\30\19\223\62\24\32\60\198\198\29\60\12\46\194\215\215\215\206\212\202\214\210\202\214\212\215\206\202\210\206\202\214\214\196\223\65\65\207\64\64\64\123\8\4\253\8\23\38\33\0\44\32\53\61\31\14\242\14\40\16\12\246\246\45\12\60\30\239\42\33\43\197\239\239\35\32\44\46\35\239\22\38\3\62\57\46\38\253\14\1\41\244\239\43\32\239\35\32\44\46\35\65\64\138\64\64\64\124\170\255\253\190\237\194\215\240\220\233\222\199\5\7\197\170\227\243\214\251\0\235\243\188\203\216\240\199\255\253\190\237\194\215\240\220\233\222\170\239\248\238\148\170\170\227\243\214\251\0\235\243\188\203\216\240\229\178\178\187\65\65\80\64\64\64\126\122\97\121\123\120\97\101\125\97\101\121\121\141\109\182\165\190\179\164\185\191\190\120\126\126\126\121\112\162\181\164\165\162\190\112\170\143\165\178\182\133\152\163\160\166\120\126\126\126\121\112\181\190\180\90\112\112\149\104\98\188\161\65\64\252\64\64\64\119\68\115\93\73\100\103\94\111\112\57\98\113\106\95\112\101\107\106\36\42\42\42\37\6\28\28\28\28\104\107\95\93\104\28\81\66\52\45\52\62\106\82\61\80\75\105\57\45\6\28\28\28\28\115\100\65\65\209\64\64\64\112\56\61\52\241\37\35\36\52\241\53\62\219\241\241\241\241\241\241\56\55\241\4\23\233\224\233\19\63\7\16\5\30\60\236\236\224\241\37\57\52\63\219\241\241\241\241\241\241\65\64\185\64\64\64\128\217\217\43\30\45\46\43\39\217\18\34\5\42\47\26\34\235\250\7\31\20\0\4\235\0\17\34\39\8\28\40\51\43\9\250\22\225\231\231\231\226\195\217\217\217\217\217\217\30\37\44\30\195\217\217\217\217\217\217\217\217\43\30\45\65\66\112\71\247\64\136\163\142\114\80\114\79\100\182\80\80\80\80\80\80\51\114\44\182\80\80\80\80\51\114\44\182\80\80\51\114\44\182\51\114\44\182\44\121\182\80\80\79\58\80\114\121\156\80\83\248\206\100\135\104\177\23\139\72\93\30\149\156\136\143\80\156\72\51\114\182\80\80\65\66\93\71\247\64\125\61\61\81\102\18\4\81\61\102\208\18\4\4\71\127\194\120\81\250\61\25\102\61\81\102\18\4\81\61\78\39\222\113\50\123\222\50\8\95\60\81\250\61\102\208\18\4\4\71\127\194\120\81\8\78\39\222\113\50\123\222\65\64\230\64\64\64\136\41\6\75\84\74\240\6\6\6\6\85\27\73\71\71\44\52\25\51\82\14\15\240\6\6\75\84\74\240\75\84\74\240\82\85\73\71\82\6\87\43\43\95\93\27\23\87\72\30\42\60\57\79\24\240\74\85\240\6\6\82\85\73\71\82\6\77\53\63\96\49\94\65\65\22\64\64\64\142\35\32\47\43\240\227\248\245\226\255\249\248\62\215\32\220\218\35\37\242\243\240\231\208\236\35\207\63\28\250\249\245\247\250\54\244\37\238\228\229\199\213\224\227\223\213\43\62\215\32\220\218\35\37\242\243\240\231\208\236\35\207\60\62\62\39\36\60\39\63\61\62\39\34\59\39\34\63\65\66\93\69\13\64\124\42\42\62\37\162\107\207\217\102\92\81\86\91\146\187\191\102\26\47\37\37\82\87\52\82\82\42\62\82\82\42\42\143\253\253\121\136\76\66\121\253\187\86\187\202\122\66\76\21\172\121\97\142\37\71\92\181\151\156\242\65\64\75\64\64\64\129\142\193\192\148\142\118\115\115\129\127\118\124\125\116\120\124\125\116\116\120\115\115\129\127\117\124\116\118\115\124\126\120\124\126\116\116\85\107\107\180\177\107\145\176\145\148\132\172\174\163\142\183\127\201\136\115\115\123\117\124\116\118\115\125\125\65\65\160\64\64\64\129\141\146\146\137\137\128\84\72\69\78\128\82\69\84\85\82\78\128\97\150\106\108\149\147\68\69\70\81\102\90\149\121\128\69\78\68\170\128\128\82\69\84\85\82\78\128\97\150\106\108\149\147\68\69\70\81\102\90\149\121\170\128\128\69\78\65\65\100\64\64\64\112\128\110\68\68\136\139\135\133\136\68\163\131\169\144\175\157\145\144\129\176\144\157\138\95\68\128\139\68\136\139\135\133\136\68\135\188\170\93\139\177\170\189\142\171\138\131\89\76\65\64\16\64\64\64\149\56\65\59\68\57\61\68\57\75\48\87\119\93\132\91\137\133\132\117\100\132\137\126\77\115\104\94\73\127\101\94\105\122\95\126\119\48\117\126\116\26\48\48\124\127\115\113\124\48\124\120\93\84\123\65\130\111\130\70\95\75\48\116\127\48\124\127\115\113\124\48\136\131\68\95\128\83\126\68\126\128\70\126\104\77\65\65\177\64\64\64\132\74\76\138\145\93\89\124\117\90\128\67\110\67\135\126\140\73\66\133\126\65\114\95\133\95\65\135\95\105\145\84\95\85\187\145\145\93\89\124\117\90\128\67\110\67\135\126\106\153\153\153\128\154\136\152\156\136\152\154\153\131\130\156\131\130\152\152\108\65\66\144\71\247\64\116\59\90\195\146\69\188\111\153\146\168\210\210\210\175\112\174\83\188\195\174\146\112\97\185\255\230\157\216\3\10\31\168\210\210\210\175\112\83\146\76\214\112\112\167\115\115\223\209\3\231\167\62\65\65\152\64\64\64\112\160\92\78\75\113\170\165\126\109\118\123\108\113\119\118\176\182\182\182\177\146\184\184\184\184\116\119\123\121\116\184\104\97\117\168\82\77\171\111\121\123\97\64\165\169\146\184\184\65\66\6\67\235\64\134\102\102\107\62\65\74\53\102\98\92\101\53\102\50\83\36\102\102\102\102\102\102\65\56\102\86\113\77\150\228\5\159\107\41\47\113\14\189\189\153\102\98\62\53\80\36\102\102\102\102\102\102\102\102\92\53\98\101\92\80\102\74\62\237\210\71\153\92\35\92\65\65\31\64\64\64\104\41\208\196\216\248\210\235\212\230\234\235\250\203\235\230\241\194\55\49\49\49\54\21\63\63\63\63\63\63\250\243\236\250\21\63\63\63\63\63\63\65\66\149\85\125\64\133\53\53\239\222\25\46\239\155\53\155\50\113\103\53\53\53\53\53\53\222\155\201\103\53\53\53\53\222\155\201\103\53\53\222\155\201\103\222\155\201\103\218\62\62\130\88\238\154\218\159\45\41\163\100\50\175\221\221\221\154\7\154\242\28\221\154\133\70\154\65\66\251\87\231\64\113\75\170\170\170\225\247\244\219\175\244\224\178\175\219\103\57\241\66\11\115\167\210\195\204\161\72\219\247\244\219\175\244\224\178\175\219\210\181\230\244\221\80\227\184\184\115\218\83\247\65\64\230\64\64\64\115\35\23\33\6\90\88\96\55\86\46\26\39\94\61\48\35\39\60\51\85\84\89\62\49\49\46\95\78\74\6\75\84\74\33\6\82\85\73\71\82\6\73\71\23\52\85\30\61\84\64\71\65\65\130\64\64\64\140\84\111\100\185\162\102\109\162\110\109\97\99\110\162\64\91\182\181\99\187\68\111\67\114\79\191\170\170\170\179\169\179\182\171\175\179\182\171\169\170\179\187\175\179\187\171\171\185\162\97\99\179\76\109\186\85\108\88\99\84\111\100\191\64\91\182\181\99\187\68\111\67\114\79\162\103\65\65\80\64\64\64\131\190\180\107\112\185\182\112\120\164\162\170\129\160\152\100\145\168\135\154\123\179\177\97\158\191\104\135\190\138\177\134\189\182\121\109\109\120\120\120\99\123\97\100\121\125\97\100\121\123\120\99\125\99\121\121\112\164\184\181\190\112\164\162\170\129\160\152\65\65\139\64\64\64\119\191\74\115\92\65\182\127\121\113\90\123\67\191\74\115\92\65\160\163\163\163\186\160\190\162\166\190\162\160\163\186\188\166\186\188\162\162\171\110\101\111\171\110\101\111\129\111\100\171\103\100\104\106\103\171\65\66\238\67\235\64\122\186\192\38\216\38\141\141\213\47\32\80\231\35\159\78\26\59\78\50\59\23\17\50\78\177\141\74\231\228\59\138\65\165\102\102\126\108\129\105\111\102\150\117\150\105\105\159\78\186\192\38\216\38\141\141\213\47\32\65\64\164\64\64\64\109\26\247\11\225\229\217\24\247\246\19\216\21\196\9\18\8\223\196\27\12\13\16\9\196\232\234\12\242\12\217\217\241\15\10\26\247\11\224\213\196\8\19\196\232\234\65\66\193\83\91\64\156\121\139\121\176\176\120\178\83\131\234\102\72\205\243\121\139\121\176\176\120\178\83\131\234\102\242\100\33\64\235\45\33\64\235\45\127\45\254\33\197\254\26\244\197\33\16\26\119\121\233\16\159\159\35\82\234\224\157\34\33\45\254\33\197\254\26\244\197\33\36\36\102\206\25\233\36\64\233\55\63\72\185\185\185\100\242\214\204\24\214\204\242\65\64\147\64\64\64\132\187\197\196\192\197\196\188\188\206\179\232\246\197\251\203\232\253\253\233\222\230\216\199\208\4\4\250\242\219\203\4\248\203\5\221\179\248\1\247\206\179\255\2\246\244\255\179\237\245\213\214\195\13\242\242\229\255\233\203\250\206\179\247\2\179\255\2\246\65\64\255\64\64\64\154\96\107\31\110\78\111\67\101\79\112\121\101\98\113\60\39\39\47\41\48\40\42\39\48\55\44\48\55\40\40\58\31\89\97\65\66\47\121\94\94\81\107\85\55\102\60\110\78\111\67\101\79\112\121\101\98\113\31\100\109\99\9\31\31\118\103\104\107\100\31\115\113\116\100\31\99\110\9\31\31\31\31\104\101\31\84\98\49\103\55\65\64\136\64\64\64\138\221\242\242\222\211\219\205\188\197\197\176\176\185\179\185\193\177\181\185\193\177\168\252\240\237\246\146\168\168\168\168\168\168\226\234\202\203\184\2\231\231\218\244\222\192\239\197\226\234\202\203\184\2\231\231\218\244\222\192\239\179\176\176\185\178\185\177\179\176\189\181\189\177\177\65\65\236\64\64\64\110\230\204\204\204\204\204\204\5\10\204\196\196\54\14\46\47\220\22\51\51\62\0\58\212\11\198\196\196\221\222\198\221\197\199\196\222\221\193\222\221\197\197\197\193\196\54\65\66\31\77\5\64\144\25\121\134\143\81\242\242\73\155\125\247\90\65\39\39\156\169\78\182\52\104\182\52\52\52\56\56\39\39\39\143\78\156\182\52\104\156\182\52\78\39\156\169\104\156\169\52\52\191\3\103\64\181\191\112\38\169\103\247\112\129\129\125\238\86\160\195\56\39\39\169\78\156\208\52\104\156\208\52\191\65\65\79\64\64\64\123\170\163\188\170\111\154\172\125\167\119\154\165\165\153\132\156\138\123\114\103\103\124\101\126\102\100\103\125\127\98\125\127\102\102\111\170\161\171\69\111\111\111\111\170\163\188\170\166\169\111\154\172\125\167\119\154\165\165\153\65\66\178\85\125\64\105\217\129\91\246\179\179\250\250\204\57\246\15\99\246\15\82\54\58\251\184\132\82\82\82\82\82\82\79\16\82\250\204\246\99\250\250\204\246\57\183\95\65\64\162\64\64\64\155\203\207\211\219\203\203\32\223\202\202\210\205\217\203\207\217\203\194\22\10\7\16\194\252\4\228\229\210\28\1\1\244\14\248\218\9\223\252\4\228\229\210\28\1\1\244\14\248\218\9\205\219\194\7\16\6\172\194\194\194\194\194\194\4\20\7\3\13\172\194\194\194\194\7\14\21\7\172\194\194\194\194\194\194\4\20\7\3\13\172\194\65\65\170\64\64\64\151\138\138\138\79\68\78\160\138\138\79\68\78\160\79\68\78\160\70\69\73\75\70\138\104\69\79\83\80\159\158\96\75\90\158\151\92\120\122\121\94\123\126\117\78\130\130\146\129\155\154\154\135\155\154\154\131\131\160\70\69\73\75\70\138\126\69\110\100\77\152\67\125\153\153\125\145\138\78\69\138\70\69\73\75\70\138\79\65\64\74\64\64\64\112\146\158\127\145\188\172\188\144\148\135\197\189\144\171\126\148\183\157\123\114\169\145\165\108\166\123\123\127\108\120\120\108\166\123\123\128\108\120\120\108\166\123\123\126\108\120\120\108\65\65\211\64\64\64\105\15\226\227\230\241\253\253\241\15\226\226\227\241\253\253\241\15\226\227\224\241\14\255\241\15\234\235\15\226\225\226\15\226\226\229\15\226\227\226\241\250\65\66\80\67\235\64\146\200\22\157\127\187\190\239\236\46\115\160\236\212\200\200\227\209\245\203\215\245\203\212\185\22\157\127\187\190\239\236\46\115\160\236\203\199\1\176\76\157\28\58\133\230\139\85\233\233\85\7\127\40\76\239\37\166\118\166\34\46\176\127\154\124\110\130\157\166\176\25\154\172\76\91\70\34\28\79\230\245\7\65\66\11\77\5\64\120\19\19\136\45\136\32\58\19\149\162\84\149\162\32\32\71\210\79\174\127\1\70\149\96\118\162\162\118\171\31\174\141\171\171\135\174\18\248\135\171\131\192\222\18\131\109\27\140\214\44\10\171\31\174\171\135\65\65\16\64\64\64\156\255\243\241\252\48\222\33\33\215\250\202\39\225\234\223\248\244\45\196\255\212\222\247\34\249\199\35\35\199\203\211\254\228\196\201\194\214\212\197\34\39\205\61\34\34\33\43\48\200\217\207\243\200\250\192\213\39\245\45\222\33\33\215\250\202\39\225\234\223\248\244\48\245\254\244\26\48\48\249\246\48\200\217\207\243\200\250\192\213\39\245\44\65\65\255\64\64\64\100\215\215\215\207\212\206\205\214\210\206\205\214\212\215\201\210\201\214\214\223\11\23\26\17\223\39\54\32\28\39\21\47\58\200\26\194\65\65\34\64\64\64\116\250\235\253\193\250\200\242\231\21\199\9\10\10\16\23\20\9\22\11\15\22\11\2\199\204\198\40\2\2\246\205\230\236\197\16\203\245\17\17\245\249\225\204\214\246\251\240\228\230\247\16\21\65\64\104\64\64\64\122\197\165\192\177\199\203\192\210\184\173\159\205\114\205\214\204\114\212\215\203\201\212\136\206\221\214\203\220\209\215\214\136\182\220\213\194\221\171\176\210\183\209\225\144\202\182\155\190\175\180\156\205\219\181\205\148\201\226\65\65\151\64\64\64\138\98\78\165\111\167\126\94\85\166\163\112\85\190\157\183\183\123\120\116\118\123\183\81\113\110\124\121\69\111\110\118\122\103\114\123\120\81\172\183\115\120\183\123\120\116\118\123\183\66\117\90\124\161\81\86\91\86\81\170\117\89\164\65\80\91\163\114\100\90\114\76\118\109\98\65\64\233\64\64\64\107\66\27\97\25\82\50\43\26\29\80\43\70\36\9\47\79\98\84\87\59\97\98\74\86\89\78\85\88\47\38\62\75\54\84\31\47\42\53\42\47\9\78\87\65\65\205\64\64\64\138\41\199\237\237\63\40\57\56\63\35\237\11\43\52\38\35\31\53\52\44\32\61\40\33\34\11\225\44\55\56\20\255\53\253\36\4\15\252\249\42\15\230\229\229\252\230\244\228\224\244\228\199\40\35\41\199\33\34\46\44\33\237\47\12\10\251\59\32\244\254\41\12\251\6\65\66\32\83\91\64\111\129\128\140\93\128\36\93\121\83\36\128\92\92\226\34\102\35\245\140\243\167\65\103\129\128\102\243\101\34\226\55\91\233\140\243\34\177\167\92\92\226\34\102\35\245\140\243\65\64\100\64\64\64\156\132\201\210\200\110\200\211\110\132\132\208\211\199\197\208\132\178\213\168\176\184\177\183\169\154\171\159\132\200\211\132\208\211\199\197\208\132\216\197\211\188\202\199\171\179\199\170\155\170\201\161\140\140\140\149\143\156\141\145\156\141\143\140\157\145\157\141\141\159\132\178\213\168\176\184\177\183\169\154\171\161\216\197\211\188\202\199\171\179\199\170\155\65\66\78\81\49\64\151\244\3\110\3\156\242\248\110\110\53\54\71\122\3\110\124\207\210\90\226\107\209\227\228\5\74\91\161\226\173\210\124\37\160\71\21\177\177\21\110\242\173\248\110\110\110\110\122\173\225\191\122\110\244\56\177\39\224\191\88\157\226\243\139\57\110\244\56\177\39\224\191\88\157\226\243\139\58\124\207\210\90\226\107\209\227\228\65\65\227\64\64\64\114\36\222\45\23\14\57\22\32\43\9\44\10\26\203\55\12\39\45\4\209\10\52\208\208\52\207\45\18\39\47\55\46\48\38\213\36\202\233\195\195\195\195\10\5\195\37\41\208\42\17\65\64\98\64\64\64\116\195\204\193\182\183\207\159\159\138\138\148\141\147\155\139\143\147\155\139\130\214\202\199\208\108\130\130\130\130\130\130\196\163\169\152\216\207\155\149\198\163\152\173\189\133\196\163\169\152\216\207\155\65\65\97\64\64\64\126\82\133\160\87\170\74\80\188\92\154\142\145\92\167\171\82\168\147\128\139\190\181\180\140\156\107\65\65\65\65\132\141\146\132\136\135\65\167\171\82\168\147\128\139\190\181\180\140\92\92\73\73\80\74\85\72\76\85\72\65\149\137\65\66\234\75\227\64\156\65\164\88\74\74\74\74\74\74\142\175\43\21\142\74\167\38\16\247\192\101\93\175\250\13\68\206\219\38\18\71\18\7\57\200\7\206\203\197\90\46\252\54\225\71\181\40\206\200\90\109\109\247\90\24\230\145\112\49\60\206\120\38\35\7\2\79\109\57\54\206\29\236\178\65\214\93\7\88\74\74\74\74\74\74\167\38\16\247\192\101\93\65\66\112\77\5\64\103\19\224\37\102\172\102\45\228\76\180\89\167\241\46\11\137\102\84\249\2\97\215\24\210\115\197\149\120\180\19\228\102\171\250\197\219\7\7\219\65\66\93\75\227\64\112\65\183\56\73\161\249\172\238\84\175\106\32\203\189\189\189\189\189\189\78\153\133\186\133\122\172\59\122\65\183\56\73\161\249\172\238\84\175\106\252\183\89\12\59\100\62\117\235\65\65\161\64\64\64\122\110\72\88\137\117\78\101\111\70\147\72\118\146\146\118\141\111\80\101\109\117\108\114\100\151\102\136\171\129\129\129\129\129\129\98\80\113\109\87\69\100\150\96\91\141\111\80\101\109\117\108\114\100\151\102\156\111\85\65\64\228\64\64\64\141\81\62\89\39\44\78\51\77\93\12\56\83\40\50\75\22\77\59\23\23\59\16\50\85\40\48\56\49\55\41\26\43\13\238\4\4\4\4\4\4\62\52\77\77\43\52\46\88\57\54\25\26\16\50\85\40\48\56\49\55\41\26\43\33\50\88\81\62\89\39\44\78\51\77\93\12\56\65\65\225\64\64\64\154\14\37\47\6\211\8\54\210\210\54\205\47\16\37\45\53\44\50\36\215\38\200\235\193\193\193\193\193\193\11\213\42\22\41\46\8\44\5\205\47\16\37\45\53\44\50\36\215\38\220\47\21\12\59\20\34\41\11\46\8\24\201\53\14\37\47\6\211\8\54\210\210\54\205\47\16\37\45\53\44\50\36\215\38\200\235\193\193\193\193\65\64\250\64\64\64\103\26\26\115\64\82\95\62\51\113\38\72\107\62\70\78\71\77\63\48\65\55\72\110\103\84\111\61\66\100\73\99\115\34\78\105\62\72\97\44\65\64\10\64\64\64\133\115\97\61\61\97\54\88\123\78\86\94\87\93\79\64\81\51\20\42\42\42\42\42\42\118\121\109\107\118\42\97\117\62\125\79\118\63\130\71\50\116\62\85\129\82\89\115\87\110\52\50\50\60\63\64\52\59\51\53\50\59\61\55\59\61\51\51\51\53\65\65\11\64\64\64\129\242\205\211\238\207\50\252\1\43\43\43\43\43\43\231\228\232\234\231\43\207\202\226\207\63\50\222\48\43\239\228\43\231\228\232\234\231\43\253\249\195\233\224\222\63\51\254\193\192\61\224\54\240\246\48\43\207\202\226\207\63\50\222\54\253\65\64\141\64\64\64\150\255\213\239\248\226\193\197\2\215\216\195\248\173\242\251\241\151\173\173\173\173\173\173\243\252\255\173\7\215\222\212\216\221\6\202\181\181\190\183\190\182\184\181\193\186\193\182\182\185\228\248\193\0\210\249\194\5\173\241\252\151\173\173\173\173\173\173\173\173\209\206\246\209\193\198\226\232\7\215\222\212\216\221\6\234\185\65\64\173\64\64\64\145\251\30\241\249\1\250\0\242\227\244\234\251\33\26\7\34\240\245\23\252\22\38\213\1\28\241\251\20\223\22\4\224\224\4\217\251\30\241\249\1\250\0\242\227\244\214\183\205\205\205\205\205\205\18\27\17\183\205\205\205\205\205\205\15\238\244\227\35\26\230\224\17\238\227\248\8\208\15\238\244\227\65\66\27\69\13\64\120\105\60\56\26\15\96\41\146\242\227\227\16\237\16\232\242\227\16\36\252\16\36\232\232\236\76\130\70\75\76\121\141\26\136\85\0\45\246\191\196\60\247\60\76\206\31\21\126\101\176\56\70\11\136\161\247\65\65\101\64\64\64\118\142\88\150\81\157\82\157\146\168\191\146\73\132\88\166\148\181\169\147\129\160\82\164\159\73\140\132\88\191\181\140\140\162\181\175\145\176\183\80\83\73\135\88\161\164\140\161\81\92\176\152\111\69\69\65\65\174\64\64\64\134\142\142\75\66\93\75\164\142\142\142\142\142\142\76\92\75\79\69\164\142\142\142\142\75\64\74\164\142\142\75\64\74\164\75\64\74\164\66\65\77\79\66\142\113\65\71\109\156\88\97\102\84\122\109\101\94\86\126\73\164\74\65\164\142\142\66\65\77\79\66\65\66\200\77\5\64\109\104\211\155\133\77\133\216\147\220\198\185\155\99\225\246\185\94\207\172\29\107\94\208\203\147\112\16\181\38\134\107\125\25\203\51\242\42\237\147\4\146\155\81\77\38\65\66\236\69\13\64\120\94\220\199\23\144\38\214\144\73\185\30\8\23\219\209\8\140\89\59\64\214\214\79\59\169\79\154\29\180\180\180\220\195\225\235\185\205\225\235\185\195\180\240\205\240\185\185\30\140\140\8\23\219\209\8\140\65\65\87\64\64\64\150\156\161\181\174\156\103\178\134\132\133\176\186\158\106\127\127\127\102\124\110\126\122\110\126\124\127\102\100\122\102\100\126\126\93\119\119\160\191\190\187\178\119\152\96\159\191\182\129\97\184\158\130\152\128\133\189\174\96\105\127\127\103\124\102\110\126\122\102\110\126\119\184\165\119\165\136\186\142\129\157\103\136\184\131\165\181\65\64\153\64\64\64\147\237\18\215\193\193\201\195\202\194\196\193\206\198\206\194\194\185\253\8\163\185\185\185\185\5\8\252\250\5\185\241\3\224\0\232\236\250\8\214\232\208\225\1\250\239\207\8\226\238\232\240\235\3\18\208\190\203\163\185\185\185\185\5\8\252\250\5\185\4\251\18\220\229\2\238\214\11\248\6\242\239\227\201\65\64\12\64\64\64\144\107\123\96\126\110\96\133\49\52\52\62\54\61\53\55\52\68\57\68\53\53\22\44\44\44\44\117\114\44\100\118\83\115\91\95\109\123\138\73\119\110\133\79\88\117\97\44\128\116\113\122\44\85\79\80\110\110\83\79\101\83\98\73\85\79\80\110\110\83\79\101\83\98\55\87\130\110\133\87\60\65\66\24\81\49\64\148\205\121\155\138\239\85\241\56\205\102\188\194\56\56\56\56\87\191\224\0\137\206\174\119\241\189\87\223\138\34\33\191\37\192\87\191\224\0\137\206\174\119\241\189\87\223\138\34\33\191\21\240\34\207\239\87\155\137\119\209\55\192\192\106\243\89\225\209\21\89\225\209\194\56\56\56\56\170\103\85\1\206\2\72\65\66\75\71\247\64\112\228\84\151\105\249\151\154\246\99\105\228\70\186\165\81\155\228\84\151\105\249\151\154\134\56\249\154\32\95\42\158\106\148\99\99\99\169\120\176\106\134\176\106\120\99\169\176\134\65\64\21\64\64\64\101\71\72\62\62\31\53\53\53\53\96\139\119\142\96\69\122\102\104\103\124\130\94\82\96\139\119\142\96\69\122\102\104\103\124\130\94\63\65\66\31\81\49\64\147\113\201\63\63\212\109\195\201\63\63\177\212\211\228\177\109\63\248\146\163\161\161\214\146\8\214\213\201\63\63\212\109\195\201\63\63\75\126\178\144\75\63\8\40\96\214\230\198\7\181\110\143\10\63\195\126\63\75\126\178\144\75\63\228\229\246\179\247\179\26\110\228\161\128\248\195\44\199\199\96\250\147\216\65\64\208\64\64\64\118\253\4\249\11\240\41\73\1\23\39\7\56\6\47\64\13\69\54\55\36\40\36\27\47\69\50\33\25\52\240\53\62\52\218\240\240\60\63\51\49\60\240\51\58\57\66\4\3\35\20\19\20\11\240\65\65\78\64\64\64\116\170\161\110\162\161\173\175\162\110\152\139\119\145\151\163\151\123\115\181\179\117\110\173\164\167\188\122\125\157\138\141\138\115\152\139\119\145\151\163\151\123\110\171\160\170\68\110\110\173\164\167\188\65\64\172\64\64\64\129\224\223\255\240\239\240\7\212\212\221\214\221\213\215\212\221\220\217\221\220\213\213\9\233\18\33\26\15\32\21\27\26\212\218\218\218\213\204\30\17\32\33\30\26\204\35\11\29\5\29\252\227\16\34\33\11\243\212\218\218\218\213\204\17\26\65\64\1\64\64\64\109\101\11\33\33\96\112\106\68\51\119\80\73\123\85\68\76\113\121\81\104\62\103\118\111\100\117\106\112\111\41\47\47\47\42\11\33\33\33\33\109\112\100\98\109\33\65\65\0\64\64\64\107\194\216\214\48\201\53\212\217\225\213\61\40\40\49\43\51\41\45\51\41\10\32\32\32\32\247\232\233\236\229\32\244\242\245\229\32\228\239\10\32\32\32\32\65\64\156\64\64\64\124\188\188\5\2\188\222\244\242\204\229\209\240\245\253\241\217\217\205\188\16\4\1\10\166\188\188\188\188\188\188\188\188\14\1\16\17\14\10\188\255\6\5\14\208\207\239\224\223\224\247\245\21\205\227\243\211\4\210\251\12\65\64\81\64\64\64\139\174\121\127\127\127\122\91\113\113\113\113\113\113\182\189\196\182\91\113\113\113\113\113\113\113\113\195\182\197\198\195\191\113\191\186\189\91\113\113\113\113\113\113\182\191\181\91\113\113\113\113\182\191\181\91\113\113\182\191\181\91\182\191\181\91\189\192\180\178\189\113\189\135\147\162\65\64\121\64\64\64\146\171\203\199\233\178\186\198\197\192\220\201\202\131\221\232\131\153\153\229\232\220\218\229\153\237\197\231\216\228\188\232\231\226\182\223\238\231\220\237\226\232\231\161\229\209\202\203\229\204\229\232\243\188\231\162\131\229\232\220\218\229\153\205\233\210\218\198\205\191\177\228\224\209\237\182\244\246\131\153\153\223\232\65\64\89\64\64\64\136\203\121\188\156\164\169\184\187\159\207\138\141\211\200\150\129\129\138\131\138\130\132\129\138\138\134\138\138\130\130\133\124\197\177\170\171\197\172\197\200\211\156\199\135\187\121\189\200\99\121\121\121\121\197\200\188\186\197\121\158\142\190\137\197\140\160\193\175\192\174\209\99\65\65\13\64\64\64\131\45\45\45\45\228\235\45\225\213\220\223\225\222\225\226\247\206\227\35\224\48\48\37\37\37\60\38\60\61\36\32\60\61\36\38\37\57\32\57\36\36\45\249\229\232\227\7\45\45\45\45\45\45\200\56\232\61\225\62\202\229\219\234\216\245\48\210\65\64\98\64\64\64\102\209\203\165\148\216\177\170\220\182\165\173\210\218\178\201\138\206\186\179\180\206\181\206\209\220\165\208\144\196\189\197\165\173\178\193\196\168\216\65\66\25\83\91\64\140\188\245\39\86\0\93\29\161\28\47\29\66\29\86\39\18\67\131\10\36\215\121\121\121\121\152\29\162\152\228\171\121\29\161\28\47\29\66\29\86\39\18\67\131\48\160\160\17\17\207\74\226\36\112\226\36\121\181\209\152\67\215\121\121\121\121\121\121\56\8\152\169\29\226\94\209\65\64\194\64\64\64\112\24\41\23\58\255\234\234\46\26\19\20\46\21\46\49\60\5\48\240\36\29\37\5\13\18\33\36\8\56\243\246\60\49\31\239\46\26\19\20\46\21\46\49\60\5\48\240\45\65\65\198\64\64\64\142\239\236\42\30\23\20\42\21\42\41\60\5\40\232\47\39\239\227\238\238\244\243\240\237\243\239\235\243\239\204\230\230\230\230\230\230\47\32\230\3\243\35\246\42\245\1\46\16\33\19\62\250\246\230\50\46\35\40\230\3\243\35\246\42\245\1\46\16\33\19\62\251\3\243\35\246\42\245\65\64\140\64\64\64\102\211\244\226\243\225\4\183\190\193\194\172\241\250\240\150\172\172\172\172\241\248\255\241\150\172\172\172\172\172\172\209\193\241\188\248\191\211\244\65\65\13\64\64\64\140\219\234\216\245\48\225\213\220\223\225\222\225\226\247\206\227\35\239\214\238\206\198\221\210\239\203\251\60\57\247\226\208\32\225\213\220\223\225\222\225\226\247\206\227\35\230\7\45\45\45\45\45\45\228\235\45\200\56\232\61\225\62\202\229\219\234\216\245\49\37\37\61\38\60\60\36\65\66\22\81\49\64\134\19\87\87\207\54\202\254\203\100\54\171\155\203\70\66\121\205\254\204\237\187\14\35\171\155\203\70\66\121\205\254\204\237\187\14\241\190\190\104\155\172\224\87\207\241\190\121\19\121\207\207\54\203\100\186\192\54\54\54\54\203\100\186\192\54\54\54\54\170\134\65\66\250\81\49\64\137\227\107\23\142\160\178\21\209\210\174\5\141\109\245\74\73\124\160\208\59\110\20\89\39\7\157\160\107\110\228\55\125\59\162\157\160\107\110\228\55\125\59\162\73\177\230\162\192\191\72\141\174\243\89\72\162\179\38\89\141\107\38\26\21\7\162\162\76\42\195\196\59\179\65\66\102\69\13\64\124\61\46\91\126\71\91\126\51\51\141\130\145\85\75\130\6\80\151\205\116\126\66\46\46\116\131\56\91\51\61\46\96\86\71\96\86\51\51\66\46\46\46\116\121\61\116\51\71\116\51\61\46\91\86\71\91\86\51\51\66\65\64\182\64\64\64\141\222\222\235\238\225\231\235\223\227\231\235\223\226\222\222\236\233\224\231\223\225\222\232\232\227\232\232\223\223\226\222\222\222\235\236\225\231\230\223\227\231\230\223\225\222\231\235\227\231\235\223\223\51\241\28\37\40\214\31\243\222\222\231\225\238\223\227\238\223\226\217\24\214\26\37\214\34\65\65\229\64\64\64\114\10\6\4\9\197\19\216\7\62\12\56\200\14\222\197\12\3\197\19\217\213\197\17\13\0\11\197\19\216\19\206\215\208\211\197\0\11\1\222\197\7\62\12\56\216\22\17\23\12\11\65\66\153\85\125\64\147\12\95\184\33\142\243\225\71\246\57\226\159\205\112\57\243\226\29\50\243\159\57\29\142\163\117\226\95\184\180\159\184\142\29\225\163\246\57\226\159\205\246\225\246\246\53\225\247\50\159\184\29\54\180\159\225\246\117\180\184\142\117\57\96\154\225\225\158\242\221\32\158\70\246\74\158\70\246\112\117\180\184\142\65\66\27\77\5\64\132\151\187\21\52\90\35\35\165\204\178\74\152\243\48\100\152\243\48\87\35\35\35\165\74\152\152\48\100\152\152\48\74\35\152\191\100\152\191\48\48\87\35\35\165\204\152\74\152\178\48\100\152\178\48\87\152\165\116\26\73\190\229\187\112\52\35\35\35\65\64\174\64\64\64\111\223\217\223\225\215\219\223\225\215\217\214\223\222\219\223\222\215\215\218\209\16\206\18\29\206\26\29\17\15\26\206\36\235\16\9\23\11\219\25\233\206\23\20\206\36\234\214\65\64\230\64\64\64\142\14\14\22\17\28\15\19\28\15\17\14\30\19\30\15\15\6\90\78\75\84\6\92\35\92\17\14\14\14\24\27\28\17\23\25\15\19\23\25\15\17\14\23\25\19\23\25\15\15\6\75\84\74\33\6\72\65\79\67\35\89\90\88\79\84\77\20\73\78\71\88\14\92\15\6\75\84\74\65\65\144\64\64\64\154\171\176\98\117\100\101\98\126\176\100\113\114\124\117\190\115\127\126\115\113\100\184\114\185\176\117\126\116\185\184\185\185\184\85\165\117\160\124\163\87\120\70\119\69\104\185\154\176\176\117\126\116\154\176\176\98\117\100\101\98\126\176\99\86\113\164\90\125\67\161\184\99\86\113\164\90\125\67\161\184\79\87\188\184\118\101\126\115\100\121\65\64\109\64\64\64\102\220\219\149\150\217\220\208\206\217\141\216\170\149\149\160\163\151\158\150\152\149\158\163\154\158\163\150\150\168\217\220\208\206\217\141\207\170\232\65\66\233\83\91\64\128\225\225\225\140\216\159\26\159\244\64\159\244\26\225\254\64\254\244\244\45\225\225\140\178\178\26\159\244\64\159\244\45\225\225\225\140\178\197\26\140\17\244\64\140\17\244\26\225\159\178\64\159\178\244\244\45\225\225\225\140\197\197\26\178\65\66\35\77\5\64\140\56\108\186\56\82\43\173\147\108\173\147\56\56\95\43\43\160\186\238\69\160\56\82\43\160\251\108\160\251\56\56\124\34\81\198\237\195\120\60\43\43\160\82\160\8\56\108\160\8\56\95\234\29\195\55\198\195\159\198\42\16\159\195\33\60\29\194\120\220\108\146\34\195\120\81\195\65\65\250\64\64\64\145\12\198\210\210\202\208\203\211\209\210\207\215\207\211\211\218\14\18\31\20\218\12\199\12\209\210\210\210\200\207\204\209\206\211\215\206\211\209\210\200\202\215\200\202\211\211\218\31\20\30\193\218\24\33\19\39\199\9\14\8\19\20\29\212\25\18\27\8\210\12\211\218\31\20\30\193\218\8\31\14\15\65\64\253\64\64\64\107\111\107\29\113\94\95\105\98\43\96\108\107\96\94\113\37\95\38\29\98\107\97\38\37\38\38\41\37\99\114\107\96\113\102\108\107\37\38\105\108\96\94\105\65\66\112\87\231\64\126\80\13\235\8\8\8\215\192\28\77\97\31\123\97\31\77\8\238\238\123\238\238\31\31\189\36\105\85\39\36\80\62\235\125\8\8\238\192\5\54\215\31\77\8\120\123\120\31\31\100\8\8\8\238\215\51\77\215\120\31\123\215\65\66\230\69\13\64\115\254\179\189\174\219\214\199\219\214\179\179\194\174\174\224\219\234\184\219\179\189\174\224\219\199\224\219\179\179\194\174\174\224\214\229\189\219\249\179\199\219\249\179\194\174\174\174\224\214\219\189\65\65\11\64\64\64\104\58\62\34\38\58\62\34\32\35\58\58\38\58\58\34\34\39\35\35\57\57\59\33\58\34\32\35\58\58\38\58\58\34\34\246\48\237\228\249\43\65\65\149\64\64\64\118\124\168\189\189\189\164\190\161\188\184\161\188\190\189\164\162\184\164\162\188\188\185\182\119\181\113\122\181\121\122\118\116\121\181\99\168\119\78\124\72\184\126\174\181\124\115\181\99\169\189\189\165\190\164\65\66\222\87\231\64\146\161\141\233\69\161\141\190\74\54\241\192\190\120\89\120\187\118\118\92\161\184\164\69\141\187\118\115\233\115\141\141\190\241\192\218\43\190\172\11\77\57\89\51\74\28\77\192\31\0\195\54\149\28\118\120\141\190\241\192\218\43\190\28\241\74\97\28\192\190\74\149\172\146\241\0\195\215\192\195\149\74\118\65\64\140\64\64\64\101\238\181\172\241\250\240\181\180\181\181\180\224\252\229\237\217\224\210\196\247\243\228\0\181\150\172\172\241\250\240\150\172\172\248\251\239\237\65\64\116\64\64\64\145\224\148\225\194\164\211\230\196\182\192\182\189\175\148\216\227\148\224\227\215\213\224\148\232\227\167\190\218\190\219\172\165\190\192\191\220\177\165\175\148\225\194\164\211\230\196\182\192\182\189\177\232\227\167\190\218\190\219\172\165\190\192\191\220\148\217\226\216\126\148\148\224\227\215\213\224\148\181\215\206\229\65\64\202\64\64\64\120\252\12\25\53\58\60\34\36\32\18\5\234\46\57\234\54\57\45\43\54\234\54\13\43\23\15\55\41\60\54\62\18\68\32\7\69\71\5\234\11\45\36\59\252\12\25\53\58\60\34\36\32\18\7\54\13\65\66\160\85\125\64\141\149\241\73\145\107\250\124\36\136\162\174\64\233\166\212\114\64\64\245\191\2\229\186\10\27\103\208\250\216\2\174\136\23\232\232\165\18\165\253\39\232\165\56\81\165\56\253\253\65\161\254\57\166\191\36\61\187\166\232\102\102\102\253\64\250\233\36\57\250\166\64\36\220\166\107\103\31\65\65\33\64\64\64\136\206\207\200\9\15\15\15\8\1\196\207\197\43\1\1\205\23\227\240\19\243\239\209\24\224\236\237\230\194\241\240\28\199\212\207\194\213\200\206\207\9\15\15\15\8\43\1\1\1\1\205\206\194\192\205\1\194\240\208\23\243\205\243\254\20\195\28\9\9\16\10\16\65\66\85\75\227\64\126\134\24\68\112\134\24\195\181\181\181\181\114\205\216\249\172\181\81\59\92\172\181\161\26\195\181\181\181\181\181\181\216\183\181\150\208\48\167\219\249\219\106\156\139\244\244\13\13\13\112\46\167\24\68\167\24\46\13\112\112\68\112\65\66\244\77\5\64\140\113\9\9\148\216\60\21\138\118\148\148\148\148\148\148\148\148\190\21\216\229\190\138\148\65\251\134\177\126\78\247\99\164\190\108\134\82\156\147\125\234\100\199\190\4\78\208\78\169\173\252\74\74\74\9\118\148\148\148\148\148\148\21\112\203\21\118\148\148\148\148\148\148\148\148\190\65\66\180\75\227\64\140\11\176\187\154\110\20\110\55\88\34\20\20\20\20\20\20\11\110\0\34\20\20\20\20\11\110\0\34\20\20\11\110\0\34\11\110\0\34\88\121\245\223\88\20\25\143\165\99\99\39\58\127\121\88\3\196\39\58\34\0\121\34\20\20\88\121\245\223\88\20\99\231\3\154\39\132\65\65\218\64\64\64\143\31\51\2\32\50\22\59\9\231\60\47\52\57\46\51\53\52\242\62\62\46\62\49\53\23\20\14\54\234\14\5\233\10\59\243\208\54\53\57\59\54\250\44\11\47\57\27\21\0\15\45\19\15\18\50\231\33\39\208\250\250\60\53\40\250\10\237\59\62\16\60\32\48\20\226\19\50\231\242\65\65\173\64\64\64\154\133\156\134\158\132\128\158\132\129\142\73\73\89\73\70\66\96\99\121\65\157\121\114\158\125\76\141\73\66\141\91\124\88\78\108\98\119\120\90\100\120\101\69\118\125\154\76\73\103\75\87\71\99\149\100\69\112\144\94\107\76\153\103\64\126\156\133\94\107\76\153\103\64\126\156\133\114\106\129\133\75\88\67\78\89\68\66\67\133\132\65\65\210\64\64\64\148\62\61\49\51\62\242\57\239\250\250\229\227\249\227\224\251\255\227\224\251\233\62\61\49\51\62\242\48\239\41\250\250\227\234\228\249\235\251\255\235\251\254\250\250\250\227\234\229\249\227\227\251\255\227\227\251\249\250\224\227\255\224\227\251\251\254\227\234\231\254\250\250\250\227\229\228\249\227\225\251\255\227\225\251\65\64\103\64\64\64\134\146\143\152\154\148\152\154\144\144\147\143\143\152\159\152\146\155\144\148\155\144\147\143\143\143\152\158\155\146\152\160\144\148\152\160\144\146\143\152\160\148\152\160\144\144\228\162\205\214\217\135\208\164\143\143\152\146\152\156\144\148\152\156\144\147\138\201\135\203\214\65\66\11\71\247\64\153\235\255\20\192\178\255\235\69\182\185\136\234\150\70\248\168\235\234\213\235\69\175\35\35\91\49\98\42\56\35\98\98\70\98\98\42\42\235\55\227\206\13\235\69\182\69\56\105\126\133\235\206\13\199\168\235\185\136\234\150\182\48\55\41\234\13\220\77\192\227\178\41\35\69\42\235\206\13\199\168\235\41\206\55\62\41\13\235\55\65\64\146\64\64\64\140\243\244\254\247\192\245\1\0\245\243\6\186\244\187\178\247\0\246\187\186\187\187\190\186\248\7\0\245\6\251\1\0\186\187\254\1\245\243\254\178\253\207\196\195\196\205\254\1\245\243\254\178\244\207\13\186\186\199\199\188\195\187\189\186\196\196\191\196\196\187\187\190\186\186\200\194\65\66\124\81\49\64\129\70\189\53\87\36\189\35\121\189\35\53\53\104\36\36\1\223\87\189\35\53\121\189\35\53\104\36\36\35\172\70\189\53\87\36\69\121\69\53\53\201\103\66\219\14\156\117\137\36\36\36\189\87\189\18\53\121\189\18\53\87\36\206\172\121\65\65\137\64\64\64\112\187\185\160\160\165\170\107\169\109\102\169\101\102\106\104\101\169\127\180\107\82\96\84\164\98\178\169\96\111\169\127\181\161\161\185\162\176\160\164\176\160\169\125\97\108\103\169\127\65\65\162\64\64\64\129\159\84\137\138\138\144\151\148\137\147\147\139\143\147\147\139\130\71\76\70\153\130\64\121\75\127\159\81\86\80\75\76\69\140\65\74\67\80\138\84\139\130\71\76\70\153\130\80\71\86\87\80\76\130\86\67\64\78\71\140\65\77\76\65\67\65\66\234\77\5\64\108\206\242\228\255\138\11\128\254\255\242\255\255\242\254\254\206\254\89\141\211\224\46\102\90\46\189\129\250\215\137\250\181\215\254\172\24\28\76\224\194\159\50\163\255\65\66\31\77\5\64\154\191\64\181\51\161\191\191\233\64\3\16\233\181\191\246\173\12\195\225\168\86\156\39\242\186\190\39\77\16\181\38\3\116\194\181\39\52\155\194\38\12\155\191\142\56\39\39\156\169\182\65\156\52\78\39\156\221\104\156\221\52\52\30\155\194\38\12\155\191\25\56\94\39\39\169\182\4\78\156\208\52\104\156\208\52\91\39\39\39\169\65\66\7\77\5\64\112\145\119\54\171\28\80\171\28\54\15\132\132\80\132\132\28\28\67\15\15\15\145\145\132\54\132\197\28\80\132\197\28\54\15\158\80\158\28\28\67\15\15\15\145\158\132\54\171\65\64\248\64\64\64\119\33\37\44\33\35\32\41\43\37\41\43\33\33\36\32\32\42\42\44\35\42\33\37\42\33\117\51\94\103\106\24\97\53\32\32\41\35\43\33\37\43\33\36\27\90\24\92\103\24\100\103\91\89\100\24\65\64\203\64\64\64\107\65\8\45\38\52\40\248\54\6\235\52\49\235\65\7\243\243\251\246\252\0\244\248\252\0\244\235\63\51\48\57\235\65\8\65\246\253\0\1\235\48\57\47\65\65\159\64\64\64\131\164\191\125\68\118\66\162\108\107\109\118\113\120\177\124\119\126\109\183\105\182\191\122\113\123\164\191\109\122\107\106\109\113\191\107\126\125\115\122\177\124\112\113\124\126\107\183\125\182\191\122\113\123\182\183\182\66\179\183\121\106\113\124\107\118\112\113\65\65\207\64\64\64\147\231\230\35\32\44\46\35\239\36\242\246\254\244\35\32\44\46\35\239\45\242\52\231\231\254\246\255\228\252\230\226\252\230\227\231\231\253\255\253\228\254\253\230\226\254\253\230\227\231\231\253\255\254\228\248\230\226\248\230\227\231\231\254\246\255\228\254\255\230\226\254\255\230\227\231\231\254\247\247\229\254\230\228\65\64\141\64\64\64\149\181\197\186\197\182\182\185\181\181\191\189\196\184\190\195\182\186\190\195\182\10\200\243\252\255\173\246\202\181\181\190\184\190\191\182\186\190\191\182\185\176\239\173\241\252\173\249\252\240\238\249\173\3\202\239\232\246\234\186\248\200\173\246\243\173\3\201\189\173\1\245\242\251\173\3\202\3\184\181\181\191\194\195\184\192\65\65\30\64\64\64\140\55\51\45\55\62\251\240\250\37\62\252\197\247\195\35\237\234\236\247\240\249\48\253\246\255\236\54\232\55\62\251\240\250\37\62\236\251\234\235\236\240\62\234\255\252\242\251\48\253\241\240\253\255\234\54\252\55\62\251\240\250\55\54\55\55\54\232\207\235\253\223\209\196\203\233\215\65\64\16\64\64\64\143\101\88\120\57\26\48\48\117\126\116\26\48\48\124\127\115\113\124\48\124\87\127\85\131\103\114\65\86\128\130\75\48\116\127\48\124\127\115\113\124\48\138\119\133\126\134\93\83\91\132\96\97\77\56\56\65\59\65\65\57\61\65\65\57\75\48\124\87\127\85\131\103\114\65\86\128\130\77\138\65\66\124\77\5\64\115\183\109\18\122\101\227\75\96\140\153\28\157\18\144\254\28\28\248\31\131\105\248\28\23\144\249\114\97\75\5\62\218\123\28\144\31\28\248\31\131\105\248\28\248\122\214\84\75\222\235\140\65\65\144\64\64\64\131\165\121\173\107\109\171\176\87\116\161\94\169\91\125\90\70\173\124\102\82\168\91\122\123\64\165\121\176\117\126\116\154\176\176\87\116\161\94\169\91\125\90\70\75\184\184\161\187\161\167\185\189\161\167\185\77\173\118\101\126\115\100\121\127\126\184\190\65\65\125\64\64\64\133\83\83\84\93\143\152\137\136\143\147\93\144\132\176\143\68\141\184\148\165\135\149\177\156\174\85\83\83\83\84\93\152\147\153\119\93\93\178\140\142\144\144\68\175\188\146\145\176\77\68\175\64\155\136\147\158\137\148\146\147\85\83\83\83\84\119\93\93\93\65\64\141\64\64\64\119\173\249\252\240\238\249\173\243\197\6\230\206\225\191\209\196\245\214\202\190\151\173\173\173\173\4\245\246\249\242\173\1\255\2\242\173\241\252\151\173\173\173\173\173\173\246\243\173\243\197\6\230\206\225\191\65\65\3\64\64\64\124\199\52\235\202\62\62\43\43\50\41\50\42\40\43\50\54\46\50\54\42\42\35\247\235\230\237\9\35\35\35\35\35\35\35\35\241\230\247\246\241\237\35\196\231\50\205\58\200\238\201\213\216\239\196\236\198\240\212\225\50\65\65\7\64\64\64\124\193\247\245\218\47\41\41\41\46\13\39\39\39\39\39\39\226\235\244\226\13\39\39\39\39\39\39\39\39\245\226\243\242\245\233\39\233\238\235\13\39\39\39\39\39\39\226\233\227\13\39\39\39\39\226\233\227\13\39\39\65\65\103\64\64\64\108\130\137\131\109\130\137\131\109\139\136\132\134\139\71\179\190\145\164\166\86\130\181\178\163\141\175\129\90\184\160\109\139\136\132\134\139\71\140\171\86\139\142\174\171\65\66\142\81\49\64\139\188\18\239\68\135\168\254\135\155\84\83\220\33\66\135\237\220\54\188\100\2\154\152\223\119\19\224\223\240\136\205\19\207\0\122\239\221\223\190\35\186\17\36\103\154\117\186\71\174\32\67\66\83\32\220\174\188\100\2\154\152\223\119\19\224\223\240\136\205\19\207\0\153\239\221\65\64\6\64\64\64\135\71\54\75\114\89\60\79\82\125\114\99\38\107\116\106\16\114\117\105\103\114\38\91\73\96\119\58\81\90\112\95\59\94\109\72\71\65\38\106\117\38\114\117\105\103\114\38\82\75\123\60\61\124\93\74\79\62\96\81\85\67\90\95\124\73\71\55\107\88\91\74\65\64\229\64\64\64\104\79\45\75\64\52\86\88\82\82\30\55\38\84\81\50\21\30\55\13\96\13\13\22\21\24\15\22\14\16\13\23\23\18\23\23\14\14\17\13\13\65\64\188\64\64\64\154\237\236\237\231\245\229\233\245\229\232\228\228\237\237\242\230\237\229\231\228\240\233\240\229\229\232\228\228\228\237\236\238\231\237\245\229\233\237\245\229\231\228\238\238\233\238\238\229\229\232\228\228\237\236\237\230\237\229\231\228\237\237\233\237\237\229\229\232\228\228\237\237\236\231\242\229\233\242\229\232\228\228\237\237\244\231\237\245\229\233\65\65\172\64\64\64\114\157\149\133\81\133\113\151\140\121\111\118\93\152\103\120\70\117\153\116\75\110\109\145\96\105\89\154\155\90\123\104\101\148\118\103\99\140\73\66\72\166\69\74\140\121\111\118\93\152\103\65\64\143\64\64\64\117\227\249\232\196\231\246\209\208\175\3\247\244\253\153\175\175\227\232\5\210\208\192\244\225\228\211\249\215\245\204\228\210\233\0\195\218\227\249\232\196\231\246\209\208\183\184\153\244\251\2\244\248\245\65\65\165\64\64\64\105\133\122\96\107\115\133\81\77\64\75\175\133\133\113\124\83\102\100\148\64\119\112\97\79\109\67\152\122\96\107\115\175\64\75\65\175\73\74\70\68\73\65\66\158\81\49\64\155\190\204\134\187\33\0\117\150\69\152\187\255\237\137\190\66\253\190\202\253\49\15\202\190\101\150\253\49\221\18\153\34\135\118\255\50\253\171\201\72\190\190\221\31\65\219\219\103\16\239\253\202\187\206\103\16\70\201\70\70\223\206\86\121\223\223\87\155\223\223\87\138\70\70\223\223\223\104\223\87\121\70\223\18\155\223\18\87\87\138\70\65\65\188\64\64\64\122\148\148\133\139\151\141\137\149\145\141\137\149\151\148\141\141\145\141\141\149\149\144\148\148\148\141\140\140\151\141\140\149\145\141\140\149\151\148\137\145\137\149\149\65\149\144\182\156\156\115\77\79\81\81\133\110\125\83\65\65\23\64\64\64\149\251\218\39\46\197\63\236\63\63\38\38\34\61\38\62\60\63\38\39\58\38\39\62\62\59\63\63\38\38\33\61\38\62\60\63\34\58\34\62\62\59\63\63\63\38\38\35\60\35\62\58\35\62\60\63\38\35\58\38\35\62\62\59\63\63\38\39\34\61\38\62\60\63\34\58\34\62\62\59\63\63\38\38\39\61\65\66\125\71\247\64\116\212\156\170\149\212\226\184\212\226\156\156\177\149\149\212\205\226\170\219\156\184\219\156\232\156\177\195\93\93\166\148\162\120\120\12\187\68\134\113\152\205\12\187\149\218\149\149\149\212\212\247\170\65\64\208\64\64\64\100\1\8\249\253\1\8\249\251\248\1\6\253\1\6\249\249\252\248\248\9\7\250\1\249\251\248\2\1\253\2\1\249\249\252\248\248\65\65\85\64\64\64\103\125\108\109\126\100\108\124\120\100\108\124\126\125\97\120\97\124\124\121\125\125\125\100\101\109\126\99\124\120\99\124\126\125\100\99\120\100\99\124\65\65\37\64\64\64\126\12\9\13\13\13\20\21\20\14\20\17\12\8\20\17\12\14\13\17\8\17\12\12\216\12\9\47\5\5\234\212\214\200\200\28\247\228\202\201\232\21\28\247\13\222\13\13\13\28\28\14\20\19\12\8\20\19\12\14\13\22\8\65\65\221\64\64\64\121\238\244\244\241\245\245\236\237\233\246\236\234\244\240\236\234\244\241\245\245\228\234\247\236\244\246\245\236\234\240\236\234\244\244\241\245\245\245\236\236\233\246\236\228\244\240\236\228\244\246\245\236\232\240\236\232\244\65\66\203\71\247\64\143\234\54\234\255\17\171\171\244\226\240\198\198\90\9\146\212\191\230\27\90\9\227\40\227\227\90\90\241\34\234\248\227\34\69\6\34\69\234\234\255\227\227\227\34\34\34\248\34\90\234\6\34\90\234\248\227\48\6\48\234\234\255\34\34\27\255\227\227\227\90\90\248\34\27\234\6\34\27\234\65\65\96\64\64\64\109\75\72\82\83\77\82\83\73\73\76\72\72\72\89\87\75\84\73\77\84\73\75\72\81\84\77\81\84\73\73\76\81\81\86\157\73\106\157\91\64\174\136\173\179\162\65\64\120\64\64\64\105\223\240\175\210\197\201\215\181\207\240\231\219\199\172\195\188\209\208\201\204\231\152\221\230\220\130\228\231\219\217\228\152\215\189\224\190\237\236\193\220\210\65\65\145\64\64\64\114\107\83\91\95\170\177\117\126\177\125\126\114\112\125\177\122\68\100\71\96\89\69\97\172\122\93\160\125\120\88\93\95\85\64\71\120\107\97\120\185\69\72\103\82\80\160\116\67\68\85\65\66\13\71\247\64\116\243\5\215\65\47\229\40\82\219\222\85\142\131\40\68\166\138\100\152\44\170\237\166\240\229\247\64\57\12\201\131\99\219\19\47\184\250\96\64\103\36\5\89\29\237\208\15\201\83\1\22\194\65\65\168\64\64\64\133\73\68\136\126\121\119\81\78\92\123\74\74\79\111\152\114\89\147\136\76\71\136\68\71\75\73\68\136\93\70\81\64\125\90\96\110\110\88\105\156\149\67\100\153\68\65\97\100\102\108\121\126\65\82\88\65\128\124\113\94\107\105\153\77\122\125\108\66\96\65\64\82\64\64\64\155\184\126\160\186\159\165\148\185\202\137\172\159\163\177\173\122\122\122\132\125\131\136\123\127\131\136\123\125\122\131\130\127\131\130\123\123\175\123\114\193\196\114\197\198\196\187\192\185\141\114\168\163\177\203\184\198\165\180\180\185\153\130\172\195\143\199\192\203\186\167\196\154\152\152\194\147\134\114\183\192\182\92\190\193\181\179\190\114\202\139\177\65\64\36\64\64\64\148\126\114\136\139\117\151\87\85\141\97\143\112\85\144\141\109\112\114\104\117\122\141\158\148\141\76\120\125\154\103\101\85\137\118\121\104\142\108\138\80\114\140\113\119\102\139\156\91\126\113\117\131\127\76\76\76\87\79\87\77\81\87\77\79\76\87\81\87\77\77\129\77\68\147\150\68\152\133\134\144\137\46\144\147\65\64\106\64\64\64\146\205\203\214\138\196\181\217\187\157\222\222\192\223\186\165\138\206\217\138\214\217\205\203\214\138\201\177\158\214\181\176\193\159\160\167\213\182\155\214\211\179\182\184\174\187\192\211\228\218\211\146\192\187\201\227\208\222\189\204\204\209\177\154\196\219\150\184\210\183\189\172\209\226\161\196\183\187\201\197\146\146\146\65\66\132\69\13\64\109\136\91\146\81\101\146\81\91\76\121\126\101\121\126\81\81\85\81\171\36\70\251\175\25\131\200\200\50\205\20\181\95\231\136\160\251\226\55\141\146\36\125\170\120\182\65\66\248\81\49\64\136\36\87\139\105\36\24\157\193\90\36\74\158\108\243\53\138\38\107\227\24\156\87\24\36\87\139\105\36\24\106\1\2\2\155\74\122\121\55\5\19\4\57\36\241\209\4\38\124\89\174\241\18\104\241\160\240\193\71\242\38\156\207\89\155\91\57\241\228\38\224\21\123\65\65\115\64\64\64\140\177\148\139\68\169\190\162\172\168\91\91\91\70\88\66\70\90\94\66\70\90\88\91\66\68\94\66\68\90\90\174\90\72\83\166\74\177\159\65\181\71\184\158\129\189\176\78\161\138\153\153\128\65\145\130\188\83\150\157\151\121\159\156\144\146\159\83\163\164\166\150\74\149\165\165\181\65\64\230\64\64\64\117\80\35\97\99\240\82\85\73\71\82\6\52\58\83\74\23\42\48\78\53\81\60\51\35\14\14\23\16\23\15\17\14\24\22\19\24\22\15\15\240\82\85\73\71\82\6\73\24\46\92\94\86\93\65\65\29\64\64\64\137\246\244\241\254\38\61\249\242\61\241\242\254\252\241\61\250\207\223\222\200\219\40\209\254\45\32\243\244\241\38\61\254\47\213\235\229\237\234\246\244\241\254\32\250\207\223\222\200\219\40\209\254\45\61\248\243\249\23\241\242\254\252\241\61\209\215\229\219\241\245\250\249\40\65\65\101\64\64\64\115\157\143\94\69\129\138\69\137\138\134\132\137\69\167\128\136\150\156\83\164\159\135\135\88\77\77\84\79\84\76\78\77\87\84\72\87\84\76\76\94\69\169\175\157\163\137\141\130\129\80\157\65\66\120\67\235\64\113\182\47\62\167\191\209\227\26\59\230\158\158\216\167\194\164\150\188\197\161\155\188\216\188\158\35\134\119\122\209\182\155\20\134\14\179\113\41\216\164\197\216\188\197\161\155\188\216\134\65\65\37\64\64\64\141\195\220\232\207\196\17\238\244\208\24\21\30\5\201\199\28\255\240\243\214\207\196\17\255\23\204\246\24\255\195\220\232\207\196\17\238\244\208\5\192\203\193\47\201\202\198\196\201\5\212\236\205\250\211\239\239\235\232\204\245\231\30\5\193\202\5\201\202\198\196\201\5\221\237\210\23\211\65\66\152\85\125\64\138\70\7\183\153\175\217\111\56\221\149\32\99\70\170\170\254\233\53\40\2\153\112\128\91\178\70\70\7\183\56\225\158\204\106\116\179\183\141\116\56\61\7\154\137\141\141\178\229\44\133\136\212\254\187\111\56\204\179\56\116\179\183\141\116\56\212\86\200\166\40\19\6\220\157\65\65\78\64\64\64\126\152\157\164\115\181\149\102\102\102\127\101\127\124\103\99\127\124\103\101\102\124\125\99\124\125\103\103\147\115\127\125\124\98\149\102\102\124\101\127\120\103\99\127\120\103\147\115\102\102\102\124\122\120\101\127\121\103\99\127\121\103\101\65\64\186\64\64\64\123\226\235\234\231\235\234\227\227\55\245\218\11\45\52\39\27\27\236\19\254\51\234\6\8\17\247\6\0\42\16\10\9\240\238\235\16\13\36\218\31\40\30\196\43\3\34\25\48\4\4\8\7\35\10\252\21\11\45\52\65\65\98\64\64\64\108\143\131\131\80\187\166\155\82\174\172\181\185\74\74\83\72\83\75\73\74\80\81\79\80\81\75\75\191\191\95\132\151\140\129\150\139\141\140\74\152\171\173\187\175\65\64\238\64\64\64\125\33\91\37\88\77\94\79\91\100\85\23\248\14\14\62\69\67\83\39\84\68\68\52\88\73\17\62\69\67\83\39\84\68\68\52\88\25\22\22\31\24\31\23\25\22\38\27\38\23\23\75\43\90\36\48\63\32\64\60\94\39\65\66\95\71\247\64\144\38\122\115\80\20\143\150\119\181\94\136\206\122\196\90\224\69\248\111\6\90\153\48\126\165\63\63\129\171\90\27\182\59\101\55\136\76\185\122\10\129\171\90\27\182\59\101\55\136\76\185\122\140\119\119\119\182\140\203\126\154\203\126\140\119\182\217\154\182\217\126\126\165\63\63\115\101\167\73\83\65\65\1\64\64\64\102\233\230\229\52\249\235\60\41\41\41\48\42\48\57\40\44\48\57\40\42\41\48\54\44\48\54\40\40\11\228\239\229\11\240\200\233\222\247\65\64\143\64\64\64\118\217\217\221\220\248\223\209\234\224\2\9\252\240\240\193\232\211\8\191\219\221\230\234\193\236\236\204\245\4\253\242\3\248\254\253\183\184\153\175\175\251\254\242\240\251\175\7\193\192\253\3\1\247\245\65\65\33\64\64\64\137\248\230\236\20\248\246\211\28\244\24\227\205\19\231\21\234\204\211\239\226\9\241\246\244\196\24\199\247\247\231\203\8\43\1\1\205\206\194\192\205\1\217\195\199\18\196\215\21\231\197\202\17\13\215\205\232\217\214\207\242\240\199\216\244\227\213\208\210\17\28\254\228\201\65\66\89\83\91\64\130\139\8\245\196\197\7\103\63\215\35\81\65\15\252\131\245\207\17\235\244\158\16\72\244\206\207\157\131\36\93\157\27\111\73\130\245\92\149\102\197\81\81\148\138\34\148\176\34\148\100\100\157\149\244\27\82\44\252\216\111\168\101\55\177\235\100\65\66\188\81\49\64\130\102\220\220\181\130\220\10\27\112\220\180\62\130\31\113\146\48\98\96\215\236\220\112\164\113\10\220\11\115\199\100\130\129\10\79\112\181\27\10\100\117\232\27\79\45\232\220\215\201\100\100\100\31\14\151\65\117\185\65\117\151\100\253\99\185\253\65\66\228\75\227\64\120\65\167\167\109\136\169\37\15\136\68\26\131\45\156\156\255\21\21\178\255\167\189\156\87\211\87\167\167\200\156\156\255\32\54\178\255\167\189\156\255\244\211\255\244\167\167\200\255\32\54\200\156\156\156\255\32\65\66\206\85\125\64\115\253\85\211\253\43\127\211\253\43\85\22\232\232\127\232\232\43\43\106\22\22\211\18\60\64\211\43\85\22\211\211\127\211\211\43\43\15\165\44\233\40\110\107\207\22\22\211\85\253\43\127\65\66\82\71\247\64\113\183\113\134\71\0\50\14\91\50\70\91\7\249\70\50\140\253\0\207\49\221\141\63\239\50\49\28\50\140\246\106\106\162\120\169\113\127\106\169\204\141\169\204\113\113\50\126\42\21\65\65\74\64\64\64\152\164\106\188\119\188\97\98\98\120\127\124\96\123\99\97\98\123\127\103\123\127\99\99\106\175\164\174\113\106\168\145\163\151\119\185\190\184\163\164\173\100\169\162\171\184\98\188\99\106\175\164\174\113\106\184\175\190\191\184\164\106\190\171\168\166\175\100\169\165\164\169\171\190\98\168\99\106\175\164\174\99\98\99\151\98\188\166\131\65\65\121\64\64\64\132\129\142\151\170\168\159\128\172\187\141\136\138\73\80\89\156\151\157\115\89\89\129\155\159\74\156\143\77\191\157\146\73\81\80\115\89\89\181\179\129\191\149\145\158\157\76\129\147\68\81\81\81\64\64\82\77\80\84\77\80\82\81\76\84\76\80\80\115\65\64\75\64\64\64\120\176\185\175\85\188\148\179\170\193\149\149\153\152\180\155\141\166\115\115\115\123\118\124\130\116\120\124\130\116\118\115\125\124\120\125\124\116\116\168\136\177\192\185\174\191\180\186\185\115\116\85\107\107\151\149\195\65\66\168\69\13\64\135\6\196\176\171\156\177\0\186\217\112\112\112\197\197\127\187\117\137\187\117\127\112\157\157\137\157\157\117\117\218\161\206\156\218\251\176\181\196\161\72\236\226\241\161\72\156\211\218\72\72\181\166\72\36\26\0\6\196\176\171\156\177\0\186\217\217\112\112\112\157\127\65\64\167\64\64\64\113\216\222\208\212\216\222\208\210\207\216\220\212\216\220\208\208\199\27\15\12\21\177\199\199\199\199\10\217\239\29\31\23\30\18\16\19\10\228\9\232\238\221\29\20\224\218\11\232\221\65\66\11\67\235\64\105\236\28\245\7\82\55\158\215\233\67\248\76\13\242\34\41\107\107\107\107\70\61\107\85\88\103\107\52\161\227\109\115\91\112\76\70\79\52\107\103\67\65\64\26\64\64\64\135\127\136\58\102\100\146\96\134\130\129\126\79\146\132\87\66\66\66\83\83\69\75\80\67\71\75\80\67\69\66\75\74\71\75\74\67\67\58\127\134\141\127\58\102\100\146\96\134\130\129\126\79\146\132\87\66\66\76\68\75\67\69\66\76\77\71\76\77\67\67\58\65\64\106\64\64\64\109\207\216\206\116\138\138\207\214\221\207\211\208\138\182\180\226\176\214\210\209\206\159\226\212\167\167\156\138\222\210\207\216\116\138\138\138\138\214\217\205\203\214\138\220\225\65\66\2\69\13\64\147\252\35\76\121\186\85\41\162\246\45\162\30\45\241\231\30\162\106\65\146\35\161\91\166\246\51\55\111\10\221\80\116\116\136\131\15\146\76\201\151\65\100\35\231\231\252\191\86\95\242\126\136\181\201\241\252\106\80\90\50\85\25\15\30\241\232\45\50\211\162\45\60\162\242\211\162\45\60\162\55\111\10\221\65\66\190\81\49\64\114\148\168\168\236\219\183\14\32\201\102\102\102\238\153\67\119\187\67\119\153\102\67\187\67\119\119\235\169\222\80\165\16\251\32\185\150\165\203\134\97\14\251\65\83\82\98\222\115\12\98\65\64\126\64\64\64\105\136\158\158\158\158\240\245\176\235\192\201\214\245\166\225\176\198\244\246\238\245\233\231\234\225\167\136\158\158\227\234\241\227\231\228\158\202\200\246\196\234\65\65\33\64\64\64\145\201\198\197\20\217\203\28\28\18\1\213\201\196\207\43\1\1\1\1\241\246\244\196\24\199\247\247\231\203\250\2\241\246\244\196\24\199\247\247\231\203\10\16\252\28\205\23\227\240\19\243\239\209\24\224\236\237\230\194\241\240\9\194\19\233\215\217\209\214\202\200\205\194\8\43\1\1\1\1\239\245\65\65\111\64\64\64\119\130\139\94\171\165\135\160\132\185\162\82\161\187\130\139\94\171\165\135\160\132\185\162\68\71\71\71\94\68\87\70\66\87\70\68\71\93\93\66\93\93\70\70\101\79\79\79\79\163\165\151\169\131\135\136\65\64\146\64\64\64\102\246\199\10\252\207\186\186\195\188\195\187\189\186\203\191\203\187\187\156\178\178\247\254\5\247\251\248\178\222\220\10\216\254\250\249\246\199\10\65\66\220\87\231\64\116\98\87\87\116\116\116\136\185\67\228\139\231\67\228\139\185\116\67\205\231\67\205\139\139\188\72\52\239\190\194\188\188\188\188\176\130\164\38\144\52\29\216\159\164\98\87\116\116\116\67\185\251\65\66\211\71\247\64\153\242\14\98\242\0\235\49\42\14\49\42\242\242\25\179\179\150\199\248\150\178\157\179\231\217\27\189\199\171\164\143\70\27\185\126\126\84\179\255\171\150\213\25\179\179\179\179\199\129\98\73\38\45\248\185\122\63\73\49\178\24\126\199\129\98\73\38\45\248\185\122\63\73\49\178\24\0\235\235\42\249\42\242\0\235\42\49\14\42\65\64\93\64\64\64\101\143\134\134\103\125\125\125\125\198\195\125\201\191\150\183\178\179\208\199\190\145\183\143\198\176\155\133\133\143\136\145\134\138\145\134\125\209\65\64\6\64\64\64\126\110\107\116\38\82\80\126\76\114\110\109\106\59\126\112\67\46\46\46\55\49\57\47\51\57\47\49\46\55\57\51\55\57\47\47\38\107\114\121\107\38\82\80\126\76\114\110\109\106\59\126\112\67\46\46\61\48\55\47\49\46\55\65\66\251\75\227\64\116\99\234\22\99\190\190\91\82\181\71\105\91\91\82\159\236\82\105\91\91\91\91\49\225\82\38\148\105\91\91\82\181\71\105\91\91\126\93\91\179\85\151\170\71\22\231\41\115\96\148\173\74\65\66\180\87\231\64\110\7\76\76\76\211\165\145\27\73\99\191\27\73\99\145\76\27\50\191\27\50\99\99\99\47\47\76\76\27\73\122\27\99\145\76\27\4\191\27\4\99\99\148\107\150\176\65\66\228\71\247\64\121\196\248\234\44\206\216\188\181\160\87\44\202\143\143\252\252\59\17\59\101\3\31\59\101\3\196\139\230\160\196\216\146\115\90\55\62\9\202\139\80\90\66\195\41\143\143\252\252\52\17\59\94\3\31\59\94\3\65\66\201\71\247\64\128\169\245\161\140\203\169\221\207\17\179\189\161\154\133\60\17\175\116\225\225\74\239\32\232\246\225\88\4\88\232\232\169\140\203\133\15\140\203\133\15\169\169\169\169\144\17\186\158\7\189\42\203\214\116\32\32\39\53\15\169\169\140\189\238\65\64\206\64\64\64\131\51\216\238\238\238\238\48\64\51\47\57\216\238\238\51\60\50\216\238\238\55\52\238\54\59\53\61\49\18\58\39\61\36\66\63\54\12\0\238\47\60\50\238\15\70\21\17\32\58\37\60\25\11\11\4\0\255\238\66\54\51\60\238\15\70\21\17\65\66\137\67\235\64\152\127\205\142\211\106\64\28\28\31\37\233\184\211\181\167\184\211\181\167\233\233\184\205\226\184\196\187\233\1\1\1\151\25\148\121\115\79\229\34\124\91\49\16\151\25\148\121\115\79\229\34\124\91\49\4\10\28\4\64\64\31\4\233\229\193\184\211\167\233\233\233\233\205\214\178\172\205\233\223\220\196\208\34\220\199\94\166\100\65\65\120\64\64\64\139\65\172\69\72\114\88\88\88\88\143\144\145\148\157\88\138\137\145\149\75\137\146\191\167\177\65\172\68\73\88\156\151\88\138\137\145\149\75\137\146\191\167\177\65\172\69\138\137\145\149\75\137\146\191\167\177\65\172\83\73\88\157\150\156\114\88\88\157\148\139\157\114\88\88\88\65\66\170\77\5\64\100\74\38\77\177\151\38\74\116\103\255\51\65\103\12\69\125\95\143\238\195\178\52\130\217\52\26\191\243\178\52\130\217\52\26\191\44\65\64\132\64\64\64\127\164\164\164\164\237\234\164\246\245\237\241\183\245\238\203\227\205\189\216\2\193\180\164\248\236\233\242\164\246\245\237\241\183\245\238\203\227\205\189\216\193\246\245\237\241\183\245\238\203\227\205\189\216\175\181\164\233\242\232\142\164\164\233\65\65\92\64\64\64\70\178\184\86\185\178\184\66"
local m860U0yuhAv={string.byte(PbW81e3wlT,1,#PbW81e3wlT)}
for i=1,#m860U0yuhAv do
  local v=m860U0yuhAv[i]-64
  if v<0 then v=v+256 end
  m860U0yuhAv[i]=v
end
local function C2sDL960K4s(s,p)
  local v=s[p]
  return v,p+1
end
local KfQu3YaVRbQfI={}
do
  local p=1
  while p<=#m860U0yuhAv do
    local op; op,p=C2sDL960K4s(m860U0yuhAv,p)
    if op==2 then
      KfQu3YaVRbQfI[#KfQu3YaVRbQfI+1]={op=op}
    elseif op==1 then
      local m,k,a,ia,lh,ll
      m,p=C2sDL960K4s(m860U0yuhAv,p)
      k,p=C2sDL960K4s(m860U0yuhAv,p)
      a,p=C2sDL960K4s(m860U0yuhAv,p)
      ia,p=C2sDL960K4s(m860U0yuhAv,p)
      lh,p=C2sDL960K4s(m860U0yuhAv,p)
      ll,p=C2sDL960K4s(m860U0yuhAv,p)
      local len=(lh*256)+ll
      local b={}
      for i=1,len do
        b[i],p=C2sDL960K4s(m860U0yuhAv,p)
      end
      KfQu3YaVRbQfI[#KfQu3YaVRbQfI+1]={op=op,m=m,k=k,a=a,ia=ia,b=b}
    else
      break
    end
  end
end
local function __vm_bxor(a,b)
  local r=0
  local bit=1
  while a>0 or b>0 do
    local aa=a%2
    local bb=b%2
    if aa~=bb then r=r+bit end
    a=(a-aa)/2
    b=(b-bb)/2
    bit=bit*2
  end
  return r
end
local function nq2K8yEocr6Vo(e)
  local t={}
  for i=1,#e.b do
    local v
    if e.m==1 then
      v=__vm_bxor(e.b[i],e.k)
    elseif e.m==2 then
      v=((e.b[i]-e.k)*e.ia)%256
      if v<0 then v=v+256 end
    else
      v=e.b[i]-e.k
      if v<0 then v=v+256 end
    end
    t[i]=string.char(v)
  end
  return table.concat(t)
end
local function flNlg4YdMy(t)
  local s={}
  for i=1,#t do s[i]=string.char(t[i]) end
  return table.concat(s)
end
local Uq2GUXaFxB=_G
local FWpphDxlNdSG=function(a,b) return a[b] end
local kL1qlzgB1SzH=Uq2GUXaFxB[flNlg4YdMy({103,101,116,102,101,110,118})]
if kL1qlzgB1SzH then
  Uq2GUXaFxB=kL1qlzgB1SzH()
elseif _ENV then
  Uq2GUXaFxB=_ENV
end
local LZU_aa34TGLu={
  flNlg4YdMy({108,111,97,100}),
  flNlg4YdMy({115,116,114,105,110,103}),
  flNlg4YdMy({116,97,98,108,101}),
  flNlg4YdMy({99,104,97,114}),
  flNlg4YdMy({99,111,110,99,97,116})
}
local YL4bFTFPhpNxJ=FWpphDxlNdSG(Uq2GUXaFxB,LZU_aa34TGLu[1])
local qF1pcF_UZ45=FWpphDxlNdSG(Uq2GUXaFxB,LZU_aa34TGLu[2]) or string
local QS4NGil_81wX=FWpphDxlNdSG(Uq2GUXaFxB,LZU_aa34TGLu[3]) or table
local se0ebafZKCtv_=FWpphDxlNdSG(qF1pcF_UZ45,LZU_aa34TGLu[4])
local AaLX6T0OP=FWpphDxlNdSG(QS4NGil_81wX,LZU_aa34TGLu[5])
local nmcjjyoGy4={}
local c1jd7qR_k=1
local ED_Lf5R7P=nil
local zLEP6cNQiAh=1
local qBMzCqoXwxg=0
local AdEHdZJ0xb5Xo={}
local __vm_op_alias={[1]=141,[2]=249}
AdEHdZJ0xb5Xo[__vm_op_alias[1]]=function(ins)
  nmcjjyoGy4[#nmcjjyoGy4+1]=nq2K8yEocr6Vo(ins)
  c1jd7qR_k=c1jd7qR_k+1
  zLEP6cNQiAh=1
end
AdEHdZJ0xb5Xo[__vm_op_alias[2]]=function()
  local X1aNJBMiWh53L=AaLX6T0OP(nmcjjyoGy4)
  local f79w16C1W5Xkc,ewBiI51Bd=YL4bFTFPhpNxJ(X1aNJBMiWh53L,nil,"t",Uq2GUXaFxB)
  if not f79w16C1W5Xkc then error(ewBiI51Bd) end
  f79w16C1W5Xkc()
  zLEP6cNQiAh=99
end
AdEHdZJ0xb5Xo[0]=function()
  zLEP6cNQiAh=99
end
while true do
  if zLEP6cNQiAh==1 then
    ED_Lf5R7P=KfQu3YaVRbQfI[c1jd7qR_k]
    if not ED_Lf5R7P then zLEP6cNQiAh=99 else zLEP6cNQiAh=2 end
  elseif zLEP6cNQiAh==2 then
    local __h=AdEHdZJ0xb5Xo[__vm_op_alias[ED_Lf5R7P.op] or 0] or AdEHdZJ0xb5Xo[0]
    __h(ED_Lf5R7P)
  elseif zLEP6cNQiAh==3 then
    nmcjjyoGy4[#nmcjjyoGy4+1]=nq2K8yEocr6Vo(ED_Lf5R7P)
    c1jd7qR_k=c1jd7qR_k+1
    zLEP6cNQiAh=1
  elseif zLEP6cNQiAh==4 then
    zLEP6cNQiAh=1
  elseif zLEP6cNQiAh==7 then
    qBMzCqoXwxg=qBMzCqoXwxg+1
    if qBMzCqoXwxg>2 then zLEP6cNQiAh=1 else zLEP6cNQiAh=7 end
  else
    break
  end
  if (c1jd7qR_k%97)==13 and zLEP6cNQiAh==1 and qBMzCqoXwxg==0 then zLEP6cNQiAh=7 end
end